Name,HB116,HB122,HB128,HB129,HB13,HB145,HB151,HB156,HB167,HB172,HB177,HB206,HB23,HB231,HB236,HB241,HB244,HB252,HB253,HB261,HB272,HB277,HB281,HB282,HB291,HB296,HB301,HB305,HB307,HB308,HB309,HB310,HB315,HB319,HB323,HB33,HB330,HB333,HB347,HB359,HB360,HB372,HB375,HB376,HB377,HB387,HB388,HB394,HB396,HB401,HB404,HB408,HB417,HB425,HB443,HB448,HB454,HB469,HB481,HB482,HB484,HB492,HB515,HB516,HB522,HB524,HB525,HB539,HB58,HB60,HB75,HB78,HB95,HB96,HB257,HB100,HB112,HB113,HB119,HB14,HB144,HB153,HB158,HB163,HB173,HB174,HB180,HB183,HB189,HB191,HB192,HB195,HB207,HB222,HB223,HB225,HB226,HB227,HB237,HB239,HB242,HB245,HB246,HB255,HB26,HB262,HB265,HB268,HB269,HB270,HB271,HB276,HB284,HB289,HB293,HB299,HB304,HB306,HB311,HB312,HB318,HB324,HB329,HB337,HB343,HB35,HB351,HB366,HB368,HB38,HB384,HB403,HB410,HB453,HB498,HB50,HB502,HB520,HB67,HB74,HB93,SB10,SB101,SB107,SB116,SB117,SB122,SB128,SB129,SB140,SB146,SB147,SB151,SB153,SB163,SB165,SB17,SB176,SB183,SB189,SB197,wSB2,SB21,SB218,SB238,SB38,SB39,wSB4,SB42,SB50,SB73,SB79,wSB8,SB89
Adkins,Yay,Yay,Yay,Yay,Yay,Yay,Nay,Yay,Yay,Yay,Nay,Yay,Yay,Yay,Yay,Yay,Yay,Yay,Yay,Yay,Yay,Yay,Nay,Yay,Yay,Nay,Yay,Yay,Yay,Yay,Yay,Yay,Yay,Yay,Yay,Yay,Yay,Yay,Yay,Yay,NV,Yay,Yay,Nay,Yay,Yay,Yay,Nay,Yay,Yay,Nay,Yay,Yay,Yay,Yay,Yay,Nay,Yay,Yay,Yay,NV,Yay,Yay,Yay,Yay,Yay,Yay,Yay,Nay,Yay,Yay,Yay,Yay,Yay,Nay,Yay,Yay,Yay,Yay,Yay,Yay,Yay,Yay,Yay,Yay,Nay,Yay,Yay,Yay,Yay,Yay,Yay,Yay,Yay,Nay,Yay,Yay,Yay,Yay,Yay,Nay,Yay,Nay,Yay,Yay,Yay,Yay,Yay,Yay,Yay,Yay,Yay,Yay,Yay,Yay,Nay,Yay,Yay,Yay,Yay,Yay,Nay,Yay,Yay,NV,Yay,Nay,Nay,Yay,Yay,Yay,Nay,Yay,Nay,Yay,Yay,Yay,Nay,Nay,Yay,Yay,Yay,Yay,Nay,Yay,Yay,Yay,Yay,Yay,Yay,Yay,Yay,Nay,Nay,Yay,Yay,Yay,Yay,Yay,Yay,Yay,Yay,Yay,Yay,Yay,Yay,Yay,Nay,Yay,Yay,Yay,Yay,Yay,Yay
Bechler,Yay,Nay,Yay,Yay,Yay,Yay,Yay,Nay,Yay,Yay,Yay,Yay,Yay,Yay,Yay,Yay,Yay,Nay,Yay,Yay,Yay,Yay,Yay,Yay,Yay,Yay,Yay,Yay,Yay,Yay,Yay,Yay,Yay,Yay,Yay,Yay,Yay,Nay,Yay,Yay,Yay,Yay,Yay,Yay,NV,Yay,Yay,Yay,Yay,Yay,Yay,Yay,Yay,Yay,Yay,Yay,Yay,Yay,Yay,Yay,Yay,Yay,Yay,Yay,Yay,Yay,Yay,Yay,Yay,Yay,Yay,Yay,Yay,Yay,Yay,Yay,Yay,Yay,Yay,Yay,Yay,Yay,Yay,Yay,Yay,Nay,Yay,Nay,Yay,Yay,Yay,Yay,Nay,Yay,Yay,Yay,Yay,Yay,Yay,Yay,Yay,Yay,Yay,Yay,Yay,Yay,Yay,Yay,Yay,Yay,Yay,Yay,Yay,Yay,Yay,Yay,Yay,Yay,Yay,Yay,Yay,Yay,Yay,Yay,Yay,Nay,Yay,Yay,Yay,Yay,Yay,Yay,Nay,Yay,Yay,Yay,Yay,Yay,Yay,Yay,Yay,Nay,Yay,Yay,Yay,Yay,Yay,Yay,Yay,Yay,Yay,Yay,Yay,Yay,Yay,Yay,Yay,Yay,Yay,Yay,Yay,Yay,Yay,Yay,Yay,Yay,Yay,Nay,Yay,Yay,Yay,Yay,Yay,Nay
Bentley,Yay,Yay,Yay,Yay,Yay,Yay,Yay,Yay,Yay,Yay,Yay,Yay,Yay,Yay,Yay,Yay,Yay,Yay,Yay,Yay,Yay,Yay,Yay,Yay,Yay,Yay,Yay,Yay,Yay,Yay,Yay,Yay,Yay,Yay,Yay,Yay,Yay,Yay,Yay,Yay,Yay,Yay,Yay,Yay,Yay,Yay,Yay,Yay,Yay,Yay,Yay,Yay,Yay,Yay,Yay,Yay,Yay,Yay,Yay,Yay,Yay,Yay,Yay,Yay,Yay,Yay,Yay,Yay,Yay,Yay,Yay,Yay,Yay,Yay,Yay,Yay,Yay,Yay,Yay,Yay,Yay,Yay,Yay,Yay,Yay,Yay,Yay,Yay,Yay,Yay,Yay,Yay,Yay,Yay,Yay,Yay,Yay,Yay,NV,Yay,Yay,Yay,Yay,Yay,Yay,Yay,Yay,Yay,Yay,Yay,Yay,Yay,Yay,Yay,Yay,Yay,Yay,Yay,Yay,Yay,Yay,Yay,Yay,Yay,Yay,Yay,Yay,Yay,Yay,Yay,Yay,Yay,Yay,Yay,Yay,Yay,Yay,Yay,Yay,Yay,Yay,Yay,Yay,Yay,Yay,Yay,Yay,Yay,Yay,Yay,Yay,Yay,Yay,Yay,Yay,Yay,Yay,Yay,Yay,Yay,Yay,Yay,Yay,Yay,Yay,Yay,Yay,Yay,Yay,Yay,Yay,Yay,Yay,Yay
Benvenuti,Yay,Yay,Yay,Yay,Yay,Yay,Yay,Yay,Yay,Yay,Yay,Yay,Yay,Yay,Yay,Yay,Yay,Yay,Yay,Yay,Yay,Yay,Yay,Yay,Yay,Yay,Yay,Yay,Yay,Yay,Yay,Yay,Yay,NV,Yay,Yay,Yay,Yay,Yay,Yay,NV,Yay,Yay,Yay,Yay,Yay,Yay,Yay,NV,NV,Yay,NV,Yay,Yay,Yay,Yay,Yay,Yay,Yay,Yay,Yay,Yay,Yay,Yay,Yay,NV,Yay,Yay,Yay,Yay,Yay,Yay,NV,Yay,Yay,Yay,Yay,Yay,Yay,Yay,Yay,Yay,Yay,Yay,Yay,Yay,Yay,Yay,Yay,Yay,Yay,Yay,Yay,Yay,Yay,Yay,Yay,Yay,Yay,Yay,Yay,Yay,Yay,Yay,Yay,Yay,Yay,Yay,Yay,Yay,Yay,Yay,Yay,Yay,Yay,Yay,Yay,Yay,Yay,Yay,Yay,Yay,Yay,Yay,Yay,Nay,NV,Yay,Yay,Yay,Yay,Yay,Yay,Yay,Yay,Yay,Yay,NV,Yay,Yay,Yay,Yay,Yay,NV,Yay,Yay,Yay,Yay,Yay,Yay,Yay,Yay,Yay,Yay,Yay,Yay,Yay,Yay,Yay,Yay,Yay,Yay,Yay,Yay,Yay,Yay,Yay,Yay,Yay,Yay,Yay,Yay,Yay,Yay
Blanton,Yay,Yay,Yay,Yay,Yay,Yay,Yay,Yay,Yay,Yay,Yay,Yay,Yay,Yay,Yay,Yay,Yay,Yay,Yay,Yay,Yay,Yay,Yay,Yay,Yay,Nay,Yay,Yay,Yay,Yay,Yay,Yay,Yay,Yay,Yay,Yay,Yay,Yay,Yay,Yay,Yay,Yay,Yay,Yay,Yay,Yay,Yay,Nay,Yay,Yay,Yay,Yay,Yay,Yay,Yay,Yay,Yay,Yay,Yay,Yay,Yay,Yay,Yay,Yay,Yay,Yay,Yay,Yay,Yay,Yay,Yay,Yay,Yay,Yay,Yay,NV,Yay,Yay,Yay,Yay,Yay,Yay,Yay,Yay,Yay,Yay,Yay,Nay,Yay,Yay,Yay,Yay,Yay,Yay,Yay,Yay,Yay,Yay,Yay,Yay,NV,Yay,Yay,Yay,Yay,Yay,Yay,Yay,Yay,Yay,Yay,Yay,Yay,Yay,Yay,Yay,Yay,Yay,Yay,Yay,Yay,Yay,Yay,Yay,Yay,Yay,Yay,Yay,Yay,Yay,Yay,Yay,Yay,Yay,Yay,Yay,Yay,Nay,Yay,Yay,Yay,NV,Yay,Yay,Yay,Yay,Yay,Yay,Yay,Yay,Yay,Yay,Nay,Nay,Yay,Yay,Yay,Yay,Yay,Yay,Yay,Yay,Yay,Yay,Yay,Yay,Yay,Yay,Yay,Yay,Yay,Yay,Yay,Yay
Bratcher,Yay,NV,Yay,Yay,Yay,Yay,Yay,Yay,Yay,Yay,Yay,Yay,Yay,Yay,Yay,Yay,Yay,Yay,Yay,Yay,Yay,Yay,Yay,Yay,Yay,Yay,Yay,Yay,Yay,Yay,NV,Yay,Yay,Yay,Yay,Yay,Yay,Yay,Yay,Yay,Yay,Yay,Yay,Yay,Yay,Yay,Yay,Yay,Yay,Yay,Yay,Yay,Yay,Yay,Yay,Yay,Yay,Yay,Yay,Yay,Yay,Yay,Yay,Yay,Yay,Yay,Yay,Yay,Yay,Yay,Yay,Yay,Yay,Yay,Yay,Yay,Yay,Yay,Yay,Yay,Yay,Yay,Yay,Yay,Yay,Yay,Yay,Yay,Yay,Yay,Yay,Yay,Yay,Yay,Yay,Yay,Yay,Yay,Yay,Yay,Yay,Yay,Yay,Yay,Yay,Yay,Yay,Yay,Yay,Yay,Yay,Yay,Yay,Yay,Yay,Yay,Yay,Yay,Yay,Yay,Yay,Yay,Yay,Yay,Yay,Yay,NV,Yay,Yay,Yay,Yay,Yay,NV,Yay,Yay,Yay,Yay,Yay,Yay,Yay,Yay,Yay,Yay,Yay,Yay,Yay,Yay,Yay,Yay,Yay,Yay,Yay,Yay,Yay,Yay,Yay,Yay,Yay,Yay,Yay,Yay,Yay,Yay,Yay,Yay,Yay,Yay,Yay,Yay,Yay,Yay,Yay,Yay,Yay
Brown G,Yay,Yay,Nay,Yay,Yay,Yay,Nay,Yay,Yay,Yay,Nay,Yay,Yay,Yay,Yay,Yay,Yay,Yay,Yay,Yay,Yay,Nay,Nay,Yay,Yay,Nay,Yay,Yay,Yay,Yay,Nay,Yay,Nay,Nay,Yay,Yay,Nay,Yay,Yay,Yay,Yay,Yay,Yay,Nay,Nay,Yay,Yay,Nay,Yay,Yay,Nay,Yay,Yay,NV,Yay,Yay,Nay,Yay,Yay,Nay,Nay,Yay,Nay,Yay,Yay,Yay,Yay,Yay,Nay,Yay,Yay,Yay,Yay,Yay,Nay,Nay,Yay,Yay,Yay,Nay,Yay,Yay,Yay,Yay,Yay,Nay,Yay,Yay,Yay,Yay,Yay,Yay,Yay,Yay,Nay,Yay,Yay,Yay,Yay,Yay,Nay,Yay,Nay,Yay,Yay,Yay,Yay,Yay,Yay,Yay,Yay,Yay,Yay,Yay,Nay,Nay,Yay,Yay,Yay,Yay,Yay,Nay,Yay,Yay,Nay,Yay,Nay,Nay,Yay,Yay,Yay,Nay,Yay,Nay,Yay,Nay,Yay,Nay,Nay,NV,Yay,Yay,Yay,Nay,Yay,Yay,Yay,Yay,Yay,Yay,Yay,Yay,Nay,Nay,Yay,Yay,Nay,Yay,Yay,Yay,Yay,Yay,Nay,Yay,Yay,Yay,Yay,Nay,Yay,Yay,Yay,Nay,Nay,Yay
Brown L,Yay,Yay,Yay,Yay,Yay,Yay,Yay,Yay,Yay,Yay,Yay,Yay,Yay,Yay,Yay,Yay,Yay,Yay,Yay,Yay,Yay,Yay,Yay,Yay,Yay,Nay,Yay,Yay,Yay,Yay,Yay,Yay,Yay,Yay,Yay,Yay,Yay,Yay,Yay,Yay,Yay,Yay,Yay,Yay,Yay,Yay,Yay,Yay,Yay,Yay,Yay,Yay,Yay,Yay,Yay,Yay,Yay,Yay,Yay,Yay,Yay,Yay,Yay,Yay,Yay,Yay,Yay,Yay,Yay,Yay,Yay,Yay,Yay,Yay,NV,NV,Yay,Yay,Yay,Yay,Yay,Yay,Yay,Yay,Yay,Yay,Yay,Nay,Yay,Yay,Yay,Yay,Yay,Yay,Yay,Yay,Yay,Yay,Yay,Yay,Yay,Yay,Yay,Yay,Yay,Yay,Yay,Yay,Yay,Yay,Yay,Yay,Yay,Yay,Yay,Yay,Yay,Yay,Yay,Yay,Yay,Yay,Yay,Yay,Yay,Yay,Yay,Yay,Yay,Yay,Yay,Yay,Yay,Yay,Yay,Yay,Yay,Nay,Yay,Yay,Yay,Nay,Yay,Yay,Yay,Yay,Yay,Yay,Yay,Yay,Yay,Yay,Yay,Yay,Yay,Yay,Yay,Yay,Yay,Yay,Yay,Yay,Yay,Yay,Yay,Yay,Yay,Yay,Yay,Yay,Yay,Yay,Yay,Yay
Bunch,Yay,Yay,Yay,Yay,Yay,Yay,Yay,Yay,Yay,Yay,Yay,Yay,Yay,Yay,Yay,Yay,Yay,Yay,Yay,Yay,Yay,Yay,Yay,Yay,Yay,Yay,Yay,Yay,Yay,Yay,Yay,Yay,Yay,Yay,Yay,Yay,Yay,Yay,Yay,Yay,Yay,Yay,Yay,Yay,Yay,Yay,Yay,Yay,Yay,Yay,Yay,Yay,Yay,Yay,Yay,Yay,Yay,Yay,Yay,Yay,NV,Yay,Yay,Yay,Yay,Yay,Yay,Yay,Yay,Yay,Yay,Yay,Yay,Yay,Nay,Nay,Yay,Yay,Yay,Yay,Yay,Yay,Yay,Yay,Yay,Yay,Yay,Nay,Yay,Yay,Yay,Yay,Yay,Yay,Yay,Yay,Yay,Yay,Yay,Yay,Yay,Yay,Yay,Yay,Yay,Yay,Yay,Yay,Yay,Yay,Yay,Yay,Yay,Yay,Yay,Yay,Yay,Yay,Yay,Yay,Yay,Yay,Yay,Yay,Yay,Yay,Yay,Yay,Yay,Yay,Yay,Yay,Yay,Yay,Yay,Yay,Yay,Yay,Yay,Yay,Yay,Yay,Yay,NV,Yay,Yay,Yay,Yay,Yay,Yay,Yay,Yay,Yay,Yay,Yay,Yay,Yay,Yay,Yay,Yay,Yay,Yay,Yay,Yay,Yay,Yay,Yay,Yay,Yay,Yay,Yay,Yay,Yay,NV
Burch,Yay,Yay,Nay,NV,Yay,Yay,Nay,Yay,Yay,Yay,Yay,Yay,Yay,Yay,Yay,Yay,Yay,Yay,Yay,Yay,Yay,Yay,Nay,Yay,Yay,Nay,Yay,Yay,Yay,Yay,NV,Yay,Yay,NV,Yay,Yay,Nay,Yay,Yay,Yay,NV,Yay,NV,Yay,Nay,Yay,Yay,NV,NV,Yay,Nay,NV,Nay,Yay,Yay,Yay,Nay,Yay,Yay,Yay,NV,Yay,Yay,Yay,Yay,NV,Yay,Yay,Nay,Yay,Yay,Yay,Yay,Yay,Nay,Nay,Nay,Yay,Yay,NV,Yay,Yay,Yay,Yay,Yay,Nay,Yay,Nay,Yay,Yay,Yay,Yay,Yay,Yay,Nay,Yay,Yay,Yay,Yay,Yay,Nay,Yay,NV,Yay,NV,Yay,Yay,Yay,Yay,NV,Yay,Yay,NV,Yay,Nay,Yay,Yay,Yay,Yay,Yay,Yay,Nay,Yay,Yay,NV,Yay,NV,Yay,Nay,Yay,Yay,Yay,Yay,NV,Yay,Yay,Yay,Nay,Yay,Yay,Yay,Yay,Yay,Nay,Yay,Yay,Yay,Yay,Yay,Yay,Yay,Yay,Nay,Nay,Yay,Yay,Nay,Yay,Yay,Yay,Yay,Yay,Yay,Yay,Yay,Yay,Yay,Nay,Yay,Nay,Yay,Yay,Nay,Yay
Cantrell,Yay,Yay,Nay,Yay,Yay,Yay,Nay,Yay,Yay,Yay,Yay,Yay,Yay,Yay,Yay,Yay,Yay,Yay,Yay,Yay,Yay,Nay,Nay,Yay,Yay,Nay,Yay,Yay,Yay,Yay,Yay,Yay,Yay,Yay,Yay,Yay,Yay,Yay,Yay,Yay,Yay,Yay,Yay,Yay,Nay,Yay,Yay,Nay,Yay,Yay,Nay,Yay,Yay,Yay,Yay,Yay,Yay,Yay,Yay,Yay,Nay,Yay,Yay,Yay,Yay,Yay,Yay,Yay,Nay,Yay,Nay,Yay,Yay,Yay,Yay,Yay,Yay,Yay,Yay,Nay,Yay,Yay,Yay,Yay,Yay,Yay,Yay,Yay,Yay,Yay,Yay,Yay,Yay,Yay,Nay,Yay,Yay,Yay,Yay,Yay,Nay,Yay,Nay,Yay,Yay,Yay,Yay,Yay,Yay,NV,Yay,Yay,Yay,Yay,Nay,Nay,Yay,Yay,Yay,Yay,Yay,Nay,Yay,Yay,Yay,Yay,Yay,Yay,Nay,Yay,Yay,Nay,Yay,Yay,Yay,Nay,Yay,Nay,Nay,Yay,Yay,Yay,Yay,Yay,Yay,Yay,Yay,Yay,Yay,Yay,Yay,Yay,Nay,Yay,Yay,Yay,NV,Yay,Yay,Yay,Yay,Yay,Yay,Yay,Yay,Yay,Yay,Nay,Yay,Nay,Yay,Nay,Nay,Yay
Carney,Yay,Yay,Yay,Yay,Yay,Yay,Yay,NV,Yay,Yay,Yay,Yay,Yay,Yay,Yay,Yay,Yay,Yay,Yay,Yay,Yay,NV,Yay,Yay,Yay,Yay,NV,Yay,Yay,Yay,Yay,Yay,Yay,Yay,Yay,Yay,NV,Yay,Yay,Yay,Yay,NV,Yay,NV,Yay,NV,Yay,Yay,Yay,Yay,Yay,Yay,Yay,NV,Yay,Yay,Yay,NV,Yay,Yay,Yay,Yay,NV,Yay,Yay,Yay,Yay,Yay,Yay,Yay,Yay,NV,Yay,Yay,Yay,NV,Yay,Yay,Yay,Yay,Yay,Yay,Yay,Yay,Yay,Yay,Yay,Yay,Yay,Yay,Yay,Yay,Yay,NV,Yay,Yay,Yay,Yay,Yay,Yay,Yay,Yay,Yay,Yay,Yay,Yay,Yay,NV,Yay,Yay,NV,Yay,NV,Yay,NV,NV,Yay,NV,Yay,Yay,Yay,Yay,Yay,Yay,NV,Yay,Yay,NV,NV,Yay,Yay,NV,Yay,NV,Yay,NV,NV,Yay,Yay,Yay,Yay,NV,Yay,NV,Yay,Yay,Yay,Yay,Yay,Yay,Yay,Yay,Yay,Yay,Yay,Yay,Yay,Yay,Yay,Yay,Yay,Yay,Yay,Yay,Yay,Yay,Yay,Yay,Yay,Yay,Yay,Yay,Yay,Yay
Castlen,Yay,Yay,Yay,Yay,Yay,Yay,Yay,Yay,Yay,Yay,Nay,Yay,Yay,Yay,Yay,Yay,Yay,Yay,Yay,Yay,Yay,Yay,Yay,Yay,Yay,Yay,Yay,Yay,Yay,Yay,Yay,Yay,Yay,Yay,Yay,Yay,Yay,Yay,Yay,Yay,Yay,Yay,Yay,Yay,Yay,Yay,Yay,Yay,Yay,Yay,Yay,Yay,Yay,Yay,Yay,Yay,Yay,Yay,Yay,Yay,Yay,Yay,Yay,Yay,Yay,Yay,Yay,Yay,Yay,Yay,Yay,Yay,Yay,Yay,Yay,NV,Yay,Yay,Yay,Yay,Yay,Yay,Yay,Yay,Yay,Yay,Yay,Nay,Yay,Yay,Yay,Yay,Yay,Yay,Yay,Yay,Yay,Yay,Yay,Yay,Yay,Yay,Yay,Yay,Yay,Yay,Yay,Yay,Yay,Yay,Yay,Yay,Yay,Yay,Yay,Yay,Yay,Yay,Yay,Yay,Yay,Yay,Yay,Yay,Yay,Yay,Yay,Yay,Yay,Yay,Yay,Yay,Yay,Yay,Yay,Yay,Yay,Yay,Yay,Yay,Yay,Yay,Yay,Yay,Yay,Yay,Yay,Yay,Yay,Yay,Yay,Yay,Yay,Yay,Yay,Yay,Yay,Yay,Yay,Yay,Yay,Yay,Yay,Yay,Yay,Yay,Yay,Yay,Yay,Yay,Yay,Yay,Yay,Yay
Couch,Yay,Yay,Yay,NV,Yay,Yay,Yay,Yay,Yay,Yay,Yay,Yay,NV,Yay,NV,Yay,Yay,NV,Yay,Yay,NV,Yay,NV,NV,Yay,Nay,Yay,Yay,Yay,Yay,NV,Nay,NV,Yay,Yay,Yay,Yay,NV,NV,Yay,Yay,Yay,NV,Yay,Yay,Yay,Yay,NV,Yay,Yay,Yay,Yay,Yay,Yay,Yay,Yay,Yay,Yay,Yay,Yay,NV,Yay,Yay,Yay,Yay,Yay,Yay,Yay,Yay,NV,Yay,Yay,Yay,Yay,Nay,Nay,Yay,Yay,Yay,Yay,Yay,Yay,Yay,Yay,Yay,Yay,Yay,Nay,Yay,Yay,Yay,Yay,Yay,Yay,Yay,Yay,Yay,Yay,Yay,Yay,Yay,Yay,Yay,Yay,Yay,Yay,Yay,Yay,Yay,Yay,Yay,Yay,Yay,Yay,Yay,Yay,Yay,Yay,Yay,Yay,Yay,Yay,Yay,NV,Yay,Nay,Yay,Yay,Yay,Yay,Yay,Yay,Yay,Yay,NV,Yay,Yay,Nay,Yay,Yay,Yay,Yay,Yay,Yay,Yay,Yay,Yay,Yay,Yay,NV,Yay,Yay,Yay,Yay,Yay,Yay,Yay,Yay,Yay,Yay,Yay,Yay,Yay,Yay,Yay,Yay,Yay,Nay,Yay,Yay,Yay,Yay,Yay,Yay
Coursey,NV,Yay,Yay,Yay,Yay,Yay,Nay,NV,Yay,Yay,Nay,Yay,Yay,Yay,Nay,Yay,Yay,Yay,Yay,Yay,Yay,NV,Nay,Yay,Yay,Nay,NV,Yay,Yay,Yay,Yay,Yay,Yay,Yay,Yay,Yay,NV,Yay,Yay,NV,Yay,NV,NV,NV,Yay,NV,Yay,Nay,Yay,Yay,Nay,Yay,Yay,Yay,Yay,Yay,Yay,Yay,Yay,Yay,NV,Yay,NV,Yay,Yay,Yay,Yay,Yay,Nay,Yay,Yay,NV,Yay,Yay,Nay,NV,Nay,Yay,Yay,NV,Yay,Yay,Yay,Yay,Yay,Yay,NV,Yay,Yay,Yay,NV,Yay,Yay,NV,Nay,Yay,Yay,Yay,Yay,Yay,Nay,Yay,Nay,Yay,NV,Yay,Yay,NV,Yay,Yay,NV,Yay,NV,Yay,NV,NV,Yay,NV,Yay,Yay,Yay,Nay,Yay,Yay,NV,NV,Yay,NV,NV,Yay,Yay,NV,Yay,NV,Yay,NV,NV,Nay,Yay,Yay,Yay,Yay,Yay,Nay,Yay,Yay,Yay,Yay,Yay,Yay,Yay,Yay,NV,Yay,Yay,Yay,Yay,Yay,Yay,Yay,Yay,Yay,Yay,Yay,Yay,Yay,Yay,Nay,Yay,Yay,Yay,Yay,Yay,Yay
DeCesare,Yay,Yay,Yay,Yay,Yay,Yay,Yay,Yay,Yay,Yay,Yay,Yay,Yay,Yay,Yay,Yay,Yay,Yay,Yay,Yay,Yay,Yay,Yay,Yay,Yay,Yay,Yay,Yay,Yay,Yay,Yay,Yay,Yay,Yay,Yay,Yay,Yay,Yay,Yay,Yay,Yay,Yay,Yay,Yay,Yay,Yay,Yay,Yay,Yay,Yay,Yay,Yay,Yay,Yay,Yay,Yay,Yay,Yay,Yay,Yay,Yay,Yay,Yay,Yay,Yay,Yay,Yay,Yay,Yay,Yay,Yay,Yay,Yay,Yay,Yay,Yay,Yay,Yay,Yay,Yay,Yay,Yay,Yay,Yay,Yay,Yay,Yay,Yay,Yay,Yay,Yay,Yay,Yay,Yay,Yay,Yay,Yay,Yay,Yay,Yay,Yay,Yay,Yay,Yay,Yay,Yay,Yay,Yay,Yay,Yay,Yay,Yay,Yay,Yay,Yay,Yay,Yay,Yay,Yay,Yay,Yay,Yay,Yay,Yay,Yay,Yay,Yay,Yay,Yay,Yay,Yay,Yay,Yay,Yay,Yay,Yay,Yay,Yay,Yay,Yay,Yay,Yay,Yay,Yay,Yay,Yay,Yay,Yay,Yay,Yay,Yay,Yay,Yay,Yay,Yay,Yay,Yay,Yay,Yay,Yay,Yay,Yay,Yay,Yay,Yay,Yay,Yay,Yay,Yay,Yay,Yay,Yay,Yay,Yay
Donohue,Yay,Yay,Nay,Yay,Yay,Yay,Nay,Yay,Yay,Yay,Nay,Yay,Yay,Yay,Yay,Yay,Yay,Yay,Yay,Yay,Yay,Nay,Nay,Yay,Yay,Nay,Yay,Yay,Yay,Yay,Nay,Yay,Yay,Nay,Yay,Yay,Nay,Yay,Yay,Yay,Nay,Yay,Yay,Nay,Nay,Yay,Yay,Nay,Yay,Yay,Nay,Yay,Nay,Yay,Yay,Yay,Nay,Yay,Yay,Yay,Nay,Yay,Nay,Yay,Yay,Yay,Yay,Yay,Nay,Yay,Nay,Yay,Yay,Yay,Nay,Nay,Nay,Yay,Yay,Nay,Yay,Yay,Yay,Yay,Yay,Nay,Yay,Nay,Yay,Yay,Yay,Yay,Yay,Yay,Nay,Yay,Nay,Yay,Yay,Yay,Nay,Yay,Nay,Yay,Yay,Yay,Yay,Yay,Yay,Yay,Yay,Yay,Yay,Yay,Nay,Nay,Yay,Nay,Yay,Yay,Yay,Nay,Yay,Yay,Nay,Nay,Nay,Nay,Nay,Yay,Yay,Nay,Nay,Nay,Yay,Nay,Nay,Nay,Nay,Yay,Yay,Nay,Yay,Nay,Yay,Nay,Yay,Yay,Yay,Yay,Yay,Yay,Nay,Nay,Yay,Nay,Nay,Yay,Yay,Yay,Yay,Yay,Yay,NV,Yay,Yay,Yay,Nay,Yay,Nay,Yay,Nay,Nay,Yay
Dossett,Yay,Yay,Yay,Yay,Yay,Yay,Yay,Yay,Yay,Yay,Yay,Yay,Yay,Yay,Yay,Yay,Yay,Nay,Yay,Yay,Yay,Yay,Yay,Yay,Yay,Yay,Yay,Yay,Yay,Yay,Yay,Yay,Yay,Yay,Yay,Yay,Yay,Yay,Yay,Yay,Yay,Yay,Yay,Yay,Yay,Yay,Yay,Yay,Yay,Yay,Yay,Yay,Yay,Yay,Yay,Yay,Yay,Yay,Yay,Yay,Yay,Yay,Yay,Yay,Yay,Yay,Yay,Yay,Yay,Yay,Yay,Yay,Yay,Yay,Yay,Yay,Yay,Yay,Yay,Yay,Yay,Yay,Yay,Yay,Yay,Yay,Yay,Yay,Yay,Yay,Yay,Yay,Yay,Yay,Yay,Yay,Yay,Yay,Yay,Yay,Yay,Yay,Yay,Yay,Yay,Yay,Yay,Yay,Yay,Yay,Yay,Yay,Yay,Yay,Yay,Yay,Yay,Yay,Yay,Yay,Yay,Yay,Yay,Yay,Yay,Yay,Yay,Yay,Yay,Yay,Yay,Yay,Yay,Yay,Yay,Yay,Yay,Yay,Yay,Yay,Yay,Yay,Yay,Yay,Yay,Yay,Yay,Yay,Yay,Yay,Yay,Yay,Yay,Yay,Yay,Yay,Yay,Yay,Yay,Yay,Yay,Yay,Yay,Yay,Yay,Yay,Yay,Yay,Yay,Yay,Yay,Yay,Yay,Yay
DuPlessis,Yay,Yay,Yay,Yay,Yay,Yay,Yay,Yay,Yay,Yay,Yay,Yay,Yay,Yay,Yay,Yay,Yay,Yay,Yay,Yay,Yay,Yay,Yay,Yay,Yay,Yay,Yay,Yay,Yay,Yay,Yay,Yay,Yay,Yay,Yay,Yay,Yay,Yay,Yay,Yay,Yay,Yay,Yay,Yay,Yay,Yay,Yay,NV,Yay,Yay,Yay,Yay,Yay,Yay,Yay,Yay,Yay,Yay,Yay,Yay,Yay,Yay,Yay,Yay,Yay,Yay,Yay,Yay,NV,Yay,Yay,Yay,Yay,Yay,Yay,Yay,Yay,Yay,Yay,Yay,Yay,Yay,Yay,Yay,Yay,Yay,Yay,Yay,Yay,Yay,Yay,Yay,Yay,Yay,Yay,Yay,Yay,Yay,Yay,Yay,Yay,Yay,Yay,Yay,Yay,Yay,Yay,Yay,Yay,Yay,Yay,Yay,Yay,Yay,Yay,Yay,Yay,Yay,Yay,Yay,Yay,Yay,Yay,Yay,Yay,Yay,Yay,Yay,Yay,Yay,Yay,Yay,Yay,Yay,Yay,Yay,Yay,Yay,Yay,Yay,Yay,Yay,Yay,Yay,Yay,Yay,Yay,Yay,Yay,Yay,Yay,Yay,Yay,Yay,Yay,Yay,Yay,Yay,Yay,Yay,Yay,Yay,Yay,Yay,Yay,Yay,Yay,Yay,Yay,Yay,Yay,Yay,Yay,Yay
Elliott,Yay,Yay,Yay,Yay,Yay,Yay,Yay,Yay,Yay,Yay,Yay,Yay,Yay,Yay,Yay,Yay,Yay,Yay,Yay,NV,Yay,Yay,Yay,Yay,Yay,Yay,Yay,Yay,Yay,NV,Yay,Yay,Yay,Yay,Yay,Yay,Yay,Yay,Yay,Yay,Yay,Yay,Yay,Yay,Yay,Yay,Yay,Yay,Yay,Yay,Yay,Yay,Yay,Yay,Yay,Yay,Yay,Yay,Yay,Yay,Yay,Yay,Yay,Yay,Yay,Yay,Yay,Yay,Yay,Yay,Yay,Yay,Yay,Yay,Yay,Nay,Yay,Yay,Yay,Yay,Yay,Yay,Yay,Yay,Yay,Yay,Yay,Nay,Yay,Yay,Yay,Yay,Yay,Yay,Yay,Yay,Yay,Yay,Yay,Yay,Yay,Yay,Yay,Yay,Yay,Yay,Yay,Yay,Yay,Yay,Yay,Yay,Yay,Yay,Yay,Yay,Yay,Yay,Yay,Yay,Yay,Yay,Yay,Yay,Yay,Yay,Yay,NV,Yay,Yay,Yay,Yay,Yay,Yay,Yay,Yay,Yay,Yay,Yay,Yay,Yay,Nay,Yay,Yay,Yay,Yay,Yay,Yay,Yay,Yay,Yay,Yay,Yay,Yay,Yay,Yay,Yay,Yay,Yay,Yay,Yay,Yay,Yay,Yay,Yay,Yay,Yay,Nay,Yay,Yay,Yay,Yay,Yay,Yay
Fischer,Yay,Nay,Yay,Yay,Yay,Yay,Yay,Yay,Yay,Yay,Yay,Yay,Yay,Yay,Yay,Yay,Yay,Yay,Yay,Yay,Yay,Yay,Yay,Yay,Yay,Yay,Yay,Yay,Yay,Yay,Yay,Yay,Yay,NV,Yay,Yay,Yay,Yay,Yay,Yay,NV,Yay,Yay,Yay,NV,Yay,Yay,Yay,NV,Yay,Yay,NV,Yay,Yay,Yay,Yay,Yay,Yay,Yay,Yay,Yay,Yay,Yay,Yay,Yay,NV,Yay,Yay,Yay,Yay,Yay,Yay,Yay,Yay,Yay,Yay,Yay,Yay,Yay,Yay,Yay,Yay,Yay,Yay,Yay,Yay,Yay,Yay,Yay,Yay,Yay,Yay,Yay,Yay,Yay,Yay,Yay,Yay,Yay,Yay,Yay,Yay,Yay,Yay,Yay,Yay,Yay,Yay,Yay,Yay,Yay,Yay,Yay,Yay,Yay,Yay,Yay,Yay,Yay,Yay,Yay,Yay,Yay,Yay,Yay,Nay,NV,Yay,Yay,Yay,Yay,Yay,Nay,Yay,Yay,Yay,Yay,Yay,Yay,Yay,Yay,Yay,Yay,Yay,Yay,Yay,Yay,Yay,Yay,Yay,Yay,Yay,Yay,Yay,Yay,Yay,Yay,Yay,Yay,Yay,Yay,Yay,Yay,Yay,Yay,Yay,Yay,Yay,Yay,Yay,Yay,Yay,Yay,Yay
Fleming,Yay,Yay,Yay,Yay,Yay,Yay,Yay,Yay,Yay,Yay,Yay,Yay,Yay,Yay,Yay,Yay,Yay,Yay,Yay,Yay,Yay,Yay,Yay,Yay,Yay,Yay,Yay,Yay,Yay,Yay,Yay,Yay,Yay,Yay,Yay,Yay,Yay,Yay,Yay,Yay,Yay,Yay,Yay,Yay,Yay,Yay,Yay,Yay,Yay,Yay,Yay,Yay,Yay,Yay,Yay,Yay,Yay,Yay,Yay,Yay,Yay,Yay,Yay,Yay,Yay,Yay,Yay,Yay,Yay,Yay,Yay,Yay,Yay,Yay,Yay,Yay,Yay,Yay,Yay,Yay,Yay,Yay,Yay,Yay,Yay,Yay,Yay,Yay,Yay,Yay,Yay,Yay,Yay,Yay,Yay,Yay,Yay,Yay,Yay,Yay,Yay,Yay,Yay,Yay,Yay,Yay,Yay,Yay,Yay,Yay,Yay,Yay,Yay,Yay,Yay,Yay,Yay,Yay,Yay,Yay,Yay,Yay,Yay,Yay,Yay,Yay,Yay,Yay,Yay,Yay,Yay,Yay,Yay,Yay,Yay,Yay,Yay,Yay,Yay,Yay,Yay,Yay,Yay,Yay,Yay,Yay,Yay,Yay,Yay,Yay,Yay,Yay,Yay,Yay,Yay,Yay,Yay,Yay,Yay,Yay,Yay,Yay,Yay,Yay,Yay,Yay,Yay,Yay,Yay,Yay,Yay,Yay,Yay,Yay
Flood,Yay,Yay,Nay,Yay,NV,Yay,Nay,Yay,NV,Yay,Yay,Yay,Yay,Yay,Yay,Yay,Yay,Yay,Yay,Yay,Yay,Nay,Nay,Yay,Yay,Nay,Yay,NV,Yay,Yay,Yay,Yay,Nay,NV,NV,Yay,Nay,Yay,Yay,Yay,NV,Yay,Yay,Yay,Yay,Yay,NV,Nay,NV,NV,Nay,NV,Yay,Nay,NV,NV,NV,NV,Yay,NV,Nay,Yay,Yay,NV,NV,NV,Yay,NV,Nay,Yay,Nay,Yay,NV,Yay,Nay,Yay,Yay,Yay,Yay,Nay,Yay,Yay,Yay,Yay,Yay,Yay,Yay,Nay,Yay,Yay,Yay,Yay,Yay,Yay,Nay,Yay,Nay,Yay,Yay,Yay,Nay,Yay,Nay,Yay,Yay,Yay,Yay,Yay,Yay,Yay,Yay,Yay,NV,Yay,Nay,Nay,Yay,Yay,Yay,Yay,Nay,Nay,Yay,Yay,Yay,Yay,NV,Yay,Nay,Yay,NV,NV,Yay,NA,Yay,Nay,Yay,Nay,Nay,Yay,Yay,Yay,Yay,Nay,NV,NV,Yay,Yay,Yay,Yay,Yay,Nay,NV,Nay,Yay,Yay,NV,Yay,Yay,Yay,Yay,Yay,Nay,Yay,Yay,Yay,Yay,Nay,NV,Nay,Yay,NV,Nay,Yay
Fugate,Yay,Yay,Yay,NV,Yay,Yay,Yay,Yay,Yay,Yay,Yay,Yay,Yay,Yay,Yay,NV,Yay,Yay,Yay,Yay,Yay,Yay,Yay,NV,Yay,NV,Yay,Yay,Yay,Yay,NV,Yay,Yay,Yay,Yay,Yay,Yay,Yay,Yay,Yay,Yay,Yay,NV,Yay,Yay,Yay,Yay,NV,Yay,Yay,Yay,Yay,Yay,Yay,Yay,Yay,Yay,Yay,Yay,Yay,NV,Yay,Yay,Yay,Yay,Yay,Yay,Yay,Yay,Yay,Yay,Yay,Yay,Yay,NV,Nay,Yay,Yay,NV,Yay,Yay,Yay,Yay,Yay,Yay,Yay,Yay,Nay,Yay,Yay,Yay,Yay,Yay,Yay,NV,Yay,Yay,NV,NV,Yay,NV,Yay,Yay,Yay,Yay,Yay,NV,Yay,Yay,Yay,Yay,Yay,Yay,NV,Yay,Yay,Yay,Yay,NV,Yay,Yay,NV,Yay,Yay,Yay,Yay,Yay,Yay,Yay,NV,Yay,Yay,Yay,Yay,Yay,Yay,Yay,Nay,Yay,Yay,Yay,Nay,Yay,Yay,Yay,Yay,Yay,Yay,Yay,Yay,Yay,Yay,Yay,Nay,Yay,Yay,Yay,Yay,Yay,Yay,Yay,Yay,Yay,Nay,Yay,Yay,Yay,NV,Yay,Yay,Yay,Yay,Yay,Yay
Gentry,Yay,Yay,Yay,Yay,Yay,Yay,Nay,Yay,Yay,Yay,Yay,Yay,Yay,Yay,Yay,Yay,Yay,Yay,Yay,Yay,Yay,Yay,Nay,Yay,Yay,Nay,Yay,Yay,Yay,Yay,Nay,Yay,Yay,Yay,Yay,Yay,Yay,Yay,Yay,Yay,Yay,Yay,Yay,Yay,Yay,Yay,Yay,Nay,Yay,Yay,Nay,Yay,NV,Yay,Yay,Yay,Yay,Yay,Yay,Yay,Yay,Yay,Yay,Yay,Yay,Yay,Yay,Yay,Nay,Yay,Yay,Yay,Yay,Yay,Nay,Yay,Yay,Yay,Yay,Yay,Yay,Yay,Yay,Yay,Yay,Yay,Yay,Yay,Yay,Yay,Yay,Yay,Yay,Yay,Nay,Yay,Yay,Yay,Yay,Yay,Nay,Yay,Nay,Yay,Yay,Yay,Yay,Yay,Yay,Yay,Yay,Yay,Yay,Yay,Yay,NV,Yay,Yay,Yay,Yay,Yay,Nay,Yay,Yay,Nay,Yay,Nay,Yay,Yay,Yay,NV,Nay,Yay,Yay,Yay,Yay,Yay,Nay,Yay,NV,Yay,Yay,Yay,Nay,Yay,Yay,Yay,Yay,Yay,Yay,Yay,Yay,NV,Nay,Yay,Yay,NV,Yay,Yay,Yay,Yay,Yay,Yay,Yay,Yay,Yay,Yay,Nay,NV,Yay,Yay,Yay,Yay,Yay
Gooch,Yay,Yay,Yay,Yay,Yay,Yay,Yay,Yay,Yay,Yay,Yay,Yay,Yay,Yay,Yay,Yay,Yay,Yay,Yay,NV,Yay,Yay,Yay,Yay,Yay,Yay,Yay,Yay,Yay,Yay,Yay,Yay,Yay,NV,Yay,Yay,Yay,Yay,Yay,Yay,NV,Yay,Yay,Yay,Yay,Yay,Yay,Yay,NV,Yay,Yay,NV,Yay,Yay,Yay,Yay,Yay,Yay,Yay,Yay,Yay,Yay,Yay,Yay,Yay,NV,Yay,Yay,NV,Yay,Yay,Yay,Yay,Yay,Yay,Yay,Yay,Yay,Yay,Yay,Yay,Yay,Yay,Yay,Yay,Yay,Yay,Yay,Yay,NV,Yay,Yay,Yay,Yay,Yay,Yay,Yay,Yay,Yay,Yay,Yay,Yay,Yay,Yay,Yay,Yay,Yay,Yay,Yay,Yay,Yay,Yay,Yay,NV,Yay,Yay,Yay,Yay,Yay,Yay,Yay,Yay,Yay,Yay,Yay,Nay,NV,Yay,Yay,Yay,Yay,Yay,Yay,Yay,Yay,Yay,Yay,Yay,Nay,Yay,Yay,NV,Yay,Yay,Yay,Yay,Yay,Yay,Yay,Yay,Yay,Yay,Yay,Yay,Yay,Yay,Yay,Yay,Yay,Yay,Yay,Yay,Yay,Yay,Yay,Yay,Yay,Yay,Yay,Yay,Yay,Yay,Yay,Yay
Graham,Yay,Yay,Nay,NV,Yay,NV,Nay,Yay,Yay,Yay,Yay,Yay,Yay,NV,Yay,Yay,Yay,Yay,Yay,Yay,Yay,Nay,Nay,Yay,Yay,Nay,Yay,Yay,Yay,Yay,NV,Yay,Yay,Yay,Yay,Yay,Yay,Yay,Yay,Yay,Yay,Yay,NV,Yay,Nay,Yay,Yay,NV,NV,Yay,Nay,Yay,Nay,NV,Yay,Yay,Nay,Yay,Yay,Yay,NV,Yay,Yay,Yay,Yay,Yay,Yay,Yay,Nay,Yay,Nay,Yay,Yay,NV,Nay,Yay,Yay,Yay,Yay,Nay,Yay,Yay,NV,Yay,Nay,Yay,Yay,NV,Yay,Yay,Yay,Yay,Yay,Yay,Nay,Yay,NV,NV,Yay,Yay,NV,Yay,Nay,Yay,Yay,Yay,Yay,Yay,Yay,NV,Yay,NV,NV,Yay,Yay,Nay,Yay,Yay,Yay,Yay,NV,NV,Yay,Yay,Yay,Yay,Nay,Nay,Yay,NV,NV,Nay,Yay,Nay,Yay,Yay,Yay,Nay,NV,NV,Yay,Nay,Yay,Nay,Yay,Nay,Yay,Yay,Yay,Yay,Yay,NV,Nay,Nay,Yay,Yay,Nay,Yay,Yay,Yay,Yay,Yay,Yay,Yay,Yay,Yay,Yay,Nay,Yay,Yay,Yay,Yay,Nay,Yay
Greer,Yay,Yay,Yay,Yay,Yay,Yay,Nay,Yay,Yay,Yay,Yay,Yay,Yay,Yay,Yay,Yay,Yay,Yay,Yay,Yay,Yay,Yay,NV,Yay,Yay,Nay,Yay,NV,Yay,Yay,Yay,Yay,Yay,NV,Yay,Yay,Yay,Yay,Yay,Yay,NV,Yay,NV,Yay,Yay,Yay,Yay,Nay,NV,NV,Nay,NV,Yay,Yay,NV,NV,NV,Yay,Yay,NV,NV,Yay,Yay,NV,Yay,NV,Yay,NV,Nay,Yay,Yay,Yay,NV,Yay,Nay,Yay,Yay,Yay,Yay,Yay,Yay,Yay,NV,Yay,Yay,Yay,Yay,NV,Yay,Yay,Yay,Yay,Yay,Yay,Nay,Yay,NV,Yay,Yay,Yay,Yay,Yay,Nay,Yay,Yay,Yay,Yay,Yay,Yay,Yay,Yay,Yay,Yay,Yay,Nay,Yay,Yay,Yay,Yay,Yay,NV,Nay,Yay,Yay,Yay,Yay,NV,Nay,Yay,Yay,Yay,Nay,Yay,Nay,Yay,Yay,Yay,Nay,Yay,NV,Yay,Yay,Yay,Nay,NV,Yay,Yay,Yay,Yay,Yay,Yay,Yay,Nay,Nay,Yay,Yay,Yay,Yay,Yay,Yay,Yay,Yay,Yay,Yay,Yay,Yay,Yay,Nay,Yay,Yay,Yay,Yay,Yay,Yay
Hale,Yay,Yay,Yay,Yay,Yay,Yay,Yay,Yay,Yay,Yay,Nay,Yay,Yay,Yay,Yay,Yay,Yay,Yay,Yay,Yay,Yay,Yay,Yay,Yay,Yay,Yay,Yay,Yay,Yay,Yay,Yay,Yay,Yay,NV,Yay,Yay,Yay,Yay,Yay,Yay,NV,Yay,Yay,Yay,Yay,Yay,Yay,Yay,NV,Yay,Yay,NV,Yay,Yay,Yay,Yay,Yay,Yay,Yay,Yay,Yay,Yay,Yay,Yay,Yay,NV,Yay,Yay,Nay,Yay,Yay,Yay,Yay,Yay,Yay,Nay,Yay,Yay,Yay,Yay,Yay,Yay,Yay,Yay,Yay,Yay,Yay,Nay,Yay,Yay,Yay,Yay,Yay,Yay,Yay,Yay,Yay,Yay,Yay,Yay,Yay,Yay,Yay,Yay,Yay,Yay,Yay,Yay,Yay,Yay,Yay,Yay,Yay,Yay,Yay,Yay,Yay,Yay,Yay,Yay,Yay,Yay,Yay,Yay,Yay,Yay,NV,Yay,Yay,Yay,Yay,Yay,Yay,Yay,Yay,Yay,Yay,Nay,Yay,Yay,Yay,Nay,Yay,Yay,Yay,Yay,Yay,Yay,Yay,Yay,Yay,Yay,Yay,Nay,Yay,Yay,Yay,Yay,Yay,Yay,Yay,Yay,Yay,Yay,Yay,Yay,Yay,Yay,Yay,Yay,Yay,Yay,Yay,Yay
Harris,Yay,Yay,Yay,Yay,Yay,Yay,Nay,Yay,Yay,Yay,Nay,Yay,Yay,Yay,Yay,Yay,Yay,Yay,Yay,Yay,Yay,Yay,Nay,Yay,Yay,Nay,Yay,Yay,Yay,Yay,Yay,Yay,Yay,Yay,Yay,Yay,Yay,Yay,Yay,Yay,Nay,Yay,Yay,NV,Yay,Yay,Yay,Nay,Yay,Yay,Nay,Yay,Yay,Yay,Yay,Yay,Nay,Yay,Yay,Yay,Yay,Yay,Nay,Yay,Yay,Yay,Yay,Yay,Nay,Yay,Nay,Yay,Yay,Yay,Nay,Nay,Nay,Yay,NV,Nay,Yay,Yay,Yay,Yay,Yay,NV,Yay,Yay,Yay,Yay,Yay,Yay,Yay,Yay,Nay,Yay,Yay,Yay,Yay,Yay,Nay,Yay,Nay,Yay,Yay,Yay,Yay,Yay,Yay,Yay,Yay,Yay,Yay,Yay,Yay,Nay,Yay,Yay,Yay,Yay,Yay,Nay,Yay,Yay,Yay,Yay,Nay,Nay,Yay,Yay,Yay,Nay,Yay,Nay,Yay,Yay,Yay,Nay,Nay,Yay,Yay,Nay,Yay,Nay,Yay,Yay,Yay,Yay,Yay,Yay,Yay,Yay,Nay,Nay,Yay,Yay,Yay,Yay,Yay,Yay,Yay,Yay,Yay,Yay,Yay,Yay,Yay,Nay,Yay,Yay,Yay,Yay,Yay,Yay
Hart,Yay,Yay,Yay,Yay,Yay,Yay,Yay,Yay,Yay,Yay,Yay,Yay,Yay,Yay,Yay,Yay,Yay,Yay,Yay,Yay,Yay,Yay,Yay,Yay,Yay,Yay,Yay,Yay,Yay,NV,Yay,Yay,Yay,Yay,Yay,Yay,Yay,Yay,Yay,Yay,Yay,Yay,Yay,Yay,Yay,Yay,Yay,Yay,Yay,Yay,Yay,Yay,Yay,Yay,Yay,Yay,Yay,Yay,Yay,Yay,Yay,Yay,Yay,Yay,Yay,Yay,Yay,Yay,Yay,Yay,Yay,Yay,Yay,Yay,Yay,Yay,Yay,Yay,Yay,Yay,Yay,Yay,Yay,Yay,Yay,Yay,Yay,Yay,Yay,Yay,Yay,Yay,Yay,Yay,Yay,Yay,Yay,Yay,Yay,Yay,Yay,Yay,Yay,Yay,Yay,Yay,Yay,Yay,Yay,Yay,Yay,Yay,Yay,Yay,Yay,Yay,Yay,Yay,Yay,Yay,Yay,Yay,Yay,Yay,Yay,Yay,Yay,Yay,Yay,Yay,Nay,Yay,Nay,Yay,Yay,Yay,Yay,Yay,Yay,Yay,Yay,Yay,Yay,Yay,Yay,Yay,Yay,Yay,Yay,Yay,Yay,Yay,Yay,Yay,Yay,Yay,Yay,Yay,Yay,Yay,Yay,Yay,Yay,Yay,Yay,Yay,Yay,Yay,Yay,Yay,Yay,Yay,Yay,Yay
Hatton,Yay,Yay,Yay,Yay,Yay,Yay,Nay,Yay,Yay,Yay,Yay,Yay,Yay,Yay,Yay,Yay,Yay,Yay,Yay,Yay,Yay,Yay,Nay,Yay,Yay,Nay,Yay,Yay,Yay,Yay,Yay,Yay,Yay,Yay,Yay,Yay,Yay,Yay,Yay,Yay,Yay,Yay,Yay,Yay,Nay,NV,Yay,Nay,Yay,Yay,Nay,Yay,Yay,NV,NV,Yay,Yay,Yay,Yay,Yay,NV,Yay,Nay,NV,Yay,NV,Yay,Yay,Yay,Yay,Yay,Yay,Yay,Yay,Nay,Nay,Nay,Yay,Yay,Yay,Yay,Yay,Yay,Yay,Yay,Yay,Yay,Nay,Yay,Yay,Yay,Yay,Yay,Yay,Nay,Yay,Yay,Yay,Yay,Yay,Nay,Yay,Nay,Yay,Yay,Yay,Yay,Yay,Yay,Yay,Yay,Yay,Yay,Yay,Nay,Nay,Yay,Yay,Yay,Yay,Yay,Nay,Yay,Yay,NV,Yay,Yay,NV,Yay,Yay,Yay,NV,Yay,Yay,Yay,Yay,Yay,Nay,Yay,Yay,Yay,Yay,Yay,Nay,Yay,Yay,Yay,Yay,Yay,Yay,Yay,NV,Nay,Yay,Yay,Yay,Yay,Yay,Yay,Yay,Yay,Yay,Yay,Yay,Yay,NV,Yay,Nay,Yay,NV,Yay,Nay,Yay,Yay
Heath,Yay,Yay,Yay,Yay,Yay,Yay,Yay,Yay,Yay,Yay,Yay,Yay,Yay,Yay,Yay,Yay,Yay,Yay,Yay,Yay,Yay,Yay,Yay,Yay,Yay,Yay,Yay,Yay,Yay,Yay,Yay,Yay,Yay,Yay,Yay,Yay,Yay,Yay,Yay,Yay,Yay,Yay,Yay,Yay,Yay,Yay,Yay,Yay,Yay,Yay,Yay,Yay,Yay,Yay,Yay,Yay,Yay,Yay,Yay,Yay,Yay,Yay,Yay,Yay,Yay,Yay,Yay,Yay,Yay,Yay,Yay,Yay,Yay,Yay,Yay,NV,Yay,Yay,Yay,Yay,Yay,Yay,Yay,Yay,Yay,Yay,Yay,NV,Yay,Yay,Yay,Yay,Yay,Yay,Yay,Yay,Yay,Yay,Yay,Yay,Yay,Yay,Yay,Yay,Yay,Yay,Yay,Yay,Yay,Yay,Yay,Yay,Yay,Yay,Yay,Yay,Yay,Yay,Yay,Yay,Yay,Yay,Yay,Yay,Yay,Yay,Yay,Yay,Yay,Yay,Yay,Yay,Yay,Yay,Yay,Yay,Yay,Yay,Yay,Yay,Yay,Yay,Yay,Yay,Yay,Yay,Yay,Yay,Yay,Yay,Yay,Yay,Yay,Yay,Yay,Yay,Yay,Yay,Yay,Yay,Yay,Yay,Yay,Yay,Yay,Yay,Yay,Yay,Yay,Yay,Yay,Yay,Yay,Yay
Herald,Yay,Yay,Yay,NV,Yay,Yay,Yay,NA,NV,Yay,Yay,NV,Yay,Yay,Yay,Yay,Yay,Yay,Yay,Yay,Yay,NV,Yay,Yay,Yay,Yay,NV,Yay,Yay,NV,NV,Yay,Yay,NV,NV,Yay,NV,Yay,Yay,NV,NV,NV,NV,NV,Yay,NV,NV,NV,NV,Yay,Yay,NV,NV,NV,Yay,Yay,Yay,NV,Yay,Yay,NV,NV,NV,Yay,NV,NV,NV,Yay,NV,Yay,Yay,NV,Yay,Yay,Yay,NV,Yay,Yay,Yay,Yay,Yay,Yay,Yay,Yay,Yay,Yay,Yay,Yay,Yay,Yay,Yay,Yay,Yay,NV,Yay,Yay,Yay,Yay,Yay,Yay,Yay,Yay,Yay,Yay,Yay,Yay,Yay,NV,Yay,Yay,NV,Yay,NV,Yay,NV,NV,Yay,NA,Yay,Yay,Yay,Yay,Yay,Yay,NV,Yay,NV,NV,NV,Yay,NV,NV,NV,NV,Yay,NV,NA,Yay,Yay,Yay,Yay,NV,NV,Yay,Yay,NV,Yay,NV,NV,Yay,Yay,NV,NV,Yay,Yay,Yay,NV,Yay,Yay,Yay,NV,Yay,Yay,NV,Yay,NV,Yay,Yay,NV,NV,Yay,NV,NV,Yay
Hoover,Yay,Yay,Yay,Yay,Yay,Yay,Yay,Yay,Yay,Yay,Yay,Yay,Yay,Yay,Yay,Yay,Yay,Yay,Yay,Yay,Yay,Yay,Yay,Yay,Yay,Yay,Yay,Yay,Yay,Yay,NV,Yay,Yay,Yay,Yay,Yay,Yay,Yay,Yay,Yay,Yay,Yay,Yay,Yay,Yay,Yay,Yay,Yay,Yay,Yay,Yay,Yay,Yay,Yay,Yay,Yay,Yay,Yay,Yay,Yay,Yay,Yay,Yay,Yay,Yay,Yay,Yay,Yay,Nay,Yay,Yay,Yay,Yay,Yay,Yay,Yay,Yay,Yay,Yay,Yay,Yay,Yay,Yay,Yay,Yay,Yay,Yay,Yay,Yay,Yay,Yay,Yay,Yay,Yay,Yay,Yay,Yay,Yay,Yay,Yay,Yay,Yay,Yay,Yay,Yay,Yay,Yay,Yay,Yay,Yay,Yay,Yay,Yay,Yay,Yay,Yay,Yay,Yay,Yay,Yay,Yay,Yay,Yay,Yay,Yay,Yay,Yay,Yay,Yay,Yay,Yay,Yay,Yay,Yay,Yay,Yay,Yay,Yay,Yay,Yay,Yay,Yay,Yay,Yay,Yay,Yay,Yay,Yay,Yay,Yay,Yay,Yay,NV,Yay,Yay,Yay,Yay,Yay,Yay,Yay,Yay,Yay,Yay,Yay,Yay,Yay,Yay,Yay,Yay,Yay,Yay,Yay,Yay,Yay
Horlander,NV,NV,Yay,Yay,Yay,Yay,Nay,Yay,Yay,Yay,NV,Yay,Yay,Yay,Yay,Yay,NV,Yay,Yay,Yay,Yay,NV,Nay,Yay,Yay,Nay,Yay,Yay,Yay,Yay,NV,Yay,Yay,NV,Yay,Yay,Yay,Yay,Yay,Yay,NV,Yay,Yay,NV,NV,Yay,Yay,Nay,NV,Yay,Nay,NV,Yay,Yay,Yay,Yay,Nay,Yay,Yay,Yay,Nay,Yay,Yay,Yay,Yay,NV,Yay,Yay,Nay,Yay,NV,Yay,Yay,NV,Yay,Nay,Yay,Yay,Yay,NV,NV,Yay,Yay,NV,Yay,NV,NV,Nay,Yay,NV,NV,NV,NV,Yay,Yay,Yay,Yay,Yay,Yay,Yay,Yay,Yay,Nay,Yay,NV,Yay,Yay,NV,Yay,Yay,NV,Yay,Yay,Yay,Yay,Yay,Yay,Yay,Yay,Yay,Yay,Yay,Yay,Yay,Yay,NV,Yay,Yay,Yay,Yay,Yay,Yay,Yay,Yay,Yay,Yay,Yay,Nay,Yay,Yay,Yay,Nay,Yay,Nay,Yay,Yay,Yay,Yay,Yay,Yay,NV,Yay,Yay,NV,Yay,Yay,Yay,Yay,Yay,Yay,Yay,Yay,NV,Yay,Yay,Yay,Yay,Nay,Yay,Yay,Yay,Yay,Yay,NV
Imes,Yay,Yay,Yay,Yay,Yay,Yay,Yay,Yay,Yay,Yay,Yay,NV,Yay,Yay,Nay,Yay,Yay,Yay,Yay,Yay,Yay,Yay,Yay,Yay,Yay,Yay,Yay,Yay,Yay,Yay,Yay,Yay,Yay,Yay,Yay,Yay,Yay,Yay,Yay,Yay,Yay,Yay,Yay,Yay,Yay,Yay,Yay,Yay,Yay,Yay,Yay,NV,Yay,NV,Yay,Yay,Yay,Yay,Yay,Yay,Yay,Yay,Yay,Yay,Yay,Yay,Yay,Yay,Yay,Yay,Yay,Yay,Yay,Yay,Yay,Yay,Yay,Yay,Yay,Yay,Yay,Yay,Yay,Yay,Yay,Yay,Yay,Yay,Yay,Yay,Yay,Yay,Yay,Yay,Yay,Yay,Yay,Yay,Yay,Yay,Yay,Yay,Yay,Yay,Yay,Yay,Yay,Yay,Yay,Yay,Yay,Yay,Yay,Yay,Yay,Yay,Yay,Yay,Yay,Yay,Yay,Yay,Yay,Yay,Yay,Yay,Yay,Yay,Yay,Yay,Yay,Yay,Yay,Yay,Yay,Yay,Yay,Yay,Yay,Yay,Yay,Yay,Yay,Yay,Yay,Yay,Yay,Yay,Yay,Yay,Yay,NV,Yay,Yay,Yay,Yay,Yay,Yay,Yay,Yay,NV,Yay,Yay,NV,Yay,NV,Yay,Nay,Yay,NV,Yay,Yay,Yay,Yay
Jenkins,Yay,Yay,Nay,NV,NV,Yay,Nay,NV,Yay,Yay,Yay,Yay,Yay,Yay,Yay,Yay,Yay,Yay,Yay,Yay,Yay,Nay,Nay,Yay,Yay,Nay,Yay,Yay,Yay,Yay,NV,Yay,Yay,Yay,Yay,Yay,Yay,Yay,Yay,Yay,Nay,Yay,NV,Yay,Nay,Yay,Yay,NV,Yay,Yay,Nay,Yay,Nay,Yay,Yay,Yay,Nay,Yay,Yay,Yay,NV,Yay,Nay,Yay,Yay,Yay,Yay,Yay,Nay,Yay,Yay,Yay,Yay,Yay,Nay,Yay,Nay,Yay,Yay,Nay,Yay,Yay,Yay,Yay,Yay,Nay,Yay,Yay,Yay,Yay,Yay,Yay,Yay,Yay,Nay,Yay,Yay,Yay,Yay,Yay,Nay,Yay,Nay,Yay,Yay,Yay,Yay,Yay,Yay,NV,Yay,Yay,Yay,Yay,Nay,Nay,Yay,Yay,Yay,Yay,Yay,Nay,Yay,Yay,Nay,Yay,Nay,Yay,Nay,Yay,Yay,Nay,Yay,Nay,Yay,Nay,Yay,Nay,Nay,Yay,Yay,Nay,Yay,Nay,Yay,Nay,Yay,Yay,Yay,Yay,Yay,Yay,Nay,Nay,Yay,Yay,Nay,Yay,Yay,Yay,Yay,Yay,Nay,Yay,Yay,Yay,Yay,Nay,Yay,Nay,Yay,Nay,Nay,Yay
Johnson D,Yay,Yay,Yay,Yay,Yay,Yay,Yay,Yay,Yay,Yay,Yay,Yay,Yay,Yay,Yay,Yay,Yay,Yay,Yay,Yay,Yay,Yay,Yay,Yay,Yay,Yay,Yay,Yay,Yay,Yay,Yay,Yay,Yay,Yay,Yay,Yay,Yay,Yay,Yay,Yay,Yay,Yay,Yay,Yay,Yay,Yay,Yay,Yay,Yay,Yay,Yay,Yay,Yay,Yay,Yay,Yay,Yay,Yay,Yay,Yay,Yay,Yay,Yay,Yay,Yay,Yay,Yay,Yay,Yay,Yay,Yay,Yay,Yay,Yay,Yay,Yay,Yay,Yay,Yay,Yay,Yay,Yay,Yay,Yay,Yay,Yay,Yay,Yay,Yay,Yay,Yay,Yay,Yay,Yay,Yay,Yay,Yay,Yay,Yay,Yay,Yay,Yay,Yay,Yay,Yay,Yay,Yay,Yay,Yay,Yay,Yay,Yay,Yay,Yay,Yay,Yay,Yay,Yay,Yay,Yay,Yay,Yay,Yay,Yay,Yay,Yay,Yay,Yay,Yay,Yay,Yay,Yay,Yay,Yay,Yay,Yay,Yay,Yay,Yay,Yay,Yay,Yay,Yay,Yay,Yay,Yay,Yay,Yay,Yay,Yay,Yay,Yay,Yay,Yay,Yay,Yay,Yay,Yay,Yay,Yay,Yay,Yay,Yay,Yay,Yay,Yay,Yay,Yay,Yay,Yay,Yay,Yay,Yay,Yay
Johnson DJ,Yay,Yay,Yay,Yay,Yay,Yay,Yay,Yay,Yay,Yay,Yay,Yay,Yay,Yay,Yay,Yay,Yay,Yay,Yay,Yay,Yay,Yay,Yay,Yay,Yay,Yay,Yay,Yay,Yay,Yay,Yay,Yay,Yay,Yay,Yay,Yay,Yay,Yay,Yay,Yay,Yay,Yay,Yay,Yay,Yay,Yay,Yay,Yay,Yay,Yay,Yay,Yay,Yay,Yay,Yay,Yay,Yay,Yay,Yay,Yay,Yay,Yay,Yay,Yay,Yay,Yay,Yay,Yay,Yay,Yay,Yay,Yay,Yay,Yay,Yay,Yay,Yay,Yay,Yay,Yay,Yay,Yay,Yay,Yay,Yay,Yay,Yay,Yay,Yay,Yay,Yay,Yay,Yay,Yay,Yay,Yay,Yay,Yay,Yay,Yay,Yay,Yay,Yay,Yay,Yay,Yay,Yay,Yay,Yay,Yay,Yay,Yay,Yay,Yay,Yay,Yay,Yay,Yay,Yay,Yay,Yay,Yay,Yay,Yay,Yay,Yay,Yay,Yay,Yay,Yay,Yay,Yay,Nay,Yay,Yay,Yay,Yay,Yay,Yay,Yay,Yay,Yay,Yay,Yay,Yay,Yay,Yay,Yay,Yay,Yay,Yay,Yay,Yay,Yay,Yay,Yay,Yay,Yay,Yay,Yay,Yay,Yay,Yay,Yay,Yay,Yay,Yay,Yay,Yay,Yay,Yay,Yay,Yay,Yay
Kay,Yay,Yay,NV,Yay,NV,Yay,Nay,Yay,Yay,Yay,Nay,Yay,Yay,NV,Yay,Yay,Yay,Yay,Yay,Yay,Yay,NV,Nay,Yay,Yay,Nay,Yay,Yay,Yay,NA,Yay,Yay,Yay,NV,Yay,Yay,Nay,Yay,Yay,Yay,NV,NV,Yay,NV,Nay,Yay,Yay,Nay,NV,Yay,Nay,NV,NV,Nay,Nay,Yay,Nay,Yay,Yay,Yay,Nay,Yay,NV,Yay,Yay,NV,Yay,Yay,Yay,Yay,Yay,Yay,Yay,NV,Nay,Yay,NV,Yay,Yay,Yay,Yay,Yay,Yay,Yay,Nay,Yay,Yay,Yay,Yay,NV,Yay,Yay,Yay,Yay,Nay,Yay,Nay,Yay,Yay,Yay,Nay,Yay,Nay,Yay,Yay,Yay,Yay,Yay,Yay,Yay,Yay,Yay,Yay,Yay,Nay,Nay,Yay,Yay,Yay,Yay,NV,Nay,Yay,Yay,Nay,Yay,NV,Nay,Yay,Yay,Yay,Nay,Yay,Nay,Yay,Yay,Yay,Nay,Nay,NV,Yay,Yay,Yay,Nay,Yay,NV,Yay,Yay,Yay,Yay,Yay,Nay,Nay,Nay,Yay,Yay,Yay,Yay,Yay,Yay,Yay,Yay,Yay,Yay,Yay,Yay,Yay,Nay,Yay,Nay,Yay,Yay,NV,Yay
Keene,Yay,Yay,NV,NV,NV,Yay,Nay,Yay,Yay,Yay,Nay,Yay,Yay,Yay,Yay,Yay,Yay,Yay,Yay,Yay,Yay,NV,Nay,Yay,Yay,Nay,Yay,Yay,Yay,NV,Yay,Yay,Yay,Yay,Yay,Yay,Nay,Yay,Yay,Yay,Yay,Yay,Yay,Nay,Yay,Yay,Yay,Nay,Yay,Yay,Nay,Yay,NA,Nay,NV,Yay,Nay,Yay,Yay,Yay,Nay,Yay,Yay,Yay,Yay,Yay,Yay,Yay,Nay,Yay,Yay,Yay,Yay,Yay,Nay,Nay,Yay,Yay,Yay,Yay,Yay,Yay,Yay,Yay,Nay,Nay,Yay,Nay,Yay,Yay,Yay,Yay,Yay,Yay,Nay,Yay,Yay,Yay,Yay,Yay,Nay,Yay,Nay,Yay,Yay,Yay,Yay,NV,Yay,Yay,NV,Yay,NV,Yay,NV,Nay,Yay,Yay,Yay,Yay,Yay,Nay,Yay,Yay,NV,Yay,Nay,Nay,Yay,Yay,Yay,Nay,Yay,NV,Yay,NV,Nay,Nay,Yay,Yay,Yay,Yay,Yay,Nay,Yay,Nay,Yay,Yay,Yay,Yay,Yay,Yay,Nay,Yay,Yay,Yay,NV,Yay,Yay,Yay,Yay,Yay,Yay,Yay,Yay,Yay,Yay,Nay,Yay,Nay,Yay,Yay,NV,Yay
King,Yay,Yay,Yay,Yay,Yay,Yay,Yay,Yay,Yay,Yay,Yay,Yay,Yay,Yay,Yay,Yay,Yay,Yay,Yay,Yay,Yay,Yay,Yay,Yay,Yay,Yay,Yay,Yay,Yay,Yay,Yay,Yay,Yay,Yay,Yay,Yay,Yay,Yay,Yay,Yay,Yay,Yay,Yay,Yay,Yay,Yay,Yay,Yay,Yay,Yay,Yay,Yay,Yay,Yay,Yay,Yay,Yay,Yay,Yay,Yay,Yay,Yay,Yay,Yay,Yay,Yay,Yay,Yay,Yay,Yay,Yay,Yay,Yay,Yay,Yay,Nay,Yay,Yay,Yay,Yay,Yay,Yay,Yay,Yay,Yay,Yay,Yay,Nay,Yay,Yay,Yay,Yay,Yay,Yay,Yay,Yay,Yay,Yay,Yay,Yay,Yay,Yay,Yay,Yay,Yay,Yay,Yay,Yay,Yay,Yay,Yay,Yay,Yay,Yay,Yay,Yay,Yay,Yay,Yay,Yay,Yay,Yay,Yay,Yay,Yay,Nay,Yay,Yay,Yay,Yay,Yay,Yay,Nay,Yay,Yay,Yay,Yay,Yay,Yay,Yay,Yay,Nay,Yay,Yay,Yay,Yay,Yay,Yay,Yay,Yay,Yay,Yay,Yay,Yay,Yay,Yay,Yay,Yay,Yay,Yay,Yay,Yay,Yay,Yay,Yay,Yay,Yay,Yay,Yay,Nay,Yay,Yay,Yay,Yay
Koenig,Yay,Yay,Yay,Yay,Yay,Yay,Yay,Yay,Yay,Yay,Yay,Yay,Yay,Yay,Yay,Yay,Yay,Yay,Yay,Yay,Yay,Yay,Yay,Yay,Yay,Yay,Yay,Yay,Yay,Yay,Yay,Yay,Yay,Yay,Yay,Yay,Yay,Yay,Yay,Yay,Yay,Yay,Yay,Yay,Yay,Yay,Yay,Yay,Yay,Yay,Yay,Yay,Yay,Yay,NV,Yay,Yay,Yay,Yay,Yay,Yay,Yay,Yay,Yay,Yay,Yay,Yay,Yay,Nay,Yay,Yay,Yay,Yay,Yay,Yay,Yay,Yay,Yay,Yay,Yay,Yay,Yay,Yay,Yay,Yay,Yay,Yay,Yay,Yay,Yay,Yay,Yay,Yay,Yay,Yay,Yay,Yay,Yay,Yay,Yay,Yay,Yay,Yay,Yay,Yay,Yay,Yay,Yay,Yay,Yay,Yay,Yay,Yay,Yay,Yay,Yay,Yay,Yay,Yay,Yay,Yay,Yay,Yay,Yay,Yay,Yay,Yay,Yay,Yay,Yay,Yay,Yay,Yay,Yay,Yay,Yay,Yay,Yay,Yay,Yay,Yay,Yay,Yay,Yay,Yay,Yay,Yay,Yay,Yay,Yay,Yay,Yay,Yay,Yay,Yay,Yay,Yay,Yay,Yay,Yay,Yay,Yay,Yay,Yay,Yay,Yay,Yay,Yay,Yay,Yay,Yay,Yay,Yay,NA
Lee,Yay,Nay,Yay,Yay,Yay,Yay,Yay,Yay,Yay,Yay,Yay,Yay,Yay,Yay,Yay,Yay,Yay,Yay,Yay,Yay,Yay,Yay,Yay,Yay,Yay,Yay,Yay,Yay,Yay,Yay,Yay,Nay,Yay,Yay,Yay,Yay,Yay,Yay,Yay,Yay,Yay,Yay,Yay,Yay,Yay,Yay,Yay,Yay,Yay,Yay,Yay,Yay,Yay,Yay,Yay,Yay,Yay,Yay,Yay,Yay,Yay,Yay,Yay,Yay,Yay,Yay,Yay,Nay,Yay,Yay,Yay,Yay,Yay,Yay,NV,Nay,Yay,Yay,Yay,NV,Yay,Yay,Yay,Yay,Yay,Yay,Yay,Nay,Yay,Yay,Yay,Yay,Yay,Yay,Yay,Yay,Yay,Yay,Yay,Yay,Yay,Yay,Yay,Yay,NV,Yay,Yay,Yay,Yay,Yay,Yay,Yay,Yay,Yay,Yay,Yay,Yay,Yay,Yay,Yay,Yay,Yay,Yay,Yay,Yay,Nay,Yay,Yay,Yay,Yay,Yay,Yay,Nay,Yay,Yay,Yay,Yay,Yay,Yay,Yay,Yay,Yay,Yay,Yay,Yay,Yay,Yay,Yay,Yay,Yay,Yay,Yay,Yay,Yay,Yay,Yay,Yay,Yay,Yay,Yay,Yay,Yay,Yay,Yay,Yay,Yay,Yay,Yay,Yay,Yay,Yay,Yay,Yay,Yay
Linder,Yay,Yay,Yay,Yay,NV,Yay,Yay,Yay,Yay,Yay,Yay,Yay,Yay,Yay,Yay,Yay,Yay,NV,Yay,Yay,Yay,Yay,Yay,Yay,Yay,Yay,Yay,Yay,Yay,Yay,Yay,Yay,Yay,Yay,Yay,Yay,Yay,Yay,Yay,Yay,Yay,Yay,Yay,Yay,Yay,Yay,Yay,Yay,Yay,Yay,Yay,Yay,Yay,Yay,Yay,Yay,Yay,Yay,Yay,Yay,Yay,Yay,Yay,Yay,Yay,Yay,Yay,Yay,Yay,Yay,Yay,Yay,Yay,Yay,Yay,Nay,Yay,Yay,Yay,Yay,Yay,Yay,Yay,Yay,Yay,Yay,Yay,NV,Yay,Yay,Yay,Yay,Yay,Yay,Yay,Yay,Yay,Yay,Yay,Yay,Yay,Yay,NV,Yay,Yay,Yay,Yay,Yay,Yay,Yay,Yay,Yay,Yay,Yay,Yay,Yay,Yay,Yay,Yay,Yay,Yay,Yay,Yay,Yay,Yay,Nay,Yay,Yay,Yay,Yay,Yay,Yay,Nay,Yay,Yay,Yay,Yay,Yay,Yay,Yay,Yay,Yay,Yay,Yay,Yay,Yay,Yay,Yay,Yay,Yay,Yay,Yay,Yay,Yay,Yay,Yay,Yay,Yay,Yay,Yay,Yay,Yay,Yay,Yay,Yay,Yay,Yay,Yay,Yay,Yay,Yay,Yay,Yay,Yay
Marzian,Yay,Yay,Nay,NV,NV,Yay,Nay,NV,NV,Yay,Nay,Yay,NV,Yay,NV,Yay,Yay,NV,Yay,NV,NV,Nay,NV,Yay,Yay,Nay,Yay,Yay,Yay,NV,NV,Yay,NV,NV,NV,Yay,Nay,Yay,NV,NV,NV,Yay,NV,Nay,Nay,Yay,NV,NV,NV,Yay,Nay,NV,NV,NV,Yay,Yay,Nay,NV,Yay,Yay,NV,Yay,Nay,Yay,NV,NV,Yay,Yay,Nay,NV,Nay,Yay,Yay,Yay,Nay,Nay,Nay,Yay,Yay,Nay,Yay,Yay,Yay,Yay,Yay,NV,Yay,Yay,Yay,Yay,Yay,Yay,Yay,NV,Nay,Yay,Nay,Yay,Yay,Yay,Nay,Yay,NV,Yay,Yay,Yay,Nay,Yay,Yay,NV,Yay,Yay,Yay,Yay,Nay,Nay,Yay,Nay,Nay,Yay,Yay,Nay,Yay,NV,Nay,Yay,NV,Nay,Nay,NV,NV,Nay,Yay,Nay,NV,Nay,Yay,Nay,Nay,Yay,Yay,Yay,Yay,Nay,Yay,NV,Yay,Yay,Yay,NV,Yay,Yay,NV,Nay,Yay,Yay,NV,Yay,Yay,Yay,Yay,Yay,Nay,NV,Yay,Yay,Yay,NV,NV,Nay,Yay,NV,NV,Yay
Mayfield,Yay,Yay,Yay,Yay,Yay,Yay,Yay,Yay,Yay,Yay,Yay,Yay,Yay,Yay,Yay,Yay,Yay,Yay,Yay,Yay,Yay,Yay,Yay,Yay,Yay,Yay,Yay,Yay,Yay,Yay,Yay,Yay,Yay,Yay,Yay,Yay,Yay,Yay,Yay,Yay,Yay,Yay,Yay,Yay,Yay,Yay,Yay,Yay,Yay,Yay,Yay,Yay,Yay,Yay,Yay,Yay,Yay,Yay,Yay,Yay,Yay,Yay,Yay,Yay,Yay,Yay,Yay,Yay,Yay,Yay,Yay,Yay,Yay,Yay,Yay,Yay,Yay,Yay,Yay,Yay,Yay,Yay,Yay,Yay,Yay,Yay,Yay,Yay,Yay,Yay,Yay,Yay,Yay,Yay,Yay,Yay,Yay,Yay,Yay,Yay,Yay,Yay,Yay,Yay,Yay,Yay,Yay,Yay,Yay,Yay,Yay,Yay,Yay,Yay,Yay,Yay,Yay,Yay,Yay,Yay,Yay,Yay,Yay,Yay,Yay,Nay,Yay,Yay,Yay,Yay,Yay,Yay,Yay,Yay,Yay,Yay,Yay,Yay,Yay,Yay,Yay,Yay,Yay,Yay,Yay,Yay,Yay,Yay,Yay,Yay,Yay,Yay,Yay,Yay,Yay,Yay,Yay,Yay,Yay,Yay,Yay,Yay,Yay,Yay,Yay,Yay,Yay,Yay,Yay,Yay,Yay,Yay,Yay,Yay
McCoy,Yay,Nay,Yay,Yay,Yay,Yay,Yay,Yay,Yay,Yay,Yay,Yay,Yay,Yay,Yay,Yay,Yay,Yay,Yay,Yay,Yay,Yay,Yay,Yay,Yay,Nay,Yay,Yay,Yay,Yay,Yay,Yay,Yay,Yay,Yay,Yay,Yay,Yay,Yay,Yay,Yay,Yay,Yay,Yay,Yay,Yay,Yay,Yay,Yay,Yay,Yay,Yay,Yay,Yay,Yay,Yay,Yay,Yay,Yay,Yay,Yay,Yay,Yay,Yay,Yay,Yay,Yay,Yay,Yay,Yay,Yay,Yay,Yay,Yay,Yay,Yay,Yay,Yay,Yay,Yay,Yay,Yay,Yay,Yay,Yay,Yay,Yay,Yay,Yay,Yay,Yay,Yay,Yay,Yay,Yay,Yay,Yay,Yay,Yay,Yay,Yay,Yay,Yay,Yay,Yay,Yay,Yay,Yay,Yay,Yay,Yay,Yay,Yay,Yay,Yay,Yay,Yay,Yay,Yay,Yay,Yay,Yay,Yay,Yay,Yay,Yay,Yay,Yay,Yay,Yay,Yay,Yay,Yay,Yay,Yay,Yay,Yay,Yay,Yay,Yay,Yay,Yay,Yay,Yay,Yay,Yay,Yay,Yay,Yay,Yay,Yay,Yay,Yay,Yay,Yay,Yay,Yay,Yay,Yay,Yay,Yay,Yay,Yay,Yay,Yay,Yay,Yay,Nay,Yay,Yay,Yay,Yay,Yay,Yay
Meade,Yay,Yay,Yay,Yay,Yay,Yay,Yay,Yay,Yay,Yay,Yay,Yay,Yay,Yay,Yay,Yay,Yay,Yay,Yay,Yay,Yay,Yay,Yay,Yay,Yay,Yay,Yay,Yay,Yay,Yay,Yay,Yay,Yay,Yay,Yay,Yay,Yay,Yay,Yay,Yay,Yay,Yay,Yay,Yay,Yay,Yay,Yay,Yay,Yay,Yay,Yay,Yay,Yay,Yay,Yay,Yay,Yay,Yay,Yay,Yay,Yay,Yay,Yay,Yay,Yay,Yay,Yay,Yay,Yay,Yay,Yay,Yay,Yay,Yay,Yay,NV,Yay,Yay,Yay,Yay,Yay,Yay,Yay,Yay,Yay,Yay,Yay,Nay,Yay,Yay,Yay,Yay,Yay,Yay,Yay,Yay,Yay,Yay,Yay,Yay,Yay,Yay,Yay,Yay,Yay,Yay,Yay,Yay,Yay,Yay,Yay,Yay,Yay,Yay,Yay,Yay,Yay,Yay,Yay,Yay,Yay,Yay,Yay,Yay,Yay,Yay,Yay,Yay,Yay,Yay,Yay,Yay,Yay,Yay,Yay,Yay,Yay,Yay,Yay,Yay,Yay,Yay,Yay,Yay,Yay,Yay,Yay,Yay,Yay,Yay,Yay,Yay,Yay,Yay,Yay,Yay,Yay,Yay,Yay,Yay,Yay,Yay,Yay,Yay,Yay,Yay,Yay,Yay,Yay,Yay,Yay,Yay,Yay,Yay
Meeks,Yay,Yay,Nay,NV,NV,Yay,Nay,Yay,Yay,Yay,Nay,Yay,Yay,Yay,Yay,NV,Yay,Yay,Yay,Yay,Yay,Nay,Nay,NV,Yay,Nay,Yay,NV,Yay,NV,NV,Yay,NV,Yay,Yay,Yay,Nay,Yay,Yay,Yay,Nay,Yay,NV,NV,Nay,NV,Yay,NV,Yay,Yay,NV,Yay,NV,Yay,Yay,Yay,Nay,Yay,Yay,Yay,NV,Yay,NV,Yay,Yay,Yay,Yay,Yay,Nay,Yay,Nay,Yay,Yay,Yay,NV,NV,Yay,Yay,Yay,Nay,Yay,Yay,Yay,Yay,Yay,Nay,Yay,Yay,Yay,NV,Yay,Yay,Yay,Yay,NV,Yay,Nay,Yay,NV,Yay,Nay,Yay,Nay,Yay,Yay,Yay,NV,Yay,Yay,Nay,NV,Yay,NV,NV,NV,Nay,Yay,Yay,Yay,Yay,Nay,Nay,Yay,Yay,Nay,Yay,Nay,NV,Yay,Yay,Yay,NV,Yay,NV,Yay,NV,NV,Nay,Yay,Yay,Yay,Yay,Yay,Nay,Yay,Yay,Yay,Yay,Yay,Yay,Nay,Yay,Nay,Nay,Yay,Yay,Nay,Yay,Yay,Yay,Yay,Yay,Nay,NV,Yay,Yay,Yay,NV,NV,Nay,Yay,NV,NV,Yay
Meredith,Yay,Yay,Yay,Yay,Yay,Yay,Yay,Yay,Yay,Yay,Yay,Yay,Yay,Yay,Yay,Yay,Yay,Yay,Yay,Yay,Yay,Yay,Yay,Yay,Yay,Yay,Yay,Yay,Yay,Yay,Yay,Yay,Yay,Yay,Yay,Yay,Yay,Yay,Yay,Yay,Yay,Yay,Yay,Yay,Yay,Yay,Yay,Yay,Yay,Yay,Yay,Yay,Yay,Yay,Yay,Yay,Yay,Yay,Yay,Yay,Yay,Yay,Yay,Yay,Yay,Yay,Yay,Yay,Nay,Yay,Yay,Yay,Yay,Yay,Yay,Yay,Yay,Yay,Yay,Yay,Yay,Yay,Yay,Yay,Yay,Yay,Yay,Yay,Yay,Yay,Yay,Yay,Yay,Yay,Yay,Yay,Yay,Yay,Yay,Yay,Yay,Yay,Yay,Yay,Yay,Yay,Yay,Yay,Yay,Yay,Yay,Yay,Yay,Yay,Yay,Yay,Yay,Yay,Yay,Yay,Yay,Yay,Yay,Yay,Yay,Yay,Yay,Yay,Yay,Yay,Yay,Yay,Yay,Yay,Yay,Yay,Yay,Yay,Yay,Yay,Yay,Yay,Yay,Yay,Yay,Yay,Yay,Yay,Yay,Yay,Yay,Yay,Yay,Yay,Yay,Yay,Yay,Yay,Yay,Yay,Yay,Yay,Yay,Yay,Yay,Yay,Yay,Nay,Yay,Yay,Yay,Yay,Yay,Yay
Meyer,Yay,Yay,Yay,Yay,Yay,Yay,Nay,Yay,Yay,Yay,Nay,Yay,Yay,Yay,Yay,Yay,Yay,Yay,Yay,Yay,Yay,NV,Nay,Yay,Yay,Nay,Yay,Yay,Yay,NA,Yay,Yay,Yay,Yay,Yay,Yay,Yay,Yay,Yay,Yay,Yay,Yay,NV,NV,NV,Yay,Yay,Nay,NV,Yay,Nay,Yay,NV,Yay,Yay,Yay,NV,Yay,Yay,Yay,Nay,Yay,NV,Yay,Yay,Yay,Yay,Yay,NV,Yay,Yay,Yay,Yay,NV,Nay,Yay,Yay,Yay,Yay,Yay,Yay,Yay,Yay,Yay,Yay,Yay,Yay,Yay,Yay,Yay,Yay,Yay,Yay,Yay,Nay,Yay,Yay,Yay,Yay,Yay,Nay,Yay,Nay,Yay,Yay,Yay,Yay,Yay,Yay,Yay,Yay,Yay,Yay,Yay,Nay,Nay,Yay,Yay,Yay,Yay,Yay,Nay,Yay,Yay,NV,Yay,Nay,Nay,Yay,Yay,Yay,Nay,Yay,Nay,Yay,NV,Yay,Nay,Nay,Yay,Yay,Yay,Yay,Nay,Yay,Yay,Yay,Yay,Yay,Yay,NA,Yay,Nay,NA,Yay,Yay,Yay,Yay,Yay,Yay,Yay,Yay,NV,Yay,Yay,Yay,Yay,Nay,Yay,Nay,Yay,Yay,NV,NV
Miles,Yay,Yay,Yay,Yay,Yay,Yay,Yay,Yay,Yay,Yay,Yay,Yay,Yay,Yay,Yay,Yay,Yay,Yay,Yay,Yay,Yay,Yay,Yay,Yay,Yay,Yay,Yay,Yay,Yay,Yay,NV,Yay,Yay,Yay,Yay,Yay,Yay,Yay,Yay,Yay,Yay,Yay,Yay,Yay,Yay,Yay,Yay,NV,Yay,Yay,Yay,Yay,Yay,Yay,Yay,Yay,Yay,Yay,NV,Yay,Yay,Yay,Yay,Yay,Yay,Yay,Yay,Yay,Yay,Yay,Yay,Yay,Yay,Yay,Yay,NV,Yay,Yay,Yay,Yay,Yay,Yay,NV,Yay,Yay,Yay,Yay,NV,Yay,Yay,Yay,Yay,Yay,Yay,Yay,Yay,NV,NV,Yay,Yay,NV,Yay,NV,Yay,Yay,Yay,Yay,Yay,Yay,Yay,Yay,NV,Yay,Yay,Yay,Yay,Yay,Yay,Yay,Yay,NV,NV,Yay,Yay,Yay,Yay,Yay,Yay,Yay,NV,Yay,Yay,Yay,Yay,Yay,Yay,Yay,NV,NV,NV,Yay,Yay,Yay,NV,Yay,Yay,NV,Yay,Yay,Yay,NV,Yay,Yay,NV,NV,NV,Yay,NV,NV,NV,Yay,Yay,NV,Yay,NV,Yay,NV,Yay,Yay,Yay,NV,Yay,Yay,NV
Miller C,NV,Yay,Yay,Yay,Yay,Yay,Nay,NV,Yay,Yay,Nay,Yay,Yay,Yay,Yay,Yay,Yay,Yay,Yay,Yay,Yay,NV,Nay,Yay,Yay,Nay,NV,Yay,Yay,NV,Yay,Yay,Yay,Yay,Yay,Yay,NV,Yay,Yay,NV,Yay,NV,Yay,NV,Yay,NV,Yay,Nay,NV,Yay,Nay,Yay,NA,Yay,Yay,Yay,Nay,Yay,Yay,Yay,Nay,Yay,NV,Yay,Yay,Yay,Yay,Yay,Nay,Yay,Yay,NV,Yay,Yay,Nay,NV,Yay,Yay,Yay,NV,Yay,Yay,NV,Yay,Yay,Nay,Yay,NV,Yay,Yay,Yay,Yay,Yay,NV,Nay,Yay,NV,NV,Yay,Yay,NV,Yay,Nay,Yay,NV,Yay,Yay,NV,Yay,Yay,NV,NV,NV,Yay,NV,NV,Yay,NV,Yay,Yay,NV,NV,Yay,Yay,NV,NV,Yay,NV,NV,NV,Yay,NV,Yay,NA,Yay,NV,NV,Nay,NV,NV,Yay,Yay,Yay,Nay,Yay,Yay,Yay,Yay,Yay,Yay,NA,Yay,NV,NA,Yay,Yay,Yay,Yay,Yay,Yay,Yay,Yay,NV,Yay,Yay,Yay,Yay,Nay,Yay,Yay,Yay,Yay,NV,NV
Miller J,Yay,Yay,NV,Yay,Yay,Yay,Yay,Yay,Yay,Yay,Yay,Yay,Yay,Yay,Yay,Yay,Yay,Yay,Yay,Yay,Yay,Yay,Yay,Yay,Yay,Yay,Yay,Yay,Yay,Yay,NV,Yay,Yay,Yay,Yay,Yay,Yay,Yay,Yay,Yay,Yay,Yay,Yay,Yay,Yay,Yay,Yay,Yay,Yay,Yay,Yay,Yay,Yay,Yay,Yay,Yay,Yay,Yay,Yay,Yay,Yay,Yay,Yay,Yay,Yay,Yay,Yay,Yay,Yay,Yay,Yay,Yay,Yay,Yay,Yay,Yay,Yay,Yay,Yay,Yay,Yay,Yay,Yay,Yay,Yay,Yay,Yay,Yay,Yay,Yay,Yay,Yay,Yay,Yay,Yay,Yay,Yay,Yay,Yay,Yay,Yay,Yay,Yay,Yay,Yay,Yay,Yay,Yay,Yay,Yay,Yay,Yay,Yay,Yay,Yay,Yay,Yay,Yay,Yay,Yay,Yay,Yay,Yay,Yay,Yay,Yay,Yay,Yay,Yay,Yay,Yay,Yay,Yay,Yay,Yay,Yay,Yay,Yay,Yay,Yay,Yay,Yay,Yay,Yay,Yay,Yay,Yay,Yay,Yay,Yay,Yay,Yay,Yay,Yay,Yay,Yay,Yay,Yay,Yay,Yay,Yay,Yay,Yay,Yay,Yay,Yay,Yay,Yay,Yay,Yay,Yay,Yay,Yay,Yay
Mills,Yay,Yay,Yay,Yay,Yay,Yay,Yay,Yay,Yay,Yay,Yay,Yay,Yay,Yay,Yay,Yay,Yay,Yay,Yay,Yay,Yay,Yay,Yay,Yay,Yay,Yay,Yay,Yay,Yay,Yay,Yay,Yay,Yay,Yay,Yay,Yay,Yay,Yay,Yay,Yay,Yay,Yay,Yay,Yay,Yay,Yay,Yay,Yay,Yay,Yay,Yay,Yay,Yay,Yay,Yay,Yay,Yay,Yay,Yay,Yay,Yay,Yay,Yay,Yay,Yay,Yay,Yay,Yay,Yay,Yay,Yay,Yay,Yay,Yay,Yay,Yay,Yay,Yay,Yay,Yay,Yay,Yay,Yay,Yay,Yay,Yay,Yay,Yay,Yay,Yay,Yay,Yay,Yay,Yay,Yay,Yay,Yay,Yay,Yay,Yay,Yay,Yay,Yay,Yay,Yay,Yay,Yay,Yay,Yay,Yay,Yay,Yay,Yay,Yay,Yay,Yay,Yay,Yay,Yay,Yay,Yay,Yay,Yay,Yay,Yay,Yay,Yay,Yay,Yay,Yay,Yay,Yay,Yay,NV,Yay,Yay,Yay,Nay,Yay,Yay,Yay,Yay,Yay,Yay,Yay,Yay,Yay,Yay,Yay,Yay,Yay,Yay,Yay,Yay,Yay,Yay,Yay,Yay,Yay,Yay,Yay,Yay,Yay,Yay,Yay,Yay,Yay,Yay,Yay,Yay,Yay,Yay,Yay,Yay
Moffett,Yay,Nay,Yay,Yay,Yay,Yay,NV,Yay,Yay,Yay,Nay,Yay,Yay,Yay,Yay,Yay,Yay,Yay,Yay,Yay,Yay,Yay,Yay,Yay,Yay,Yay,Yay,Yay,Yay,Yay,Nay,Yay,Yay,Yay,Yay,Yay,Yay,Yay,Yay,Yay,Yay,Yay,Yay,Yay,Yay,Yay,NV,Yay,Yay,Yay,Yay,Yay,Yay,Nay,Yay,Yay,Yay,Yay,Yay,Yay,Yay,Yay,Yay,Yay,Yay,Yay,Yay,Yay,Yay,Yay,Yay,Yay,Yay,Yay,Yay,Yay,Yay,Yay,Yay,Abs,Yay,Yay,Yay,Yay,Yay,Yay,Yay,Yay,Yay,Yay,Yay,Yay,Yay,Yay,Yay,Yay,Yay,Yay,Yay,Yay,Yay,Yay,Yay,Yay,Yay,Yay,Yay,Yay,Yay,Yay,Yay,Yay,Yay,Yay,Yay,Yay,Yay,Yay,Yay,Yay,Yay,Yay,Yay,Yay,Yay,Nay,Yay,Yay,Yay,Yay,Yay,Yay,Nay,Yay,Yay,Yay,Yay,Yay,Yay,Yay,Yay,Yay,Yay,Yay,Yay,Yay,Yay,Yay,Yay,Yay,Yay,Yay,Yay,Yay,Yay,Yay,Yay,Yay,Yay,Yay,Yay,Yay,Yay,Yay,Yay,Yay,Yay,Yay,Yay,Yay,Yay,Yay,Yay,Yay
Moore,Yay,Yay,Yay,Yay,Yay,Yay,Yay,Yay,Yay,Yay,Yay,Yay,Yay,Yay,Yay,Yay,Yay,Yay,Yay,Yay,Yay,Yay,Yay,Yay,Yay,Yay,Yay,Yay,Yay,Yay,Yay,Yay,Yay,Yay,Yay,Yay,Yay,Yay,Yay,Yay,Yay,Yay,Yay,Yay,Yay,Yay,Yay,Yay,Yay,Yay,Yay,Yay,Yay,Yay,Yay,Yay,Yay,Yay,Yay,Yay,Yay,Yay,Yay,Yay,Yay,Yay,Yay,Yay,Yay,Yay,Yay,Yay,Yay,Yay,Yay,Nay,Yay,Yay,Yay,Yay,Yay,Yay,Yay,Yay,Yay,Yay,Yay,NV,Yay,Yay,Yay,Yay,Yay,Yay,Yay,Yay,Yay,Yay,Yay,Yay,Yay,Yay,Yay,Yay,Yay,Yay,Yay,Yay,Yay,Yay,Yay,Yay,Yay,Yay,Yay,Yay,Yay,Yay,Yay,Yay,Yay,Yay,Yay,Yay,Yay,Yay,Yay,Yay,Yay,Yay,Yay,Yay,Yay,Yay,Yay,Yay,Yay,Yay,Yay,Yay,Yay,Yay,Yay,Yay,Yay,Yay,Yay,Yay,Yay,Yay,Yay,Yay,Yay,Yay,Yay,Yay,Yay,Yay,Yay,Yay,Yay,Yay,Yay,Yay,Yay,Yay,Yay,Yay,Yay,Yay,Yay,Yay,Yay,Yay
Morgan,Yay,Yay,Yay,Yay,Yay,Yay,Yay,Yay,NV,Yay,Yay,Yay,Yay,Yay,Yay,Yay,Yay,Yay,Yay,Yay,Yay,Yay,Yay,Yay,Yay,Yay,Yay,Yay,Yay,Yay,NV,Yay,Yay,Yay,Yay,Yay,Yay,Yay,Yay,Yay,Yay,Yay,Yay,Yay,Yay,NV,Yay,Yay,Yay,Yay,Yay,Yay,Yay,Yay,Yay,Yay,Yay,Yay,Yay,Yay,Yay,Yay,Yay,Yay,Yay,Yay,Yay,Yay,Yay,Yay,Yay,Yay,Yay,Yay,Yay,Yay,Yay,Yay,Yay,Yay,Yay,Yay,NV,Yay,Yay,Yay,Yay,NV,Yay,Yay,Yay,Yay,Yay,Yay,Yay,Yay,NV,NV,Yay,Yay,NV,Yay,Yay,Yay,Yay,Yay,Yay,Yay,Yay,Yay,Yay,NV,Yay,Yay,Yay,Yay,Yay,Yay,Yay,Yay,NV,NV,Yay,Yay,Yay,Yay,Yay,Yay,Yay,NV,Yay,Yay,Nay,Yay,Yay,Yay,Yay,Yay,NV,NV,Yay,NV,Yay,NV,Yay,Yay,NV,Yay,Yay,Yay,NV,Yay,Yay,NV,NV,NV,Yay,NV,NV,NV,Yay,Yay,NV,Yay,Yay,Yay,NV,Nay,Yay,Yay,NV,Yay,Yay,NV
Moser,Yay,Yay,Yay,Yay,Yay,Yay,Yay,Yay,Yay,Yay,Yay,Yay,Yay,Yay,Yay,Yay,Yay,Yay,Yay,Yay,Yay,Yay,Yay,Yay,Yay,Yay,Yay,Yay,Yay,Yay,Yay,Yay,Yay,Yay,Yay,Yay,Yay,Yay,Yay,Yay,Yay,Yay,Yay,Yay,Yay,Yay,Yay,Yay,Yay,Yay,Yay,Yay,Yay,Yay,Yay,Yay,Yay,Yay,Yay,Yay,Yay,Yay,Yay,Yay,Yay,Yay,Yay,Yay,Yay,Yay,Yay,Yay,Yay,NV,NV,Yay,Yay,Yay,Yay,Yay,Yay,Yay,Yay,Yay,Yay,Yay,Yay,Yay,Yay,Yay,Yay,Yay,Yay,Yay,Yay,Yay,NV,Yay,Yay,Yay,Yay,Yay,Yay,Yay,Yay,Yay,Yay,Yay,Yay,Yay,Yay,NV,Yay,Yay,Yay,Yay,Yay,Yay,Yay,Yay,Yay,Yay,Yay,Yay,Yay,Yay,Yay,Yay,Yay,Yay,Yay,Yay,Nay,Yay,Yay,Yay,Yay,Yay,Yay,Yay,Yay,Yay,Yay,Yay,Yay,Yay,Yay,Yay,Yay,Yay,Yay,Yay,Yay,Yay,Yay,Yay,Yay,Yay,Yay,Yay,Yay,Yay,Yay,Yay,Yay,Yay,Yay,Yay,Yay,Yay,Yay,Yay,Yay,Yay
Nelson,Yay,Yay,Yay,Yay,Yay,Yay,Nay,Yay,Yay,Yay,Nay,Yay,Yay,Yay,Yay,Yay,Yay,Yay,Yay,Yay,Yay,NV,Nay,Yay,Yay,Nay,Yay,Yay,Yay,Yay,Nay,Yay,Yay,Yay,Yay,Yay,Nay,Yay,Yay,Yay,Yay,Yay,Yay,Yay,Yay,Yay,Yay,Nay,Yay,Yay,Nay,Yay,Yay,NV,Yay,Yay,Yay,Yay,Yay,Yay,Yay,Yay,Yay,Yay,Yay,Yay,Yay,Yay,NV,Yay,Yay,Yay,Yay,Yay,Nay,Nay,Yay,Yay,Yay,Yay,Yay,Yay,Yay,Yay,Yay,Yay,Yay,Nay,Yay,Yay,Yay,Yay,Yay,Yay,Nay,Yay,Yay,Yay,Yay,Yay,Nay,Yay,Nay,Yay,Yay,Yay,Yay,NV,Yay,Yay,Yay,Yay,Yay,Yay,Yay,Yay,Yay,Yay,Yay,Yay,Yay,Nay,Yay,Yay,Yay,Nay,Nay,Yay,Yay,Yay,Yay,Yay,Nay,Yay,Yay,Yay,Yay,Nay,Yay,Yay,Yay,Yay,Yay,Nay,Yay,Yay,Yay,Yay,Yay,Yay,Yay,Yay,Nay,Nay,Yay,Yay,Yay,Yay,Yay,Yay,Yay,Yay,Yay,Yay,Yay,Yay,Yay,Nay,Yay,Yay,Yay,Yay,Yay,Yay
Nemes,Yay,Nay,Yay,Yay,Yay,Yay,Yay,Yay,Yay,Yay,Yay,Yay,Yay,Yay,Yay,Yay,Yay,Yay,Yay,Yay,Yay,Yay,Yay,Yay,Yay,Yay,Yay,Yay,Yay,Yay,Yay,Yay,Yay,Yay,Yay,Yay,Yay,Yay,Yay,Yay,Yay,Yay,Yay,Yay,Yay,Yay,Yay,Yay,Yay,Yay,Yay,Yay,Yay,Yay,Yay,Yay,Yay,Yay,Yay,Yay,Yay,Yay,Yay,Yay,Yay,Yay,Yay,Yay,Yay,Yay,Yay,Yay,Yay,Yay,Yay,Yay,Yay,Yay,Yay,Yay,Yay,Yay,Yay,Yay,Yay,Yay,Yay,Yay,Yay,Yay,Yay,Yay,Yay,Yay,Yay,Yay,Yay,Yay,Yay,Yay,Yay,Yay,Yay,Yay,Yay,Yay,Yay,Yay,Yay,Yay,Yay,Yay,Yay,Yay,NV,Yay,Yay,Yay,Yay,Yay,Yay,Yay,Yay,Yay,Yay,Yay,Yay,Yay,Yay,Yay,Yay,Yay,Yay,Yay,Yay,Yay,Yay,Yay,Yay,Yay,Yay,Yay,Yay,Yay,Yay,Yay,Yay,Yay,Yay,Yay,Yay,Yay,Yay,Yay,Yay,Yay,Yay,Yay,Yay,Yay,Yay,Yay,Yay,Yay,Yay,Yay,Yay,Yay,Yay,Yay,Yay,Yay,Yay,Yay
Osborne,Yay,Yay,Yay,Yay,Yay,Yay,Yay,Yay,Yay,Yay,Yay,Yay,Yay,Yay,Yay,Yay,Yay,Yay,Yay,Yay,Yay,Yay,Yay,Yay,Yay,Yay,Yay,Yay,Yay,Yay,Yay,Yay,Yay,Yay,Yay,Yay,Yay,Yay,Yay,Yay,Yay,Yay,Yay,Yay,Yay,Yay,Yay,Yay,Yay,Yay,Yay,Yay,Yay,Yay,Yay,Yay,Yay,Yay,Yay,Yay,Yay,Yay,Yay,Yay,Yay,Yay,Yay,Yay,Yay,Yay,Yay,Yay,Yay,Yay,Yay,Yay,Yay,Yay,Yay,Yay,Yay,Yay,Yay,Yay,Yay,Yay,Yay,Yay,Yay,Yay,Yay,Yay,Yay,Yay,Yay,Yay,Yay,Yay,Yay,Yay,Yay,Yay,Yay,Yay,Yay,Yay,Yay,Yay,Yay,Yay,Yay,Yay,Yay,Yay,Yay,Yay,Yay,Yay,Yay,Yay,Yay,Yay,Yay,Yay,Yay,Yay,Yay,Yay,Yay,Yay,Yay,Yay,Yay,Yay,Yay,Yay,Yay,Yay,Yay,Yay,Yay,Yay,Yay,Yay,Yay,Yay,Yay,Yay,Yay,Yay,Yay,Yay,Yay,Yay,Yay,Yay,Yay,Yay,Yay,Yay,Yay,Yay,Yay,Yay,Yay,Yay,Yay,Yay,Yay,Yay,Yay,Yay,Yay,Yay
Overly,Yay,Yay,NV,Yay,NV,Yay,Nay,Yay,Yay,Yay,Nay,NV,NV,NV,NV,Yay,Yay,NV,Yay,Yay,NV,Nay,NV,NV,Yay,Nay,Yay,Yay,Yay,NV,Yay,Yay,NV,Yay,Yay,Yay,Nay,Yay,NV,Yay,Yay,Yay,Yay,Nay,Yay,Yay,Yay,Nay,Yay,Yay,Nay,Yay,NV,Nay,Nay,Yay,NV,Yay,Yay,Yay,Nay,Yay,Yay,Yay,Yay,Yay,Yay,Yay,Nay,NV,Yay,Yay,Yay,Yay,NV,Yay,NV,Yay,NV,Yay,Yay,Yay,Yay,Yay,Yay,Nay,Yay,Nay,Yay,Yay,Yay,Yay,Yay,Yay,NV,Yay,NV,Yay,Yay,Yay,Nay,Yay,Nay,Yay,Yay,Yay,Yay,Yay,Yay,Yay,Yay,Yay,Yay,NV,Nay,Nay,Yay,Yay,Yay,Yay,Nay,Nay,Yay,NV,Nay,Yay,Nay,Nay,Yay,Yay,Yay,Nay,Yay,Nay,NV,Yay,Yay,Nay,Yay,NV,Yay,Yay,Yay,Nay,Yay,Nay,Yay,Yay,Yay,NV,Yay,Nay,Nay,Nay,Yay,Yay,NV,Yay,Yay,Yay,NV,Yay,Yay,NV,Yay,Yay,Yay,Nay,Yay,Nay,Yay,Yay,NV,Yay
Owens,Yay,NV,Nay,NV,NV,Yay,Nay,Yay,NV,Yay,NV,Yay,Yay,Yay,Yay,Yay,NV,Yay,Yay,Yay,Yay,Nay,Nay,Yay,Yay,Nay,Yay,Yay,Yay,NV,NV,Yay,Yay,Yay,NV,Yay,Yay,Yay,Yay,Yay,Nay,Yay,NV,Nay,NV,Yay,NV,NV,Yay,Yay,Nay,Yay,NV,Nay,Yay,Yay,Nay,NV,Yay,Yay,NV,NV,Nay,Yay,NV,Yay,NV,Yay,NV,Yay,NV,Yay,Yay,Yay,Nay,Nay,Nay,Yay,Yay,Nay,NV,Yay,Yay,NV,Yay,NV,Yay,Yay,Yay,NV,Yay,NV,NV,NV,Nay,Yay,Nay,Yay,Yay,Yay,Nay,Yay,Nay,Yay,Yay,Yay,Yay,Yay,Yay,Yay,Yay,Yay,Yay,Yay,Nay,Nay,Yay,Yay,Yay,Yay,Yay,Nay,Yay,Yay,Nay,Yay,Nay,Nay,NV,Yay,NV,Nay,NV,Nay,Yay,Nay,Yay,Nay,Yay,NV,Yay,NV,NV,Nay,Yay,NV,Yay,NV,NV,Yay,Yay,Yay,NV,Nay,Yay,Yay,NV,Yay,Yay,Yay,Yay,Yay,Nay,NV,Yay,NV,Yay,Nay,NV,Nay,Yay,NV,NV,Yay
Palumbo,Yay,Yay,Yay,Yay,Yay,Yay,Nay,Yay,NV,Yay,Yay,Yay,Yay,Yay,Yay,Yay,Yay,Yay,Yay,Yay,Yay,Nay,Nay,Yay,Yay,Nay,Yay,Yay,Yay,Yay,Yay,Yay,Yay,NV,NV,Yay,Nay,Yay,Yay,Yay,NV,Yay,NV,Yay,Yay,Yay,NV,Nay,NV,Yay,Nay,NV,NV,Yay,Yay,Yay,Nay,NV,Yay,Yay,Yay,Yay,Yay,Yay,NV,NV,Yay,Yay,Nay,Yay,Yay,Yay,Yay,Yay,Yay,Yay,Yay,Yay,Yay,Yay,Yay,Yay,Yay,Yay,Yay,Yay,Yay,NV,Yay,Yay,Yay,Yay,Yay,Yay,Nay,Yay,Yay,Yay,Yay,Yay,Nay,Yay,Nay,Yay,Yay,Yay,Yay,Yay,Yay,Yay,Yay,Yay,Yay,Yay,Nay,Nay,Yay,Yay,Yay,Yay,Yay,Nay,Yay,Yay,Nay,Yay,NV,Yay,Yay,Yay,NV,Nay,Yay,Nay,Yay,Yay,Yay,Nay,Yay,Yay,Yay,Yay,Yay,Nay,Yay,NV,Yay,Yay,Yay,Yay,Yay,Yay,NV,Yay,Yay,Yay,NV,Yay,Yay,Yay,Yay,Yay,Yay,Yay,Yay,Yay,Yay,Nay,NV,Yay,Yay,NV,Nay,Yay
Petrie,Yay,Yay,Yay,Yay,Yay,Yay,Yay,Yay,Yay,Yay,Yay,Yay,Yay,Yay,Yay,Yay,Yay,Yay,Yay,Yay,Yay,Yay,Yay,NV,Yay,Yay,Yay,Yay,Yay,Yay,Yay,Yay,Yay,Yay,Yay,Yay,Yay,Yay,Yay,Yay,Yay,Yay,Yay,Yay,Yay,Yay,Yay,Yay,Yay,Yay,Yay,Yay,Yay,Yay,Yay,Yay,Yay,Yay,Yay,Yay,Yay,Yay,Yay,Yay,Yay,Yay,Yay,Yay,Yay,Yay,Yay,Yay,Yay,Yay,Yay,NV,Yay,Yay,Yay,Yay,Yay,Yay,Yay,Yay,Yay,Yay,Yay,Nay,Yay,Yay,Yay,Yay,Yay,Yay,Yay,Yay,Yay,Yay,Yay,Yay,Yay,Yay,Yay,Yay,Yay,Yay,Yay,Yay,Yay,Yay,Yay,Yay,Yay,Yay,Yay,Yay,Yay,Yay,Yay,Yay,Yay,Yay,Yay,Yay,NV,Yay,Yay,Yay,Yay,Yay,Yay,Yay,Yay,Yay,Yay,Yay,Yay,Yay,Yay,Yay,Yay,Yay,Yay,Yay,Yay,Yay,Yay,Yay,Yay,Yay,Yay,Yay,Yay,Yay,Yay,Yay,Yay,Yay,Yay,Yay,Yay,Yay,Yay,Yay,Yay,Yay,Yay,Nay,Yay,Yay,Yay,Yay,Yay,Yay
Pratt,Yay,Yay,Yay,Yay,Yay,Yay,Yay,Yay,Yay,Yay,Yay,Yay,Yay,Yay,Yay,Yay,Yay,Yay,Yay,NV,Yay,Yay,Yay,Yay,Yay,Yay,Yay,Yay,Yay,Yay,Yay,Yay,Yay,Yay,Yay,Yay,Yay,Yay,Yay,Yay,Yay,Yay,Yay,Yay,Yay,Yay,Yay,NV,Yay,Yay,Yay,Yay,Yay,Yay,Yay,Yay,Yay,Yay,Yay,Yay,Yay,Yay,Yay,Yay,Yay,Yay,Yay,Yay,Yay,Yay,Abs,Yay,Yay,Yay,Yay,Yay,Yay,Yay,Yay,Yay,Yay,Yay,Yay,Yay,Yay,Yay,Yay,Yay,Yay,Yay,Yay,Yay,Yay,Yay,Yay,Yay,Yay,Yay,Yay,Yay,Yay,Yay,Yay,Yay,Yay,Yay,Yay,Yay,Yay,Yay,Yay,Yay,Yay,Yay,Yay,Yay,Yay,Yay,Yay,Yay,Yay,Yay,Yay,Yay,Yay,Yay,Yay,Yay,Yay,Yay,Yay,Yay,Nay,Yay,Yay,Yay,Yay,Yay,Yay,Yay,Yay,Yay,Yay,Yay,Yay,Yay,Yay,Yay,Yay,Yay,Yay,Yay,Yay,Yay,Yay,Yay,Yay,Yay,Yay,Yay,Yay,Yay,Yay,Yay,Yay,Yay,Yay,Yay,Yay,Yay,Yay,Yay,Yay,Yay
Prunty,Yay,Yay,Yay,Yay,Yay,Yay,Yay,Yay,Yay,Yay,Yay,Yay,Yay,Yay,Yay,Yay,Yay,Yay,Yay,Yay,Yay,Yay,Yay,Yay,Yay,Yay,Yay,Yay,Yay,Yay,NV,Yay,Yay,Yay,Yay,Yay,Yay,Yay,Yay,Yay,Yay,Yay,Yay,Yay,Yay,Yay,Yay,Yay,Yay,Yay,Yay,Yay,Yay,Yay,Yay,Yay,Yay,Yay,Yay,Yay,NV,Yay,Yay,Yay,Yay,Yay,Yay,Yay,Yay,Yay,Yay,Yay,Yay,Yay,Nay,Yay,Yay,Yay,Yay,Yay,Yay,Yay,Yay,Yay,Yay,Yay,Yay,Yay,Yay,Yay,Yay,Yay,Yay,Yay,Yay,Yay,Yay,Yay,Yay,Yay,Yay,Yay,Yay,Yay,Yay,Yay,Yay,Yay,Yay,Yay,Yay,Yay,Yay,Yay,Yay,Yay,Yay,Yay,Yay,Yay,Yay,Yay,Yay,Yay,Yay,Yay,Yay,Yay,Yay,Yay,Yay,Yay,Yay,Yay,Yay,Yay,Yay,Yay,Yay,Yay,Yay,Yay,Yay,Yay,Yay,Yay,Yay,Yay,Yay,Yay,Yay,Yay,Yay,Yay,Yay,Yay,Yay,Yay,Yay,Yay,Yay,Yay,Yay,Yay,Yay,Yay,Yay,Yay,Yay,Yay,Yay,Yay,Yay,Yay
Rader,NV,NV,NV,NV,NV,NV,NV,NV,NV,NV,NV,NV,NV,NV,NV,NV,NV,NV,NV,NV,NV,NV,NV,NV,NV,NV,NV,NV,NV,NV,NV,NV,NV,NV,NV,NV,NV,NV,NV,NV,NV,NV,NV,NV,NV,NV,NV,NV,NV,NV,NV,NV,NV,NV,NV,NV,NV,NV,NV,NV,NV,NV,NV,NV,NV,NV,NV,NV,NV,NV,NV,NV,NV,NV,NV,NV,NV,NV,NV,NV,NV,NV,NV,NV,NV,NV,NV,NV,NV,NV,NV,NV,NV,NV,NV,NV,NV,NV,NV,NV,NV,NV,NV,NV,NV,NV,NV,NV,NV,NV,NV,NV,NV,NV,NV,NV,NV,NV,NV,NV,NV,NV,NV,NV,NV,NV,NV,NV,NV,NV,NV,NV,NV,NV,NV,NV,NV,NV,NV,NV,NV,NV,NV,NV,NV,NV,NV,NV,NV,NV,NV,NV,NV,NV,NV,NV,NV,NV,NV,NV,NV,NV,NV,NV,NV,NV,NV,NV,NV,NV,NV,NV,NV,NV
Rand,Yay,Yay,Yay,NV,NV,Yay,Nay,Yay,Yay,Yay,Nay,Yay,Yay,Yay,Yay,Yay,Yay,Yay,Yay,Yay,Yay,NV,Nay,Yay,Yay,Nay,Yay,Yay,Yay,Yay,NV,Yay,Yay,Yay,Yay,Yay,Nay,Yay,Yay,Yay,Yay,Yay,NV,Yay,Yay,Yay,Yay,NV,NV,Yay,Nay,Yay,Yay,Yay,Nay,Yay,Nay,Yay,Yay,NV,NV,Yay,Yay,Yay,Yay,Yay,Yay,Yay,Nay,Yay,Yay,Yay,Yay,Yay,Nay,Nay,Yay,Yay,Yay,Yay,Yay,Yay,NV,Yay,Yay,NV,Yay,Nay,Yay,Yay,Yay,Yay,Yay,Yay,Nay,Yay,Yay,Yay,Yay,Yay,Nay,Yay,Nay,Yay,Yay,Yay,Yay,NV,Yay,Yay,Yay,Yay,NV,Yay,Nay,Nay,Yay,Yay,Yay,Yay,Yay,Nay,Yay,Yay,Yay,Yay,Nay,Yay,Yay,Yay,Yay,Nay,Yay,NV,Yay,Yay,Yay,Nay,Nay,NV,Yay,Yay,Yay,Nay,Yay,Yay,Yay,Yay,Yay,Yay,Yay,Yay,Nay,Nay,Yay,Yay,Yay,Yay,Yay,Yay,Yay,Yay,Yay,Yay,Yay,Yay,Yay,Nay,Yay,Yay,Yay,Yay,Yay,Yay
Reed,Yay,Yay,Yay,Yay,Yay,Yay,Yay,Yay,Yay,Yay,Yay,Yay,Yay,Yay,Yay,Yay,Yay,Yay,Yay,Yay,Yay,Yay,Yay,Yay,Yay,Nay,Yay,Yay,Yay,Yay,Yay,Yay,Yay,Yay,Yay,Yay,Yay,Yay,Yay,Yay,Yay,Yay,Yay,Yay,Yay,Yay,Yay,Yay,Yay,Yay,Yay,Yay,Yay,Yay,Yay,Yay,Yay,Yay,Yay,Yay,Yay,Yay,Yay,Yay,Yay,Yay,Yay,Yay,Yay,Yay,Yay,Yay,Yay,Yay,Yay,Yay,Yay,Yay,Yay,Yay,Yay,Yay,Yay,Yay,Yay,Yay,Yay,Yay,Yay,Yay,Yay,Yay,Yay,Yay,Yay,Yay,Yay,Yay,Yay,Yay,Yay,Yay,Yay,Yay,Yay,Yay,Yay,Yay,Yay,Yay,Yay,Yay,Yay,Yay,Yay,Yay,Yay,Yay,Yay,Yay,Yay,Yay,Yay,Yay,Yay,Yay,Yay,Yay,Yay,Yay,Yay,Yay,Yay,Yay,Yay,Yay,Yay,Yay,Yay,Yay,Yay,Yay,Yay,Yay,Yay,Yay,Yay,Yay,Yay,Yay,Yay,Yay,Yay,Yay,Yay,Yay,Yay,Yay,Yay,Yay,Yay,Yay,Yay,Yay,Yay,Yay,Yay,Nay,Yay,Yay,Yay,Yay,Yay,Yay
Richards,Yay,Yay,Yay,Yay,Yay,Yay,Nay,Yay,Yay,Yay,Yay,Yay,Yay,Yay,Yay,Yay,Yay,Yay,Yay,Yay,Yay,Yay,Nay,Yay,Yay,Yay,Yay,Yay,Yay,Yay,Yay,Yay,Yay,Yay,Yay,Yay,Yay,Yay,Yay,Yay,Nay,Yay,NV,Yay,Yay,Yay,Yay,Nay,Yay,Yay,Nay,Yay,Yay,NV,Yay,Yay,Yay,Yay,Yay,Yay,Yay,Yay,Yay,Yay,Yay,Yay,Yay,Yay,Nay,Yay,Yay,Yay,Yay,Yay,Nay,Nay,NV,Yay,Yay,Yay,Yay,Yay,Yay,Yay,Yay,Yay,Yay,Yay,Yay,Yay,Yay,Yay,Yay,Yay,Nay,Yay,Yay,Yay,Yay,Yay,Nay,Yay,Nay,Yay,Yay,Yay,Yay,Yay,Yay,Yay,Yay,Yay,Yay,Yay,NV,Yay,Yay,Yay,Yay,Yay,Yay,Nay,Yay,Yay,NV,Yay,Yay,Nay,Yay,Yay,Yay,Yay,Yay,Nay,Yay,Yay,Yay,Nay,Yay,Yay,Yay,Yay,Yay,Yay,Yay,Yay,Yay,Yay,Yay,Yay,Yay,Yay,Yay,Yay,Yay,Yay,Yay,Yay,Yay,Yay,Yay,Yay,Yay,Yay,Yay,Yay,Yay,Nay,Yay,Yay,Yay,Yay,Yay,Yay
Riggs,Yay,Yay,Yay,Yay,Yay,Yay,Nay,Yay,Yay,Yay,Yay,Yay,Yay,NV,Yay,Yay,Yay,Yay,Yay,Yay,Yay,Yay,Nay,Yay,Yay,Yay,Yay,NV,Yay,Yay,Yay,Yay,Yay,NV,Yay,Yay,Yay,Yay,Yay,NV,NV,Yay,Yay,Nay,Yay,Yay,Yay,Yay,NV,NV,NV,NV,Yay,Yay,NV,NV,NV,Yay,Yay,NV,Nay,Yay,Yay,NV,Yay,NV,Yay,NV,Yay,Yay,Yay,Yay,NV,Yay,Nay,Yay,Yay,Yay,Yay,Yay,Yay,Yay,Yay,Yay,NV,Yay,Yay,Yay,Yay,Yay,Yay,Yay,Yay,Yay,Yay,Yay,Yay,Yay,Yay,Yay,Yay,Yay,Yay,Yay,Yay,Yay,Yay,Yay,Yay,Yay,Yay,Yay,Yay,Yay,Yay,Yay,Yay,Yay,Yay,Yay,Yay,Yay,Yay,Yay,Nay,Yay,NV,Yay,Yay,Yay,Yay,Nay,Yay,Yay,Yay,Yay,Yay,Nay,Yay,Yay,Yay,Yay,Yay,Nay,NV,Yay,Yay,Yay,Yay,Yay,Yay,Yay,Nay,Nay,Yay,Yay,Yay,Yay,Yay,Yay,Yay,Yay,Yay,Yay,Yay,Yay,Yay,Nay,Yay,Yay,Yay,Yay,Nay,Yay
Riley,Yay,Yay,Yay,Yay,Yay,Yay,NV,Yay,Yay,Yay,Yay,Yay,Yay,Yay,Yay,Yay,Yay,Yay,Yay,Yay,Yay,Yay,Yay,Yay,Yay,Yay,Yay,Yay,Yay,Yay,Yay,Yay,Yay,Yay,Yay,Yay,Yay,Yay,Yay,Yay,Yay,Yay,Yay,Yay,Yay,Yay,Yay,Yay,Yay,Yay,Yay,Yay,Yay,Yay,NV,Yay,Yay,Yay,Yay,Yay,Yay,Yay,Yay,Yay,NV,Yay,Yay,Yay,Nay,Yay,Yay,Yay,Yay,Yay,Yay,NV,Yay,Yay,Yay,Yay,Yay,Yay,Yay,Yay,Yay,Yay,Yay,NV,Yay,Yay,Yay,Yay,Yay,Yay,Yay,Yay,Yay,Yay,Yay,Yay,Yay,Yay,Yay,Yay,Yay,Yay,Yay,Yay,Yay,Yay,Yay,Yay,Yay,Yay,Yay,Yay,Yay,Yay,Yay,Yay,Yay,Yay,Yay,Yay,Yay,Yay,Yay,Yay,Yay,Yay,Yay,Yay,Yay,Yay,Yay,Yay,Yay,Yay,Yay,Yay,Yay,Yay,Yay,Yay,Yay,Yay,Yay,Yay,Yay,Yay,Yay,Yay,Yay,Yay,Yay,Yay,Yay,Yay,Yay,Yay,Yay,Yay,Yay,Yay,Yay,Yay,Yay,Yay,Yay,Yay,Yay,Yay,Yay,Yay
Rothenburger,Yay,Yay,Yay,Yay,Yay,Yay,Yay,Yay,NV,Yay,Yay,Yay,Yay,Yay,Yay,Yay,Yay,Yay,Yay,Yay,Yay,Yay,Yay,Yay,Yay,Yay,Yay,Yay,Yay,Yay,Yay,Yay,Yay,Yay,Yay,Yay,Yay,Yay,Yay,Yay,Yay,Yay,Yay,Yay,Yay,Yay,Yay,Yay,Yay,Yay,Yay,Yay,Yay,Yay,Yay,Yay,Yay,Yay,Yay,Yay,Yay,Yay,Yay,Yay,Yay,Yay,Yay,Yay,Yay,Yay,Yay,Yay,Yay,Yay,Yay,Yay,Yay,Yay,Yay,NV,Yay,Yay,Yay,Yay,Yay,Yay,Yay,Yay,Yay,Yay,Yay,Yay,Yay,Yay,Yay,Yay,Yay,Yay,Yay,Yay,Yay,Yay,NV,Yay,Yay,Yay,Yay,Yay,Yay,Yay,Yay,Yay,Yay,Yay,Yay,Yay,Yay,Yay,Yay,Yay,Yay,Yay,Yay,Yay,Yay,Yay,Yay,Yay,NV,Yay,Yay,Yay,Yay,Yay,Yay,Yay,Yay,Yay,Yay,Yay,Yay,Yay,Yay,Yay,Yay,Yay,Yay,Yay,Yay,Yay,Yay,Yay,Yay,Yay,Yay,Yay,Yay,Yay,Yay,Yay,Yay,Yay,Yay,Yay,Yay,Yay,Yay,Yay,Yay,Yay,Yay,Yay,Yay,Yay
Rowland,Yay,Yay,Yay,Yay,Yay,Yay,NV,Yay,Yay,Yay,Yay,Yay,Yay,Yay,Yay,Yay,Yay,Yay,Yay,Yay,Yay,Yay,Yay,Yay,Yay,Yay,Yay,Yay,Yay,Yay,NV,Yay,Yay,Yay,Yay,Yay,Yay,Yay,Yay,Yay,Yay,Yay,Yay,Yay,Yay,Yay,Yay,Yay,Yay,Yay,Yay,Yay,Yay,Yay,Yay,Yay,Yay,Yay,Yay,Yay,Yay,Yay,Yay,Yay,Yay,Yay,Yay,Yay,Nay,Yay,Yay,Yay,Yay,NV,Yay,Yay,Yay,Yay,Yay,Yay,Yay,Yay,Yay,Yay,Yay,Yay,Yay,Yay,Yay,Yay,Yay,Yay,Yay,Yay,Yay,Yay,Yay,Yay,Yay,Yay,Yay,Yay,Yay,Yay,Yay,Yay,Yay,Yay,Yay,Yay,Yay,Yay,Yay,NV,Yay,Yay,Yay,Yay,Yay,Yay,Yay,Yay,Yay,Yay,Yay,Yay,Yay,Yay,Yay,Yay,Yay,Yay,Yay,Yay,Yay,Yay,Yay,Yay,Yay,Yay,Yay,Yay,Yay,Yay,Yay,Yay,Yay,Yay,Yay,Yay,Yay,Yay,Yay,Yay,Yay,Yay,Yay,Yay,Yay,Yay,Yay,Yay,Yay,Yay,Yay,Yay,Yay,Yay,Yay,Yay,Yay,Yay,Yay,Yay
Rudy,Yay,Yay,Yay,Yay,Yay,Yay,Yay,Yay,Yay,Yay,Yay,Yay,Yay,Yay,Yay,Yay,Yay,Yay,Yay,Yay,Yay,Yay,Yay,Yay,Yay,Yay,Yay,Yay,Yay,Nay,Yay,Yay,Yay,Yay,Yay,Yay,Yay,NV,Yay,Yay,Yay,Yay,Yay,Yay,Yay,Yay,Yay,Yay,Yay,Yay,Yay,Yay,Yay,NV,Yay,Yay,Yay,Yay,Yay,Yay,Yay,Yay,Yay,Yay,Yay,Yay,Yay,Yay,NV,Yay,Yay,Yay,Yay,Yay,Yay,Yay,Yay,Yay,Yay,Yay,Yay,Yay,Yay,Yay,Yay,Yay,Yay,Yay,Yay,Yay,Yay,Yay,Yay,Yay,Yay,Yay,Yay,Yay,Yay,Yay,Yay,Yay,Yay,Yay,Yay,Yay,Yay,Yay,Yay,Yay,Yay,Yay,Yay,Yay,Yay,Yay,Yay,Yay,Yay,Yay,Yay,Yay,Yay,Yay,NV,Yay,Yay,Yay,Yay,Yay,Yay,Yay,Yay,Yay,Yay,Yay,Yay,Yay,Yay,Yay,Yay,Yay,Yay,Yay,Yay,Yay,Yay,Yay,Yay,Yay,Yay,Yay,Yay,Yay,Yay,Yay,Yay,Yay,Yay,Yay,Yay,Yay,Yay,Yay,Yay,Yay,Yay,Yay,Yay,Yay,Yay,Yay,Yay,Yay
Santoro,Yay,Yay,Yay,Yay,Yay,Yay,Yay,Yay,Yay,Yay,Yay,Yay,Yay,Yay,Yay,Yay,Yay,Yay,Yay,Yay,Yay,Yay,Yay,Yay,Yay,Yay,Yay,Yay,Yay,Yay,Yay,Yay,Yay,Yay,Yay,Yay,Yay,Yay,Yay,Yay,Yay,Yay,Yay,Yay,Yay,Yay,Yay,Yay,Yay,Yay,Yay,Yay,Yay,Yay,Yay,Yay,Yay,Yay,Yay,Yay,Yay,Yay,Yay,Yay,Yay,Yay,Yay,Yay,Nay,Yay,Yay,Yay,Yay,Yay,Yay,Yay,Yay,Yay,Yay,Yay,Yay,Yay,Yay,Yay,Yay,Yay,Yay,Yay,Yay,Yay,Yay,Yay,Yay,Yay,Yay,Yay,Yay,Yay,Yay,Yay,Yay,Yay,Yay,Yay,Yay,Yay,Yay,Yay,Yay,Yay,Yay,Yay,Yay,Yay,Yay,Yay,Yay,Yay,Yay,Yay,Yay,Yay,Yay,Yay,Yay,Nay,Yay,Yay,Yay,Yay,Yay,Yay,Nay,Yay,Yay,Yay,Yay,Yay,Yay,Yay,Yay,Yay,Yay,Yay,Yay,Yay,Yay,Yay,Yay,Yay,Yay,Yay,Yay,Yay,Yay,Yay,Yay,Yay,Yay,Yay,Yay,Yay,Yay,Yay,Yay,Yay,Yay,Yay,Yay,Yay,Yay,Yay,Yay,Yay
Schamore,Yay,Yay,Yay,Yay,Yay,Yay,Nay,Yay,Yay,Yay,Yay,Yay,Yay,Yay,Yay,Yay,Yay,Yay,Yay,Yay,Yay,Yay,Nay,Yay,Yay,Yay,Yay,Yay,Yay,Yay,NV,Yay,Yay,Yay,Yay,Yay,Yay,Yay,Yay,Yay,Yay,Yay,Yay,Yay,Yay,Yay,Yay,Nay,Yay,Yay,Nay,Yay,Yay,Yay,Yay,Yay,Yay,Yay,Yay,Yay,Yay,Yay,Yay,Yay,NV,Yay,Yay,Yay,NV,Yay,Yay,Yay,Yay,Yay,Nay,Yay,Yay,Yay,Yay,Yay,Yay,Yay,Yay,Yay,Yay,Yay,Yay,Yay,Yay,Yay,Yay,Yay,Yay,Yay,Nay,Yay,Yay,Yay,Yay,Yay,Nay,Yay,Nay,Yay,Yay,Yay,Yay,Yay,Yay,Yay,Yay,Yay,Yay,Yay,Yay,Yay,Yay,Yay,Yay,Yay,Yay,Nay,Yay,Yay,NV,Yay,Yay,Nay,Yay,Yay,Yay,Nay,Yay,Nay,Yay,Yay,Yay,Nay,Nay,NV,Yay,Yay,Yay,Nay,Yay,Yay,Yay,Yay,Yay,Yay,Yay,Yay,NV,Nay,Yay,Yay,Yay,Yay,Yay,Yay,Yay,Yay,Yay,NV,Yay,Yay,Yay,Nay,Yay,Yay,Yay,Yay,Yay,Yay
Scott,Yay,Yay,Nay,NV,Yay,Yay,Nay,Yay,Yay,Yay,Nay,Yay,Yay,NV,Yay,Yay,NV,Yay,Yay,Yay,Yay,Yay,Nay,Yay,Yay,Nay,NV,Yay,Yay,NV,NV,Yay,Nay,Nay,NV,Yay,NV,Yay,Yay,Yay,Yay,Yay,NV,NV,Nay,NV,Yay,NV,Yay,Yay,Nay,Yay,NV,Yay,Yay,Yay,Nay,Yay,Yay,Yay,NV,Yay,NV,Yay,Yay,Yay,Yay,Yay,Nay,Yay,Nay,Yay,Yay,Yay,Nay,NV,Yay,Yay,Yay,Nay,NV,Yay,NV,NV,Yay,Nay,Yay,NV,Yay,Yay,Yay,NV,NV,Yay,Nay,Yay,NV,NV,Yay,Yay,NV,Yay,NV,Yay,Yay,Yay,Yay,Yay,Yay,Yay,NV,NV,NV,Yay,NV,NV,Yay,NV,Yay,Yay,NV,NV,Yay,Yay,NV,Yay,Nay,NV,Yay,NV,Yay,NV,Nay,NV,Yay,NV,NV,Nay,NV,NV,Yay,Nay,Yay,Nay,Yay,Nay,Yay,Yay,Yay,Yay,Yay,Yay,Nay,Nay,Yay,Yay,Nay,Yay,Yay,Yay,Yay,Yay,Yay,Nay,Yay,Yay,Yay,Nay,Yay,Nay,Yay,Nay,NV,Yay
Shell,Yay,Yay,Yay,Yay,Yay,Yay,Yay,Yay,Yay,Yay,Yay,Yay,Yay,Yay,Yay,Yay,Yay,Yay,Yay,Yay,Yay,Yay,Yay,Yay,Yay,Yay,Yay,Yay,Yay,Yay,Yay,Yay,Yay,Yay,Yay,Yay,Yay,Yay,Yay,Yay,Yay,Yay,Yay,Yay,Yay,Yay,Yay,Yay,Yay,Yay,Yay,Yay,Yay,Yay,Yay,Yay,Yay,Yay,Yay,Yay,Yay,Yay,Yay,Yay,Yay,Yay,Yay,Yay,Yay,Yay,Yay,Yay,Yay,Yay,Yay,Yay,Yay,Yay,Yay,Yay,Yay,Yay,Yay,Yay,Yay,Yay,Yay,Yay,Yay,Yay,Yay,Yay,Yay,Yay,Yay,Yay,Yay,Yay,Yay,Yay,Yay,Yay,Yay,Yay,Yay,Yay,Yay,Yay,Yay,Yay,Yay,Yay,Yay,Yay,Yay,Yay,Yay,NV,Yay,Yay,Yay,Yay,Yay,Yay,Yay,Yay,Yay,Yay,Yay,Yay,Yay,Yay,Yay,Yay,Yay,Yay,Yay,Yay,Yay,Yay,Yay,Yay,Yay,Yay,Yay,Yay,Yay,Yay,Yay,Yay,Yay,Yay,Yay,Yay,Yay,Yay,Yay,Yay,Yay,Yay,Yay,Yay,Yay,Yay,Yay,Yay,Yay,Yay,Yay,Yay,Yay,Yay,Yay,Yay
Simpson,Yay,Yay,Nay,Yay,Yay,Yay,Nay,Yay,Yay,Yay,Yay,Yay,Yay,Yay,Yay,Yay,Yay,Yay,Yay,Yay,Yay,Nay,Nay,Yay,Yay,Nay,Yay,Yay,Yay,Yay,NV,Yay,Yay,Yay,Yay,Yay,Yay,Yay,Yay,Yay,Yay,Yay,Yay,Yay,Yay,Yay,Yay,NV,Yay,Yay,Nay,Yay,Yay,Yay,Yay,Yay,Nay,Yay,Yay,Yay,Yay,Yay,Yay,Yay,Yay,Yay,Yay,Yay,NV,Yay,Yay,Yay,Yay,Yay,Nay,Yay,Yay,Yay,Yay,Nay,Yay,Yay,Yay,Yay,Yay,Yay,Yay,Yay,Yay,Yay,Yay,Yay,Yay,Yay,Yay,Yay,Yay,Yay,Yay,Yay,Yay,Yay,Nay,Yay,Yay,Yay,Yay,Yay,Yay,Yay,Yay,Yay,Yay,Yay,Yay,Yay,Yay,Yay,Yay,Yay,Nay,Yay,Yay,Yay,Yay,Yay,Yay,Yay,Yay,Yay,Yay,NV,Yay,Yay,Yay,Yay,Yay,Nay,Yay,Yay,Yay,NV,Yay,Nay,Yay,Nay,Yay,Yay,Yay,Yay,Yay,Yay,Nay,Nay,Yay,Yay,NV,Yay,Yay,Yay,Yay,Yay,Yay,Yay,Yay,Yay,Yay,Nay,Yay,Yay,Yay,Yay,Nay,Yay
Sims,Yay,Yay,Yay,Yay,Yay,Yay,Nay,Yay,Yay,Yay,Yay,Yay,Yay,Yay,Yay,Yay,Yay,Yay,Yay,Yay,Yay,Yay,Nay,Yay,Yay,Yay,Yay,Yay,Yay,Yay,Yay,Yay,Yay,NV,Yay,Yay,Yay,Yay,Yay,Yay,NV,Yay,Yay,Nay,Yay,Yay,Yay,Nay,NV,Yay,Nay,NV,Yay,Yay,Yay,Yay,Yay,Yay,Yay,Yay,NV,Yay,Yay,Yay,Yay,NV,Yay,Yay,Nay,Yay,Yay,Yay,Yay,Yay,Nay,Yay,Yay,Yay,Yay,Yay,Yay,Yay,Yay,Yay,Yay,Yay,Yay,Yay,Yay,Yay,Yay,Yay,Yay,Yay,Nay,Yay,Yay,Yay,Yay,Yay,Nay,Yay,Nay,Yay,Yay,Yay,Yay,Yay,Yay,Yay,Yay,Yay,Yay,Yay,Yay,Yay,Yay,Yay,Yay,Yay,Yay,Nay,Yay,Yay,NV,Yay,NV,Nay,Yay,Yay,Yay,Nay,Yay,Nay,Yay,Yay,Yay,Nay,Yay,Yay,Yay,Yay,Yay,Nay,Yay,Yay,Yay,Yay,Yay,Yay,Yay,Yay,Yay,Nay,Yay,Yay,Yay,Yay,Yay,Yay,Yay,Yay,Yay,Yay,Yay,Yay,Yay,Nay,Yay,Yay,Yay,Yay,Yay,Yay
Sinnette,Yay,Yay,Yay,Yay,Yay,NV,Nay,Yay,Yay,NV,Yay,Yay,Yay,NV,Yay,Yay,Yay,Yay,Yay,Yay,Yay,Yay,Nay,Yay,Yay,Nay,Yay,Yay,Yay,Yay,NV,NV,Yay,Yay,Yay,Yay,Yay,Yay,Yay,Yay,Yay,Yay,Yay,Nay,Yay,Yay,Yay,Nay,Yay,Yay,Nay,Yay,Yay,Yay,Yay,Yay,Nay,Yay,Yay,Yay,Nay,Yay,Yay,Yay,Yay,Yay,Yay,Yay,Yay,Yay,Yay,Yay,Yay,Yay,Nay,Nay,Yay,Yay,Yay,Yay,Yay,NV,Yay,Yay,NV,Nay,Yay,NV,Yay,Yay,Yay,Yay,Yay,Yay,Nay,NV,Yay,Yay,Yay,NV,Nay,Yay,Nay,Yay,Yay,Yay,Yay,Yay,Yay,Yay,Yay,Yay,Yay,Yay,Yay,Nay,Yay,Yay,Yay,Yay,Yay,Yay,NV,Yay,Nay,Yay,Nay,Nay,Yay,Yay,Yay,Nay,Yay,Nay,Yay,Yay,Yay,Nay,Nay,Yay,NV,Yay,Yay,Nay,Yay,Yay,Yay,Yay,Yay,Yay,Yay,Yay,Nay,Nay,Yay,Yay,Yay,Yay,Yay,Yay,Yay,Yay,Yay,Yay,Yay,Yay,Yay,Nay,Yay,Yay,Yay,Yay,Yay,Yay
St. Onge,Yay,Yay,Yay,Yay,Yay,Yay,Yay,Yay,Yay,Yay,Yay,Yay,Yay,Yay,Yay,Yay,Yay,Yay,Yay,Yay,Yay,Yay,Yay,Yay,Yay,Yay,Yay,Yay,Yay,Yay,Yay,Yay,Yay,Yay,Yay,Yay,Yay,Yay,Yay,Yay,Yay,Yay,Yay,Yay,Yay,Yay,Yay,Yay,Yay,Yay,Yay,Yay,Yay,Yay,Yay,Yay,Yay,Yay,Yay,Yay,Yay,Yay,Yay,Yay,Yay,Yay,Yay,Yay,Yay,Yay,Yay,Yay,Yay,Yay,Yay,Yay,Yay,Yay,Yay,Yay,Yay,Yay,Yay,Yay,Yay,Yay,Yay,Yay,Yay,Yay,Yay,Yay,Yay,Yay,Yay,Yay,Yay,Yay,Yay,Yay,Yay,Yay,NV,Yay,Yay,Yay,Yay,Yay,Yay,Yay,Yay,Yay,Yay,Yay,Yay,Yay,Yay,Yay,Yay,Yay,Yay,Yay,Yay,Yay,Yay,Nay,Yay,Yay,Yay,Yay,Yay,Yay,Nay,Yay,Yay,Yay,Yay,Yay,Yay,Yay,Yay,Yay,Yay,Yay,Yay,Yay,Yay,Yay,Yay,Yay,Yay,Yay,Yay,Yay,Yay,Yay,Yay,Yay,Yay,Yay,Yay,Yay,Yay,Yay,Yay,Yay,Yay,Yay,Yay,Yay,Yay,Yay,Yay,Yay
Stewart,Yay,Yay,Yay,Yay,Yay,Yay,Yay,Yay,Yay,Yay,Yay,Yay,Yay,Yay,Yay,Yay,Yay,Yay,Yay,Yay,Yay,Yay,Yay,Yay,Yay,Nay,Yay,Yay,Yay,Yay,Yay,Yay,Yay,Yay,Yay,Yay,Yay,Yay,Yay,Yay,Yay,Yay,Yay,Yay,Yay,Yay,Yay,Yay,Yay,Yay,Yay,Yay,Yay,Yay,Yay,Yay,Yay,Yay,Yay,Yay,Yay,Yay,Yay,Yay,Yay,Yay,Yay,Yay,Yay,Yay,Yay,Yay,Yay,Yay,Nay,Nay,Yay,Yay,Yay,Yay,Yay,Yay,Yay,Yay,Yay,Yay,Yay,Nay,Yay,Yay,Yay,Yay,Yay,Yay,Yay,Yay,Yay,Yay,Yay,Yay,Yay,Yay,Yay,Yay,Yay,Yay,Yay,Yay,Yay,Yay,Yay,Yay,Yay,Yay,Yay,Yay,Yay,Yay,Yay,Yay,Yay,Yay,Yay,Yay,Yay,Yay,Yay,Yay,Yay,Yay,Yay,Yay,Yay,Yay,Yay,Yay,Yay,Nay,Yay,Yay,Yay,Yay,Yay,Yay,Yay,Yay,Yay,Yay,Yay,Yay,Yay,Yay,Yay,Yay,Yay,Yay,Yay,Yay,Yay,Yay,Yay,Yay,Yay,Yay,Yay,Yay,Yay,Yay,Yay,Yay,Yay,Yay,Yay,Yay
Stone,Yay,Yay,Yay,Yay,Yay,Yay,Nay,NV,Yay,Yay,Yay,Yay,Yay,Yay,Yay,Yay,Yay,Yay,Yay,Yay,Yay,NV,Nay,Yay,Yay,Nay,NV,Yay,Yay,Yay,Yay,Yay,Yay,Yay,Yay,Yay,Yay,Yay,Yay,Yay,Yay,NV,Yay,NV,Yay,NV,Yay,Nay,Yay,Yay,Nay,Yay,Yay,Yay,Yay,Yay,Nay,Yay,Yay,Yay,NV,Yay,NV,Yay,Yay,Yay,Yay,Yay,Nay,Yay,Yay,NV,Yay,Yay,Nay,NV,Yay,Yay,Yay,Yay,Yay,Yay,Yay,Yay,Yay,Yay,Yay,Yay,Yay,Yay,Yay,Yay,Yay,NV,Nay,Yay,Yay,Yay,Yay,Yay,Nay,Yay,Nay,Yay,Yay,Yay,Yay,NV,Yay,Yay,NV,Yay,NV,Yay,NV,NV,Yay,NV,Yay,Yay,Yay,Yay,Yay,Yay,NV,Yay,Nay,NV,NV,Yay,Yay,NV,Yay,NV,Yay,NV,NV,Nay,NV,Yay,Yay,Yay,Yay,Nay,Yay,Yay,Yay,Yay,Yay,Yay,Yay,Yay,Nay,Yay,Yay,Yay,Yay,Yay,Yay,Yay,Yay,Yay,Yay,Yay,Yay,Yay,Yay,Nay,Yay,NV,Yay,Yay,Yay,Yay
Thomas,Yay,Yay,Yay,Yay,Yay,Yay,Yay,Yay,Yay,Yay,Yay,Yay,Yay,Yay,Yay,Yay,Yay,Yay,Yay,Yay,Yay,Yay,Yay,Yay,Yay,Yay,Yay,Yay,Yay,Yay,Yay,Yay,Yay,Yay,Yay,Yay,Yay,Yay,Yay,Yay,Yay,Yay,Yay,Yay,Yay,Yay,Yay,Yay,Yay,Yay,Yay,Yay,Yay,Yay,Yay,Yay,Yay,Yay,Yay,Yay,Yay,Yay,Yay,Yay,Yay,Yay,Yay,Yay,Yay,Yay,Yay,Yay,Yay,Yay,Yay,Yay,Yay,Yay,Yay,Yay,Yay,Yay,Yay,Yay,Yay,Yay,Yay,Yay,Yay,Yay,Yay,Yay,Yay,Yay,Yay,Yay,Yay,Yay,Yay,Yay,Yay,Yay,Yay,Yay,Yay,Yay,Yay,Yay,Yay,Yay,Yay,Yay,Yay,Yay,Yay,Yay,Yay,Yay,Yay,Yay,Yay,Yay,Yay,Yay,Yay,Yay,Yay,Yay,Yay,Yay,Yay,Yay,Yay,Yay,Yay,Yay,Yay,Yay,Yay,Yay,Yay,Yay,Yay,Yay,Yay,Yay,Yay,Yay,Yay,Yay,Yay,Yay,Yay,Yay,Yay,Yay,Yay,Yay,Yay,Yay,Yay,Yay,Yay,Yay,Yay,Yay,Yay,Yay,Yay,Yay,Yay,NV,Yay,Yay
Tipton,Yay,Yay,Yay,Yay,Yay,Yay,Yay,Yay,Yay,Yay,Yay,Yay,Yay,Yay,Yay,Yay,Yay,Yay,Yay,Yay,Yay,Yay,Yay,Yay,Yay,Yay,Yay,Yay,Yay,Yay,Yay,Yay,Yay,Yay,Yay,Yay,Yay,Yay,Yay,Yay,Yay,Yay,Yay,Yay,Yay,Yay,Yay,Yay,Yay,Yay,Nay,Yay,Yay,Yay,Yay,Yay,Yay,Yay,Yay,Yay,Yay,Yay,Yay,Yay,Yay,Yay,Yay,Yay,Yay,Yay,Yay,Yay,Yay,Yay,Yay,Yay,Yay,Yay,Yay,Yay,Yay,Yay,Yay,Yay,Yay,Yay,Yay,Yay,Yay,Yay,Yay,Yay,Yay,Yay,Yay,Yay,Yay,Yay,Yay,Yay,Yay,Yay,Yay,Yay,Yay,Yay,Yay,Yay,Yay,Yay,Yay,Yay,Yay,Yay,Yay,Yay,Yay,Yay,Yay,Yay,Yay,Yay,Yay,Yay,Yay,Yay,Yay,Yay,Yay,Yay,Yay,Yay,Yay,Yay,Yay,Yay,Yay,Yay,Yay,Yay,Yay,Yay,Yay,Yay,Yay,Yay,Yay,Yay,Yay,Yay,Yay,Yay,Yay,Yay,Yay,Yay,Yay,Yay,Yay,Yay,Yay,Yay,Yay,Yay,Yay,Yay,Yay,Yay,Yay,Yay,Yay,Yay,Yay,Yay
Turner,Yay,Yay,Yay,NV,Yay,Yay,Yay,Yay,Yay,Yay,Nay,Yay,Yay,Yay,Yay,Yay,Yay,Yay,Yay,Yay,Yay,Yay,Yay,Yay,Yay,Nay,Yay,Yay,Yay,Yay,NV,Yay,Yay,Yay,Yay,Yay,Yay,Yay,Yay,Yay,Yay,Yay,Yay,Yay,Yay,Yay,Yay,NV,Yay,Yay,Yay,Yay,Yay,Yay,Yay,Yay,Yay,Yay,Yay,Yay,NV,Yay,Yay,Yay,Yay,Yay,Yay,Yay,Yay,Yay,Yay,Yay,Yay,Yay,Yay,Nay,Yay,Yay,Yay,Yay,Yay,Yay,Yay,Yay,Yay,Yay,Yay,Nay,Yay,Yay,Yay,Yay,Yay,Yay,Yay,Yay,Yay,Yay,Yay,Yay,Yay,Yay,Yay,Yay,Nay,Yay,Yay,Yay,Yay,Yay,Yay,Yay,Yay,Yay,Yay,Yay,Yay,Yay,Yay,Yay,Yay,Yay,Yay,Yay,Yay,Nay,Yay,Yay,Yay,Yay,Yay,Yay,Nay,Yay,Yay,Yay,Yay,Yay,Yay,Yay,Yay,Yay,Yay,Yay,Yay,Yay,Yay,Yay,Yay,Yay,Yay,Yay,NV,Yay,Yay,Yay,Yay,Yay,Yay,Yay,Yay,Yay,Yay,Nay,Yay,Yay,Yay,Nay,Yay,Nay,Yay,Yay,Yay,NV
Upchurch,NV,Yay,Yay,Yay,Yay,Yay,Yay,Yay,Yay,Yay,Yay,Yay,Yay,Yay,Yay,Yay,Yay,Yay,Yay,Yay,Yay,Yay,Yay,Yay,Yay,Yay,Yay,Yay,Yay,Yay,Yay,Yay,Yay,Yay,Yay,Yay,Yay,Yay,Yay,Yay,Yay,Yay,Yay,Yay,Yay,Yay,Yay,Yay,Yay,Yay,Yay,Yay,Yay,Yay,Yay,Yay,Yay,Yay,Yay,Yay,Yay,Yay,Yay,Yay,Yay,Yay,Yay,Yay,Yay,Yay,Yay,Yay,Yay,NV,Yay,Nay,Yay,Yay,Yay,NV,Yay,Yay,Yay,Yay,Yay,Yay,NV,Nay,Yay,Yay,NV,Yay,Yay,Yay,Yay,Yay,Yay,Yay,Yay,Yay,Yay,Yay,Yay,Yay,NV,Yay,Yay,Yay,Yay,Yay,Yay,Yay,NV,Yay,Yay,Yay,Yay,Yay,Yay,Yay,Yay,Yay,Yay,Yay,Yay,NV,Yay,Yay,Yay,Yay,Yay,Yay,Yay,Yay,Yay,Yay,Yay,Yay,Yay,Yay,Yay,Yay,Yay,Yay,Yay,Yay,Yay,Yay,Yay,Yay,Yay,Yay,Yay,Yay,Yay,Yay,Yay,Yay,Yay,Yay,Yay,Yay,Yay,Yay,Yay,Yay,Yay,Yay,Yay,Yay,Yay,Yay,Yay,Yay
Watkins,Yay,Yay,Yay,NV,Yay,Yay,Nay,NV,Yay,Yay,Yay,Yay,NV,Yay,NV,Yay,Yay,NV,Yay,Yay,NV,NV,NV,Yay,Yay,Nay,NV,Yay,Yay,NV,NV,Yay,NV,NV,Yay,Yay,NV,Yay,NV,NV,NV,NV,NV,NV,Yay,NV,Yay,NV,NV,Yay,Nay,NV,NV,Yay,Yay,Yay,Yay,Yay,Yay,Yay,NV,Yay,NV,Yay,Yay,NV,Yay,Yay,Yay,NV,Yay,NV,Yay,Yay,Yay,NV,Yay,Yay,Yay,Yay,Yay,Yay,Yay,Yay,Yay,Yay,Yay,NV,Yay,Yay,Yay,Yay,Yay,NV,Nay,Yay,Yay,Yay,Yay,Yay,Yay,Yay,NV,Yay,Yay,Yay,Yay,NV,Yay,Yay,NV,Yay,NV,Yay,NV,NV,Yay,NV,Yay,Yay,Yay,Yay,Yay,NV,NV,Yay,NV,NV,NV,Yay,Yay,NV,Yay,NV,NV,NV,NV,Nay,Yay,Yay,Yay,Yay,Yay,Nay,Yay,Yay,Yay,Yay,Yay,NV,Yay,Yay,Yay,Nay,Yay,Yay,Yay,Yay,Yay,Yay,Yay,Yay,Yay,Yay,Yay,Yay,Yay,Nay,Yay,Nay,Yay,Yay,NV,Yay
Wayne,Yay,Yay,Nay,NV,Yay,Yay,Nay,Yay,Yay,Yay,Nay,Yay,Yay,Yay,Yay,Yay,Yay,Yay,Yay,Yay,Yay,Nay,Nay,Yay,Yay,Nay,Yay,Yay,Yay,Yay,NV,Yay,Yay,Yay,Yay,Yay,Nay,Yay,Yay,Yay,NV,Yay,NV,Yay,NV,Yay,Yay,NV,Yay,Yay,Nay,Yay,Nay,NV,Yay,Yay,Nay,Yay,NV,Yay,NV,Yay,Yay,Yay,Yay,Yay,Yay,Yay,Nay,Yay,Yay,Yay,Yay,Yay,Nay,Abs,Nay,Yay,Yay,Nay,Yay,Yay,Yay,Yay,Yay,Nay,Yay,Yay,Yay,Yay,Yay,Yay,Yay,Yay,Nay,Yay,Yay,Yay,Yay,Yay,Nay,Yay,NV,Yay,Yay,Yay,Nay,Yay,Yay,NV,Yay,Yay,Yay,Yay,Yay,Nay,Yay,Yay,Nay,Yay,Yay,Nay,Yay,Yay,NV,Yay,Nay,Nay,Nay,NV,Yay,Yay,Nay,Yay,Yay,Nay,Yay,NV,Nay,Yay,Yay,Nay,Yay,NV,Yay,Yay,Yay,Yay,Yay,Yay,Yay,Yay,Nay,Nay,Yay,Yay,Nay,Yay,Yay,Yay,Yay,Yay,Nay,Yay,NV,Yay,Yay,Nay,Nay,Nay,Yay,Yay,Nay,Yay
Webber,Yay,Yay,Yay,Yay,Yay,Yay,Yay,Yay,Yay,Yay,Yay,Yay,Yay,Yay,Yay,Yay,Yay,Yay,Yay,Yay,Yay,Yay,Yay,Yay,Yay,Yay,Yay,Yay,Yay,Yay,Yay,Yay,Yay,Yay,Yay,Yay,Yay,Yay,Yay,Yay,Yay,Yay,Yay,Yay,Yay,Yay,Yay,Yay,Yay,Yay,Yay,Yay,Yay,Yay,Yay,Yay,Yay,Yay,Yay,Yay,Yay,Yay,Yay,Yay,Yay,Yay,Yay,Yay,Yay,Yay,Yay,Yay,Yay,Yay,Yay,Yay,Yay,Yay,Yay,Yay,Yay,Yay,Yay,Yay,Yay,Yay,Yay,Yay,Yay,Yay,Yay,Yay,Yay,Yay,Yay,Yay,Yay,Yay,Yay,Yay,Yay,Yay,Yay,Yay,Yay,Yay,Yay,Yay,Yay,Yay,Yay,Yay,Yay,Yay,Yay,Yay,Yay,Yay,Yay,Yay,Yay,Yay,Yay,Yay,Yay,Yay,Yay,Yay,Yay,Yay,Yay,Yay,Yay,Yay,Yay,Yay,Yay,Yay,Yay,Yay,Yay,Yay,Yay,Yay,Yay,Yay,Yay,Yay,Yay,Yay,Yay,Yay,Yay,Yay,Yay,Yay,Yay,Yay,Yay,Yay,Yay,Yay,Yay,Yay,Yay,Yay,Yay,Yay,Yay,Yay,Yay,Yay,Yay,Yay
Wells,Yay,Yay,Nay,Yay,Yay,Yay,Yay,Yay,Yay,Yay,Yay,Yay,Yay,Yay,Yay,Yay,Yay,Yay,Yay,NV,Yay,Yay,Yay,Yay,Yay,Yay,Yay,Yay,Yay,Yay,NV,Yay,Yay,NV,Yay,Yay,Yay,Yay,Yay,Yay,NV,Yay,NV,Yay,Yay,Yay,Yay,Yay,NV,Yay,Yay,NV,Yay,Yay,Yay,Yay,Yay,Yay,Yay,Yay,Yay,Yay,Yay,Yay,Yay,NV,Yay,Yay,Yay,Yay,Yay,Yay,Yay,Yay,Yay,Yay,Yay,Yay,Yay,Yay,Yay,Yay,Yay,Yay,Yay,Yay,Yay,Yay,Yay,Yay,Yay,Yay,Yay,Yay,Yay,Yay,Yay,Yay,Yay,Yay,Yay,Yay,Yay,Yay,Yay,Yay,Yay,Yay,Yay,Yay,Yay,Yay,Yay,Yay,Yay,Yay,Yay,Yay,Yay,Yay,Yay,Yay,Yay,Yay,Yay,Yay,NV,Yay,Nay,Yay,Yay,NV,Yay,Yay,Yay,Yay,Yay,Yay,Yay,Yay,Yay,Yay,Yay,Yay,Yay,Yay,Yay,Yay,Yay,Yay,Yay,Yay,Yay,Yay,Yay,Yay,Yay,Yay,Yay,Yay,Yay,Yay,Yay,Yay,Yay,Yay,Yay,Yay,Yay,Yay,Yay,Yay,Nay,Yay
Westrom,Yay,Yay,NV,Yay,Yay,Yay,Nay,Yay,NV,Yay,NV,Yay,Yay,Yay,Yay,Yay,Yay,Yay,Yay,Yay,Yay,Yay,Nay,Yay,Yay,Nay,Yay,Yay,Yay,Yay,Yay,Yay,Yay,NV,NV,Yay,Nay,Yay,Yay,Yay,NV,Yay,Yay,NV,Yay,Yay,NV,Nay,NV,Yay,Nay,NV,Yay,Yay,Yay,Yay,NV,NV,Yay,Yay,Yay,Yay,Yay,Yay,NV,NV,Yay,Yay,Nay,Yay,Yay,Yay,Yay,Yay,NV,Yay,Yay,Yay,Yay,NV,Yay,Yay,Yay,Yay,Yay,Yay,Yay,Nay,Yay,Yay,Yay,Yay,Yay,Yay,Yay,Yay,Yay,Yay,Yay,Yay,Nay,Yay,Nay,Yay,NV,Yay,Yay,Yay,Yay,Yay,Yay,Yay,Yay,Yay,NV,NV,Yay,Yay,Yay,Yay,Yay,NV,Yay,Yay,NV,Yay,NV,Yay,NV,Yay,Yay,Nay,Yay,Yay,Yay,Nay,Yay,Nay,Yay,Yay,Yay,Yay,Yay,Nay,Yay,NV,Yay,Yay,Yay,Yay,Yay,Yay,Nay,Nay,Yay,Yay,Yay,Yay,Yay,Yay,Yay,Yay,Yay,Yay,Yay,Yay,Yay,Nay,Yay,Yay,Yay,NV,Nay,Yay
Wuchner,Yay,Yay,Yay,Yay,Yay,Yay,Yay,Yay,Yay,Yay,Yay,Yay,Yay,Yay,Yay,Yay,Yay,Yay,Yay,Yay,Yay,Yay,Yay,Yay,Yay,Yay,Yay,Yay,Yay,Yay,Yay,Yay,Yay,Yay,Yay,Yay,Yay,Yay,Yay,Yay,Yay,Yay,Yay,Yay,Yay,Yay,Yay,Yay,Yay,Yay,Yay,Yay,Yay,Yay,Yay,Yay,Yay,Yay,Yay,Yay,Yay,Yay,Yay,Yay,Yay,Yay,Yay,Yay,NV,Yay,Yay,Yay,Yay,Yay,Yay,Yay,Yay,Yay,Yay,Yay,Yay,Yay,Yay,Yay,Yay,Yay,Yay,Yay,Yay,Yay,Yay,Yay,Yay,Yay,Yay,Yay,Yay,Yay,Yay,Yay,Yay,Yay,Yay,Yay,Yay,Yay,Yay,Yay,Yay,Yay,Yay,Yay,Yay,Yay,Yay,Yay,Yay,Yay,Yay,Yay,Yay,Yay,Yay,Yay,Yay,Nay,Yay,Yay,Yay,Yay,Yay,Yay,Nay,Yay,Yay,Yay,Yay,Yay,Yay,Yay,Yay,Yay,Yay,Yay,Yay,Yay,Yay,Yay,Yay,Yay,Yay,Yay,Yay,Yay,Yay,Yay,Yay,Yay,Yay,Yay,Yay,Yay,Yay,Yay,Yay,Yay,Yay,Yay,Yay,Yay,Yay,Yay,Yay,Yay
York,Yay,Yay,Yay,Yay,Yay,Yay,Nay,Yay,Yay,Yay,Yay,Yay,Yay,Yay,Yay,Yay,Yay,Yay,Yay,Yay,Yay,Yay,Yay,Yay,Yay,Nay,Yay,Yay,Yay,Yay,Yay,Yay,Yay,Yay,Yay,Yay,Yay,Yay,Yay,Yay,Yay,Yay,Yay,Yay,Yay,Yay,Yay,Nay,Yay,Yay,Nay,Yay,Yay,Yay,Yay,Yay,Yay,Yay,Yay,Yay,Yay,Yay,Yay,Yay,Yay,Yay,Yay,Yay,Nay,Yay,Yay,Yay,Yay,Yay,Yay,Yay,Yay,Yay,Yay,Yay,Yay,Yay,Yay,Yay,Yay,Yay,Yay,Yay,Yay,Yay,Yay,Yay,Yay,Yay,Yay,Yay,Yay,Yay,Yay,Yay,Yay,Yay,Yay,Yay,Yay,Yay,Yay,Yay,Yay,Yay,Yay,Yay,Yay,Yay,Yay,NV,Yay,Yay,Yay,Yay,Yay,Yay,Yay,Yay,Yay,Nay,Yay,Yay,Yay,Yay,Yay,Yay,Yay,Yay,Yay,Yay,Yay,Nay,Yay,Yay,Yay,Yay,Yay,Yay,Yay,Yay,Yay,Yay,Yay,Yay,Yay,Yay,Nay,Yay,Yay,Yay,Yay,Yay,Yay,Yay,Yay,Yay,Yay,Yay,Yay,Yay,Yay,Nay,Yay,Nay,Yay,Yay,Yay,Yay
