"legislator_id","bill_id","bill","sponsors"
49,"ga2017HB001","HB1","J. Hoover"
24,"ga2017HB001","HB1","J. DeCesare"
6,"ga2017HB001","HB1","R. Benvenuti"
9,"ga2017HB001","HB1","K. Bratcher"
16,"ga2017HB001","HB1","J. Carney"
27,"ga2017HB001","HB1","J. DuPlessis"
46,"ga2017HB001","HB1","R. Heath"
47,"ga2017HB001","HB1","T. Herald"
56,"ga2017HB001","HB1","D. Johnson"
61,"ga2017HB001","HB1","K. King"
62,"ga2017HB001","HB1","A. Koenig"
63,"ga2017HB001","HB1","S. Lee"
77,"ga2017HB001","HB1","J. Miller"
82,"ga2017HB001","HB1","K. Moser"
86,"ga2017HB001","HB1","D. Osborne"
92,"ga2017HB001","HB1","P. Pratt"
103,"ga2017HB001","HB1","B. Rowland"
105,"ga2017HB001","HB1","S. Santoro"
111,"ga2017HB001","HB1","J. Shell"
116,"ga2017HB001","HB1","D. St. Onge"
122,"ga2017HB001","HB1","W. Thomas"
131,"ga2017HB001","HB1","W. Wells"
137,"ga2017HB001","HB1","A. Wuchner"
49,"ga2017HB002","HB2","J. Hoover"
137,"ga2017HB002","HB2","A. Wuchner"
4,"ga2017HB002","HB2","L. Bechler"
5,"ga2017HB002","HB2","D. Bentley"
6,"ga2017HB002","HB2","R. Benvenuti"
7,"ga2017HB002","HB2","J. Blanton"
9,"ga2017HB002","HB2","K. Bratcher"
16,"ga2017HB002","HB2","J. Carney"
20,"ga2017HB002","HB2","M. Castlen"
27,"ga2017HB002","HB2","J. DuPlessis"
44,"ga2017HB002","HB2","M. Hart"
46,"ga2017HB002","HB2","R. Heath"
47,"ga2017HB002","HB2","T. Herald"
53,"ga2017HB002","HB2","K. Imes"
56,"ga2017HB002","HB2","D. Johnson"
55,"ga2017HB002","HB2","DJ Johnson"
61,"ga2017HB002","HB2","K. King"
62,"ga2017HB002","HB2","A. Koenig"
63,"ga2017HB002","HB2","S. Lee"
70,"ga2017HB002","HB2","D. Meade"
78,"ga2017HB002","HB2","R. Mills"
80,"ga2017HB002","HB2","T. Moore"
82,"ga2017HB002","HB2","K. Moser"
86,"ga2017HB002","HB2","D. Osborne"
93,"ga2017HB002","HB2","M. Prunty"
96,"ga2017HB002","HB2","W. Reed"
105,"ga2017HB002","HB2","S. Santoro"
111,"ga2017HB002","HB2","J. Shell"
116,"ga2017HB002","HB2","D. St. Onge"
122,"ga2017HB002","HB2","W. Thomas"
123,"ga2017HB002","HB2","J. Tipton"
125,"ga2017HB002","HB2","T. Turner"
126,"ga2017HB002","HB2","K. Upchurch"
138,"ga2017HB002","HB2","J. York"
49,"ga2017HB003","HB3","J. Hoover"
62,"ga2017HB003","HB3","A. Koenig"
6,"ga2017HB003","HB3","R. Benvenuti"
9,"ga2017HB003","HB3","K. Bratcher"
16,"ga2017HB003","HB3","J. Carney"
24,"ga2017HB003","HB3","J. DeCesare"
46,"ga2017HB003","HB3","R. Heath"
47,"ga2017HB003","HB3","T. Herald"
56,"ga2017HB003","HB3","D. Johnson"
61,"ga2017HB003","HB3","K. King"
63,"ga2017HB003","HB3","S. Lee"
70,"ga2017HB003","HB3","D. Meade"
77,"ga2017HB003","HB3","J. Miller"
82,"ga2017HB003","HB3","K. Moser"
86,"ga2017HB003","HB3","D. Osborne"
92,"ga2017HB003","HB3","P. Pratt"
105,"ga2017HB003","HB3","S. Santoro"
111,"ga2017HB003","HB3","J. Shell"
116,"ga2017HB003","HB3","D. St. Onge"
122,"ga2017HB003","HB3","W. Thomas"
137,"ga2017HB003","HB3","A. Wuchner"
9,"ga2017HB010","HB10","K. Bratcher"
5,"ga2017HB010","HB10","D. Bentley"
105,"ga2017HB010","HB10","S. Santoro"
87,"ga2017HB012","HB12","S. Overly"
72,"ga2017HB013","HB13","M. Meredith"
24,"ga2017HB013","HB13","J. DeCesare"
39,"ga2017HB013","HB13","J. Greer"
46,"ga2017HB013","HB13","R. Heath"
80,"ga2017HB013","HB13","T. Moore"
92,"ga2017HB013","HB13","P. Pratt"
93,"ga2017HB013","HB13","M. Prunty"
96,"ga2017HB013","HB13","W. Reed"
97,"ga2017HB013","HB13","J. Richards"
100,"ga2017HB013","HB13","S. Riley"
103,"ga2017HB013","HB13","B. Rowland"
119,"ga2017HB013","HB13","W. Stone"
122,"ga2017HB013","HB13","W. Thomas"
9,"ga2017HB014","HB14","K. Bratcher"
5,"ga2017HB014","HB14","D. Bentley"
6,"ga2017HB014","HB14","R. Benvenuti"
7,"ga2017HB014","HB14","J. Blanton"
13,"ga2017HB014","HB14","R. Bunch"
14,"ga2017HB014","HB14","T. Burch"
16,"ga2017HB014","HB14","J. Carney"
20,"ga2017HB014","HB14","M. Castlen"
27,"ga2017HB014","HB14","J. DuPlessis"
30,"ga2017HB014","HB14","J. Fischer"
33,"ga2017HB014","HB14","C. Fugate"
40,"ga2017HB014","HB14","D. Hale"
44,"ga2017HB014","HB14","M. Hart"
50,"ga2017HB014","HB14","D. Horlander"
53,"ga2017HB014","HB14","K. Imes"
55,"ga2017HB014","HB14","DJ Johnson"
61,"ga2017HB014","HB14","K. King"
63,"ga2017HB014","HB14","S. Lee"
66,"ga2017HB014","HB14","D. Mayfield"
72,"ga2017HB014","HB14","M. Meredith"
74,"ga2017HB014","HB14","R. Meyer"
75,"ga2017HB014","HB14","S. Miles"
76,"ga2017HB014","HB14","C. Miller"
81,"ga2017HB014","HB14","C. Morgan"
92,"ga2017HB014","HB14","P. Pratt"
93,"ga2017HB014","HB14","M. Prunty"
96,"ga2017HB014","HB14","W. Reed"
100,"ga2017HB014","HB14","S. Riley"
103,"ga2017HB014","HB14","B. Rowland"
122,"ga2017HB014","HB14","W. Thomas"
123,"ga2017HB014","HB14","J. Tipton"
126,"ga2017HB014","HB14","K. Upchurch"
130,"ga2017HB014","HB14","R. Webber"
138,"ga2017HB014","HB14","J. York"
84,"ga2017HB015","HB15","R. Nelson"
13,"ga2017HB015","HB15","R. Bunch"
75,"ga2017HB015","HB15","S. Miles"
100,"ga2017HB015","HB15","S. Riley"
138,"ga2017HB015","HB15","J. York"
13,"ga2017HB016","HB16","R. Bunch"
75,"ga2017HB016","HB16","S. Miles"
93,"ga2017HB016","HB16","M. Prunty"
122,"ga2017HB016","HB16","W. Thomas"
84,"ga2017HB017","HB17","R. Nelson"
134,"ga2017HB018","HB18","S. Westrom"
28,"ga2017HB019","HB19","D. Elliott"
13,"ga2017HB019","HB19","R. Bunch"
54,"ga2017HB020","HB20","J. Jenkins"
76,"ga2017HB020","HB20","C. Miller"
134,"ga2017HB020","HB20","S. Westrom"
84,"ga2017HB021","HB21","R. Nelson"
13,"ga2017HB021","HB21","R. Bunch"
25,"ga2017HB022","HB22","J. Donohue"
61,"ga2017HB023","HB23","K. King"
44,"ga2017HB023","HB23","M. Hart"
89,"ga2017HB023","HB23","R. Palumbo"
105,"ga2017HB023","HB23","S. Santoro"
123,"ga2017HB023","HB23","J. Tipton"
134,"ga2017HB023","HB23","S. Westrom"
77,"ga2017HB024","HB24","J. Miller"
79,"ga2017HB025","HB25","P. Moffett"
77,"ga2017HB025","HB25","J. Miller"
62,"ga2017HB026","HB26","A. Koenig"
44,"ga2017HB026","HB26","M. Hart"
61,"ga2017HB026","HB26","K. King"
117,"ga2017HB027","HB27","J. Stewart"
128,"ga2017HB028","HB28","J. Wayne"
25,"ga2017HB029","HB29","J. Donohue"
25,"ga2017HB030","HB30","J. Donohue"
77,"ga2017HB031","HB31","J. Miller"
97,"ga2017HB032","HB32","J. Richards"
61,"ga2017HB033","HB33","K. King"
13,"ga2017HB033","HB33","R. Bunch"
76,"ga2017HB033","HB33","C. Miller"
82,"ga2017HB033","HB33","K. Moser"
85,"ga2017HB033","HB33","J. Nemes"
93,"ga2017HB033","HB33","M. Prunty"
123,"ga2017HB033","HB33","J. Tipton"
61,"ga2017HB034","HB34","K. King"
13,"ga2017HB034","HB34","R. Bunch"
28,"ga2017HB034","HB34","D. Elliott"
40,"ga2017HB034","HB34","D. Hale"
44,"ga2017HB034","HB34","M. Hart"
123,"ga2017HB034","HB34","J. Tipton"
77,"ga2017HB035","HB35","J. Miller"
22,"ga2017HB036","HB36","T. Couch"
22,"ga2017HB037","HB37","T. Couch"
7,"ga2017HB037","HB37","J. Blanton"
33,"ga2017HB037","HB37","C. Fugate"
61,"ga2017HB038","HB38","K. King"
13,"ga2017HB038","HB38","R. Bunch"
40,"ga2017HB038","HB38","D. Hale"
46,"ga2017HB038","HB38","R. Heath"
81,"ga2017HB038","HB38","C. Morgan"
134,"ga2017HB038","HB38","S. Westrom"
61,"ga2017HB039","HB39","K. King"
61,"ga2017HB040","HB40","K. King"
58,"ga2017HB041","HB41","J. Kay"
97,"ga2017HB041","HB41","J. Richards"
58,"ga2017HB042","HB42","J. Kay"
97,"ga2017HB042","HB42","J. Richards"
131,"ga2017HB042","HB42","W. Wells"
138,"ga2017HB043","HB43","J. York"
138,"ga2017HB044","HB44","J. York"
7,"ga2017HB044","HB44","J. Blanton"
13,"ga2017HB044","HB44","R. Bunch"
28,"ga2017HB045","HB45","D. Elliott"
30,"ga2017HB046","HB46","J. Fischer"
13,"ga2017HB046","HB46","R. Bunch"
44,"ga2017HB046","HB46","M. Hart"
61,"ga2017HB046","HB46","K. King"
66,"ga2017HB046","HB46","D. Mayfield"
81,"ga2017HB046","HB46","C. Morgan"
138,"ga2017HB046","HB46","J. York"
59,"ga2017HB047","HB47","D. Keene"
13,"ga2017HB047","HB47","R. Bunch"
50,"ga2017HB047","HB47","D. Horlander"
76,"ga2017HB047","HB47","C. Miller"
53,"ga2017HB048","HB48","K. Imes"
53,"ga2017HB049","HB49","K. Imes"
44,"ga2017HB049","HB49","M. Hart"
85,"ga2017HB049","HB49","J. Nemes"
53,"ga2017HB050","HB50","K. Imes"
131,"ga2017HB050","HB50","W. Wells"
137,"ga2017HB050","HB50","A. Wuchner"
26,"ga2017HB051","HB51","M. Dossett"
40,"ga2017HB051","HB51","D. Hale"
74,"ga2017HB052","HB52","R. Meyer"
59,"ga2017HB052","HB52","D. Keene"
15,"ga2017HB052","HB52","M. Cantrell"
25,"ga2017HB052","HB52","J. Donohue"
34,"ga2017HB052","HB52","A. Gentry"
50,"ga2017HB052","HB52","D. Horlander"
54,"ga2017HB052","HB52","J. Jenkins"
42,"ga2017HB053","HB53","C. Harris"
123,"ga2017HB053","HB53","J. Tipton"
134,"ga2017HB053","HB53","S. Westrom"
26,"ga2017HB054","HB54","M. Dossett"
26,"ga2017HB055","HB55","M. Dossett"
53,"ga2017HB056","HB56","K. Imes"
81,"ga2017HB056","HB56","C. Morgan"
134,"ga2017HB056","HB56","S. Westrom"
53,"ga2017HB057","HB57","K. Imes"
63,"ga2017HB058","HB58","S. Lee"
11,"ga2017HB058","HB58","L. Brown"
22,"ga2017HB058","HB58","T. Couch"
81,"ga2017HB058","HB58","C. Morgan"
58,"ga2017HB059","HB59","J. Kay"
72,"ga2017HB060","HB60","M. Meredith"
7,"ga2017HB060","HB60","J. Blanton"
9,"ga2017HB060","HB60","K. Bratcher"
13,"ga2017HB060","HB60","R. Bunch"
33,"ga2017HB060","HB60","C. Fugate"
40,"ga2017HB060","HB60","D. Hale"
44,"ga2017HB060","HB60","M. Hart"
50,"ga2017HB060","HB60","D. Horlander"
67,"ga2017HB060","HB60","C. McCoy"
81,"ga2017HB060","HB60","C. Morgan"
84,"ga2017HB060","HB60","R. Nelson"
89,"ga2017HB060","HB60","R. Palumbo"
92,"ga2017HB060","HB60","P. Pratt"
96,"ga2017HB060","HB60","W. Reed"
100,"ga2017HB060","HB60","S. Riley"
105,"ga2017HB060","HB60","S. Santoro"
119,"ga2017HB060","HB60","W. Stone"
123,"ga2017HB060","HB60","J. Tipton"
130,"ga2017HB060","HB60","R. Webber"
137,"ga2017HB060","HB60","A. Wuchner"
138,"ga2017HB060","HB60","J. York"
7,"ga2017HB061","HB61","J. Blanton"
20,"ga2017HB061","HB61","M. Castlen"
44,"ga2017HB061","HB61","M. Hart"
106,"ga2017HB062","HB62","D. Schamore"
13,"ga2017HB062","HB62","R. Bunch"
15,"ga2017HB062","HB62","M. Cantrell"
28,"ga2017HB062","HB62","D. Elliott"
34,"ga2017HB062","HB62","A. Gentry"
89,"ga2017HB062","HB62","R. Palumbo"
119,"ga2017HB062","HB62","W. Stone"
134,"ga2017HB062","HB62","S. Westrom"
54,"ga2017HB063","HB63","J. Jenkins"
137,"ga2017HB063","HB63","A. Wuchner"
25,"ga2017HB064","HB64","J. Donohue"
137,"ga2017HB065","HB65","A. Wuchner"
94,"ga2017HB065","HB65","M. Rader"
9,"ga2017HB065","HB65","K. Bratcher"
13,"ga2017HB065","HB65","R. Bunch"
27,"ga2017HB065","HB65","J. DuPlessis"
44,"ga2017HB065","HB65","M. Hart"
75,"ga2017HB065","HB65","S. Miles"
65,"ga2017HB066","HB66","M. Marzian"
123,"ga2017HB067","HB67","J. Tipton"
6,"ga2017HB067","HB67","R. Benvenuti"
46,"ga2017HB067","HB67","R. Heath"
89,"ga2017HB067","HB67","R. Palumbo"
116,"ga2017HB067","HB67","D. St. Onge"
134,"ga2017HB067","HB67","S. Westrom"
127,"ga2017HB068","HB68","G. Watkins"
97,"ga2017HB068","HB68","J. Richards"
134,"ga2017HB068","HB68","S. Westrom"
131,"ga2017HB069","HB69","W. Wells"
127,"ga2017HB070","HB70","G. Watkins"
59,"ga2017HB071","HB71","D. Keene"
50,"ga2017HB071","HB71","D. Horlander"
77,"ga2017HB072","HB72","J. Miller"
78,"ga2017HB072","HB72","R. Mills"
105,"ga2017HB072","HB72","S. Santoro"
112,"ga2017HB073","HB73","A. Simpson"
97,"ga2017HB073","HB73","J. Richards"
66,"ga2017HB074","HB74","D. Mayfield"
44,"ga2017HB074","HB74","M. Hart"
105,"ga2017HB074","HB74","S. Santoro"
134,"ga2017HB074","HB74","S. Westrom"
26,"ga2017HB075","HB75","M. Dossett"
109,"ga2017HB076","HB76","A. Scott"
134,"ga2017HB076","HB76","S. Westrom"
27,"ga2017HB077","HB77","J. DuPlessis"
27,"ga2017HB078","HB78","J. DuPlessis"
11,"ga2017HB078","HB78","L. Brown"
13,"ga2017HB078","HB78","R. Bunch"
39,"ga2017HB078","HB78","J. Greer"
93,"ga2017HB078","HB78","M. Prunty"
123,"ga2017HB078","HB78","J. Tipton"
14,"ga2017HB079","HB79","T. Burch"
42,"ga2017HB079","HB79","C. Harris"
89,"ga2017HB079","HB79","R. Palumbo"
127,"ga2017HB080","HB80","G. Watkins"
81,"ga2017HB080","HB80","C. Morgan"
53,"ga2017HB081","HB81","K. Imes"
53,"ga2017HB082","HB82","K. Imes"
28,"ga2017HB083","HB83","D. Elliott"
54,"ga2017HB083","HB83","J. Jenkins"
56,"ga2017HB083","HB83","D. Johnson"
89,"ga2017HB083","HB83","R. Palumbo"
71,"ga2017HB084","HB84","R. Meeks"
134,"ga2017HB084","HB84","S. Westrom"
77,"ga2017HB085","HB85","J. Miller"
88,"ga2017HB086","HB86","D. Owens"
54,"ga2017HB086","HB86","J. Jenkins"
99,"ga2017HB087","HB87","S. Riggs"
30,"ga2017HB088","HB88","J. Fischer"
88,"ga2017HB089","HB89","D. Owens"
127,"ga2017HB090","HB90","G. Watkins"
97,"ga2017HB090","HB90","J. Richards"
71,"ga2017HB091","HB91","R. Meeks"
88,"ga2017HB092","HB92","D. Owens"
116,"ga2017HB093","HB93","D. St. Onge"
105,"ga2017HB093","HB93","S. Santoro"
6,"ga2017HB093","HB93","R. Benvenuti"
106,"ga2017HB094","HB94","D. Schamore"
28,"ga2017HB095","HB95","D. Elliott"
112,"ga2017HB095","HB95","A. Simpson"
30,"ga2017HB096","HB96","J. Fischer"
84,"ga2017HB097","HB97","R. Nelson"
14,"ga2017HB098","HB98","T. Burch"
14,"ga2017HB099","HB99","T. Burch"
67,"ga2017HB100","HB100","C. McCoy"
58,"ga2017HB100","HB100","J. Kay"
62,"ga2017HB100","HB100","A. Koenig"
82,"ga2017HB100","HB100","K. Moser"
85,"ga2017HB100","HB100","J. Nemes"
86,"ga2017HB100","HB100","D. Osborne"
105,"ga2017HB100","HB100","S. Santoro"
116,"ga2017HB100","HB100","D. St. Onge"
134,"ga2017HB100","HB100","S. Westrom"
137,"ga2017HB100","HB100","A. Wuchner"
88,"ga2017HB101","HB101","D. Owens"
128,"ga2017HB101","HB101","J. Wayne"
14,"ga2017HB101","HB101","T. Burch"
54,"ga2017HB101","HB101","J. Jenkins"
71,"ga2017HB101","HB101","R. Meeks"
109,"ga2017HB101","HB101","A. Scott"
88,"ga2017HB102","HB102","D. Owens"
79,"ga2017HB103","HB103","P. Moffett"
81,"ga2017HB103","HB103","C. Morgan"
131,"ga2017HB103","HB103","W. Wells"
84,"ga2017HB104","HB104","R. Nelson"
134,"ga2017HB104","HB104","S. Westrom"
84,"ga2017HB105","HB105","R. Nelson"
84,"ga2017HB106","HB106","R. Nelson"
30,"ga2017HB107","HB107","J. Fischer"
105,"ga2017HB107","HB107","S. Santoro"
63,"ga2017HB108","HB108","S. Lee"
13,"ga2017HB108","HB108","R. Bunch"
61,"ga2017HB108","HB108","K. King"
66,"ga2017HB108","HB108","D. Mayfield"
81,"ga2017HB108","HB108","C. Morgan"
62,"ga2017HB109","HB109","A. Koenig"
128,"ga2017HB110","HB110","J. Wayne"
63,"ga2017HB111","HB111","S. Lee"
63,"ga2017HB112","HB112","S. Lee"
61,"ga2017HB112","HB112","K. King"
81,"ga2017HB112","HB112","C. Morgan"
103,"ga2017HB112","HB112","B. Rowland"
116,"ga2017HB112","HB112","D. St. Onge"
134,"ga2017HB112","HB112","S. Westrom"
97,"ga2017HB113","HB113","J. Richards"
99,"ga2017HB113","HB113","S. Riggs"
6,"ga2017HB113","HB113","R. Benvenuti"
44,"ga2017HB113","HB113","M. Hart"
76,"ga2017HB113","HB113","C. Miller"
92,"ga2017HB113","HB113","P. Pratt"
93,"ga2017HB113","HB113","M. Prunty"
97,"ga2017HB114","HB114","J. Richards"
97,"ga2017HB115","HB115","J. Richards"
97,"ga2017HB116","HB116","J. Richards"
97,"ga2017HB117","HB117","J. Richards"
97,"ga2017HB118","HB118","J. Richards"
105,"ga2017HB119","HB119","S. Santoro"
20,"ga2017HB119","HB119","M. Castlen"
6,"ga2017HB119","HB119","R. Benvenuti"
40,"ga2017HB119","HB119","D. Hale"
99,"ga2017HB119","HB119","S. Riggs"
105,"ga2017HB119","HB119","S. Santoro"
64,"ga2017HB120","HB120","B. Linder"
13,"ga2017HB120","HB120","R. Bunch"
16,"ga2017HB120","HB120","J. Carney"
22,"ga2017HB120","HB120","T. Couch"
30,"ga2017HB120","HB120","J. Fischer"
40,"ga2017HB120","HB120","D. Hale"
44,"ga2017HB120","HB120","M. Hart"
53,"ga2017HB120","HB120","K. Imes"
61,"ga2017HB120","HB120","K. King"
63,"ga2017HB120","HB120","S. Lee"
66,"ga2017HB120","HB120","D. Mayfield"
72,"ga2017HB120","HB120","M. Meredith"
75,"ga2017HB120","HB120","S. Miles"
81,"ga2017HB120","HB120","C. Morgan"
92,"ga2017HB120","HB120","P. Pratt"
96,"ga2017HB120","HB120","W. Reed"
103,"ga2017HB120","HB120","B. Rowland"
105,"ga2017HB120","HB120","S. Santoro"
137,"ga2017HB120","HB120","A. Wuchner"
77,"ga2017HB121","HB121","J. Miller"
13,"ga2017HB122","HB122","R. Bunch"
54,"ga2017HB122","HB122","J. Jenkins"
76,"ga2017HB122","HB122","C. Miller"
89,"ga2017HB122","HB122","R. Palumbo"
93,"ga2017HB122","HB122","M. Prunty"
96,"ga2017HB122","HB122","W. Reed"
97,"ga2017HB122","HB122","J. Richards"
106,"ga2017HB122","HB122","D. Schamore"
4,"ga2017HB123","HB123","L. Bechler"
13,"ga2017HB123","HB123","R. Bunch"
91,"ga2017HB123","HB123","J. Petrie"
103,"ga2017HB124","HB124","B. Rowland"
22,"ga2017HB125","HB125","T. Couch"
81,"ga2017HB126","HB126","C. Morgan"
79,"ga2017HB126","HB126","P. Moffett"
81,"ga2017HB127","HB127","C. Morgan"
79,"ga2017HB127","HB127","P. Moffett"
55,"ga2017HB128","HB128","DJ Johnson"
5,"ga2017HB128","HB128","D. Bentley"
7,"ga2017HB128","HB128","J. Blanton"
11,"ga2017HB128","HB128","L. Brown"
33,"ga2017HB128","HB128","C. Fugate"
40,"ga2017HB128","HB128","D. Hale"
44,"ga2017HB128","HB128","M. Hart"
46,"ga2017HB128","HB128","R. Heath"
56,"ga2017HB128","HB128","D. Johnson"
80,"ga2017HB128","HB128","T. Moore"
81,"ga2017HB128","HB128","C. Morgan"
105,"ga2017HB128","HB128","S. Santoro"
137,"ga2017HB129","HB129","A. Wuchner"
63,"ga2017HB129","HB129","S. Lee"
13,"ga2017HB129","HB129","R. Bunch"
74,"ga2017HB129","HB129","R. Meyer"
81,"ga2017HB129","HB129","C. Morgan"
89,"ga2017HB129","HB129","R. Palumbo"
93,"ga2017HB129","HB129","M. Prunty"
105,"ga2017HB130","HB130","S. Santoro"
62,"ga2017HB130","HB130","A. Koenig"
67,"ga2017HB130","HB130","C. McCoy"
81,"ga2017HB130","HB130","C. Morgan"
56,"ga2017HB131","HB131","D. Johnson"
22,"ga2017HB131","HB131","T. Couch"
81,"ga2017HB131","HB131","C. Morgan"
81,"ga2017HB132","HB132","C. Morgan"
81,"ga2017HB133","HB133","C. Morgan"
81,"ga2017HB134","HB134","C. Morgan"
81,"ga2017HB135","HB135","C. Morgan"
27,"ga2017HB135","HB135","J. DuPlessis"
44,"ga2017HB135","HB135","M. Hart"
54,"ga2017HB135","HB135","J. Jenkins"
66,"ga2017HB135","HB135","D. Mayfield"
89,"ga2017HB135","HB135","R. Palumbo"
81,"ga2017HB136","HB136","C. Morgan"
59,"ga2017HB137","HB137","D. Keene"
50,"ga2017HB137","HB137","D. Horlander"
59,"ga2017HB138","HB138","D. Keene"
50,"ga2017HB138","HB138","D. Horlander"
76,"ga2017HB138","HB138","C. Miller"
97,"ga2017HB138","HB138","J. Richards"
7,"ga2017HB139","HB139","J. Blanton"
5,"ga2017HB139","HB139","D. Bentley"
40,"ga2017HB139","HB139","D. Hale"
7,"ga2017HB140","HB140","J. Blanton"
5,"ga2017HB140","HB140","D. Bentley"
40,"ga2017HB140","HB140","D. Hale"
84,"ga2017HB141","HB141","R. Nelson"
62,"ga2017HB142","HB142","A. Koenig"
81,"ga2017HB142","HB142","C. Morgan"
81,"ga2017HB143","HB143","C. Morgan"
44,"ga2017HB143","HB143","M. Hart"
105,"ga2017HB144","HB144","S. Santoro"
40,"ga2017HB144","HB144","D. Hale"
123,"ga2017HB145","HB145","J. Tipton"
5,"ga2017HB145","HB145","D. Bentley"
44,"ga2017HB145","HB145","M. Hart"
71,"ga2017HB145","HB145","R. Meeks"
81,"ga2017HB145","HB145","C. Morgan"
102,"ga2017HB145","HB145","R. Rothenburger"
112,"ga2017HB145","HB145","A. Simpson"
130,"ga2017HB145","HB145","R. Webber"
NA,"ga2017HB146","HB146",NA
137,"ga2017HB147","HB147","A. Wuchner"
5,"ga2017HB147","HB147","D. Bentley"
130,"ga2017HB148","HB148","R. Webber"
109,"ga2017HB148","HB148","A. Scott"
128,"ga2017HB148","HB148","J. Wayne"
63,"ga2017HB149","HB149","S. Lee"
7,"ga2017HB149","HB149","J. Blanton"
40,"ga2017HB149","HB149","D. Hale"
44,"ga2017HB149","HB149","M. Hart"
61,"ga2017HB149","HB149","K. King"
81,"ga2017HB149","HB149","C. Morgan"
96,"ga2017HB149","HB149","W. Reed"
99,"ga2017HB150","HB150","S. Riggs"
9,"ga2017HB151","HB151","K. Bratcher"
137,"ga2017HB151","HB151","A. Wuchner"
64,"ga2017HB152","HB152","B. Linder"
26,"ga2017HB152","HB152","M. Dossett"
4,"ga2017HB152","HB152","L. Bechler"
47,"ga2017HB152","HB152","T. Herald"
122,"ga2017HB152","HB152","W. Thomas"
72,"ga2017HB153","HB153","M. Meredith"
39,"ga2017HB153","HB153","J. Greer"
103,"ga2017HB153","HB153","B. Rowland"
81,"ga2017HB154","HB154","C. Morgan"
81,"ga2017HB155","HB155","C. Morgan"
33,"ga2017HB156","HB156","C. Fugate"
11,"ga2017HB156","HB156","L. Brown"
5,"ga2017HB156","HB156","D. Bentley"
7,"ga2017HB156","HB156","J. Blanton"
39,"ga2017HB156","HB156","J. Greer"
40,"ga2017HB156","HB156","D. Hale"
42,"ga2017HB156","HB156","C. Harris"
45,"ga2017HB156","HB156","A. Hatton"
47,"ga2017HB156","HB156","T. Herald"
53,"ga2017HB156","HB156","K. Imes"
56,"ga2017HB156","HB156","D. Johnson"
61,"ga2017HB156","HB156","K. King"
78,"ga2017HB156","HB156","R. Mills"
82,"ga2017HB156","HB156","K. Moser"
89,"ga2017HB156","HB156","R. Palumbo"
93,"ga2017HB156","HB156","M. Prunty"
105,"ga2017HB156","HB156","S. Santoro"
126,"ga2017HB156","HB156","K. Upchurch"
134,"ga2017HB156","HB156","S. Westrom"
138,"ga2017HB156","HB156","J. York"
NA,"ga2017HB157","HB157",NA
82,"ga2017HB158","HB158","K. Moser"
5,"ga2017HB158","HB158","D. Bentley"
6,"ga2017HB158","HB158","R. Benvenuti"
97,"ga2017HB158","HB158","J. Richards"
134,"ga2017HB158","HB158","S. Westrom"
103,"ga2017HB159","HB159","B. Rowland"
39,"ga2017HB159","HB159","J. Greer"
112,"ga2017HB159","HB159","A. Simpson"
62,"ga2017HB160","HB160","A. Koenig"
54,"ga2017HB160","HB160","J. Jenkins"
77,"ga2017HB160","HB160","J. Miller"
78,"ga2017HB160","HB160","R. Mills"
96,"ga2017HB160","HB160","W. Reed"
99,"ga2017HB160","HB160","S. Riggs"
102,"ga2017HB160","HB160","R. Rothenburger"
55,"ga2017HB161","HB161","DJ Johnson"
106,"ga2017HB161","HB161","D. Schamore"
56,"ga2017HB161","HB161","D. Johnson"
80,"ga2017HB161","HB161","T. Moore"
89,"ga2017HB161","HB161","R. Palumbo"
93,"ga2017HB161","HB161","M. Prunty"
116,"ga2017HB161","HB161","D. St. Onge"
16,"ga2017HB162","HB162","J. Carney"
44,"ga2017HB162","HB162","M. Hart"
50,"ga2017HB162","HB162","D. Horlander"
61,"ga2017HB162","HB162","K. King"
62,"ga2017HB162","HB162","A. Koenig"
67,"ga2017HB162","HB162","C. McCoy"
74,"ga2017HB162","HB162","R. Meyer"
82,"ga2017HB162","HB162","K. Moser"
92,"ga2017HB162","HB162","P. Pratt"
93,"ga2017HB162","HB162","M. Prunty"
96,"ga2017HB162","HB162","W. Reed"
102,"ga2017HB162","HB162","R. Rothenburger"
105,"ga2017HB162","HB162","S. Santoro"
123,"ga2017HB162","HB162","J. Tipton"
103,"ga2017HB163","HB163","B. Rowland"
39,"ga2017HB163","HB163","J. Greer"
81,"ga2017HB164","HB164","C. Morgan"
27,"ga2017HB165","HB165","J. DuPlessis"
62,"ga2017HB166","HB166","A. Koenig"
112,"ga2017HB166","HB166","A. Simpson"
97,"ga2017HB166","HB166","J. Richards"
77,"ga2017HB167","HB167","J. Miller"
103,"ga2017HB168","HB168","B. Rowland"
13,"ga2017HB168","HB168","R. Bunch"
20,"ga2017HB168","HB168","M. Castlen"
24,"ga2017HB168","HB168","J. DeCesare"
26,"ga2017HB168","HB168","M. Dossett"
46,"ga2017HB168","HB168","R. Heath"
53,"ga2017HB168","HB168","K. Imes"
72,"ga2017HB168","HB168","M. Meredith"
75,"ga2017HB168","HB168","S. Miles"
80,"ga2017HB168","HB168","T. Moore"
91,"ga2017HB168","HB168","J. Petrie"
93,"ga2017HB168","HB168","M. Prunty"
97,"ga2017HB168","HB168","J. Richards"
100,"ga2017HB168","HB168","S. Riley"
119,"ga2017HB168","HB168","W. Stone"
122,"ga2017HB168","HB168","W. Thomas"
63,"ga2017HB169","HB169","S. Lee"
9,"ga2017HB169","HB169","K. Bratcher"
40,"ga2017HB169","HB169","D. Hale"
61,"ga2017HB169","HB169","K. King"
89,"ga2017HB169","HB169","R. Palumbo"
93,"ga2017HB169","HB169","M. Prunty"
97,"ga2017HB169","HB169","J. Richards"
99,"ga2017HB169","HB169","S. Riggs"
105,"ga2017HB169","HB169","S. Santoro"
130,"ga2017HB169","HB169","R. Webber"
134,"ga2017HB169","HB169","S. Westrom"
88,"ga2017HB170","HB170","D. Owens"
54,"ga2017HB170","HB170","J. Jenkins"
2,"ga2017HB170","HB170","R. Adkins"
14,"ga2017HB170","HB170","T. Burch"
15,"ga2017HB170","HB170","M. Cantrell"
23,"ga2017HB170","HB170","W. Coursey"
25,"ga2017HB170","HB170","J. Donohue"
32,"ga2017HB170","HB170","K. Flood"
34,"ga2017HB170","HB170","A. Gentry"
38,"ga2017HB170","HB170","D. Graham"
42,"ga2017HB170","HB170","C. Harris"
45,"ga2017HB170","HB170","A. Hatton"
58,"ga2017HB170","HB170","J. Kay"
59,"ga2017HB170","HB170","D. Keene"
65,"ga2017HB170","HB170","M. Marzian"
87,"ga2017HB170","HB170","S. Overly"
89,"ga2017HB170","HB170","R. Palumbo"
97,"ga2017HB170","HB170","J. Richards"
99,"ga2017HB170","HB170","S. Riggs"
106,"ga2017HB170","HB170","D. Schamore"
109,"ga2017HB170","HB170","A. Scott"
112,"ga2017HB170","HB170","A. Simpson"
119,"ga2017HB170","HB170","W. Stone"
128,"ga2017HB170","HB170","J. Wayne"
134,"ga2017HB170","HB170","S. Westrom"
63,"ga2017HB171","HB171","S. Lee"
9,"ga2017HB171","HB171","K. Bratcher"
40,"ga2017HB171","HB171","D. Hale"
44,"ga2017HB171","HB171","M. Hart"
61,"ga2017HB171","HB171","K. King"
99,"ga2017HB171","HB171","S. Riggs"
100,"ga2017HB171","HB171","S. Riley"
105,"ga2017HB171","HB171","S. Santoro"
130,"ga2017HB171","HB171","R. Webber"
134,"ga2017HB171","HB171","S. Westrom"
39,"ga2017HB172","HB172","J. Greer"
77,"ga2017HB173","HB173","J. Miller"
46,"ga2017HB174","HB174","R. Heath"
20,"ga2017HB174","HB174","M. Castlen"
24,"ga2017HB174","HB174","J. DeCesare"
26,"ga2017HB174","HB174","M. Dossett"
37,"ga2017HB174","HB174","J. Gooch"
40,"ga2017HB174","HB174","D. Hale"
44,"ga2017HB174","HB174","M. Hart"
61,"ga2017HB174","HB174","K. King"
75,"ga2017HB174","HB174","S. Miles"
78,"ga2017HB174","HB174","R. Mills"
91,"ga2017HB174","HB174","J. Petrie"
92,"ga2017HB174","HB174","P. Pratt"
93,"ga2017HB174","HB174","M. Prunty"
103,"ga2017HB174","HB174","B. Rowland"
104,"ga2017HB174","HB174","S. Rudy"
106,"ga2017HB174","HB174","D. Schamore"
119,"ga2017HB174","HB174","W. Stone"
122,"ga2017HB174","HB174","W. Thomas"
123,"ga2017HB174","HB174","J. Tipton"
125,"ga2017HB174","HB174","T. Turner"
54,"ga2017HB175","HB175","J. Jenkins"
114,"ga2017HB176","HB176","K. Sinnette"
84,"ga2017HB176","HB176","R. Nelson"
95,"ga2017HB176","HB176","R. Rand"
134,"ga2017HB176","HB176","S. Westrom"
24,"ga2017HB177","HB177","J. DeCesare"
87,"ga2017HB178","HB178","S. Overly"
59,"ga2017HB178","HB178","D. Keene"
2,"ga2017HB178","HB178","R. Adkins"
14,"ga2017HB178","HB178","T. Burch"
23,"ga2017HB178","HB178","W. Coursey"
25,"ga2017HB178","HB178","J. Donohue"
34,"ga2017HB178","HB178","A. Gentry"
65,"ga2017HB178","HB178","M. Marzian"
76,"ga2017HB178","HB178","C. Miller"
89,"ga2017HB178","HB178","R. Palumbo"
106,"ga2017HB178","HB178","D. Schamore"
109,"ga2017HB178","HB178","A. Scott"
119,"ga2017HB178","HB178","W. Stone"
128,"ga2017HB178","HB178","J. Wayne"
87,"ga2017HB179","HB179","S. Overly"
32,"ga2017HB179","HB179","K. Flood"
2,"ga2017HB179","HB179","R. Adkins"
14,"ga2017HB179","HB179","T. Burch"
23,"ga2017HB179","HB179","W. Coursey"
25,"ga2017HB179","HB179","J. Donohue"
34,"ga2017HB179","HB179","A. Gentry"
59,"ga2017HB179","HB179","D. Keene"
65,"ga2017HB179","HB179","M. Marzian"
89,"ga2017HB179","HB179","R. Palumbo"
106,"ga2017HB179","HB179","D. Schamore"
109,"ga2017HB179","HB179","A. Scott"
119,"ga2017HB179","HB179","W. Stone"
128,"ga2017HB179","HB179","J. Wayne"
134,"ga2017HB179","HB179","S. Westrom"
137,"ga2017HB180","HB180","A. Wuchner"
93,"ga2017HB180","HB180","M. Prunty"
28,"ga2017HB180","HB180","D. Elliott"
38,"ga2017HB180","HB180","D. Graham"
71,"ga2017HB180","HB180","R. Meeks"
134,"ga2017HB180","HB180","S. Westrom"
55,"ga2017HB181","HB181","DJ Johnson"
42,"ga2017HB182","HB182","C. Harris"
7,"ga2017HB182","HB182","J. Blanton"
62,"ga2017HB183","HB183","A. Koenig"
75,"ga2017HB184","HB184","S. Miles"
91,"ga2017HB184","HB184","J. Petrie"
20,"ga2017HB184","HB184","M. Castlen"
24,"ga2017HB184","HB184","J. DeCesare"
37,"ga2017HB184","HB184","J. Gooch"
55,"ga2017HB184","HB184","DJ Johnson"
72,"ga2017HB184","HB184","M. Meredith"
78,"ga2017HB184","HB184","R. Mills"
93,"ga2017HB184","HB184","M. Prunty"
96,"ga2017HB184","HB184","W. Reed"
97,"ga2017HB184","HB184","J. Richards"
103,"ga2017HB184","HB184","B. Rowland"
106,"ga2017HB184","HB184","D. Schamore"
84,"ga2017HB185","HB185","R. Nelson"
84,"ga2017HB186","HB186","R. Nelson"
16,"ga2017HB186","HB186","J. Carney"
84,"ga2017HB187","HB187","R. Nelson"
84,"ga2017HB188","HB188","R. Nelson"
24,"ga2017HB189","HB189","J. DeCesare"
134,"ga2017HB189","HB189","S. Westrom"
105,"ga2017HB189","HB189","S. Santoro"
137,"ga2017HB189","HB189","A. Wuchner"
99,"ga2017HB190","HB190","S. Riggs"
134,"ga2017HB190","HB190","S. Westrom"
103,"ga2017HB191","HB191","B. Rowland"
39,"ga2017HB191","HB191","J. Greer"
99,"ga2017HB191","HB191","S. Riggs"
11,"ga2017HB192","HB192","L. Brown"
134,"ga2017HB192","HB192","S. Westrom"
137,"ga2017HB192","HB192","A. Wuchner"
42,"ga2017HB193","HB193","C. Harris"
42,"ga2017HB194","HB194","C. Harris"
123,"ga2017HB195","HB195","J. Tipton"
44,"ga2017HB195","HB195","M. Hart"
76,"ga2017HB195","HB195","C. Miller"
80,"ga2017HB195","HB195","T. Moore"
119,"ga2017HB195","HB195","W. Stone"
87,"ga2017HB196","HB196","S. Overly"
2,"ga2017HB196","HB196","R. Adkins"
14,"ga2017HB196","HB196","T. Burch"
23,"ga2017HB196","HB196","W. Coursey"
25,"ga2017HB196","HB196","J. Donohue"
34,"ga2017HB196","HB196","A. Gentry"
59,"ga2017HB196","HB196","D. Keene"
65,"ga2017HB196","HB196","M. Marzian"
106,"ga2017HB196","HB196","D. Schamore"
109,"ga2017HB196","HB196","A. Scott"
119,"ga2017HB196","HB196","W. Stone"
128,"ga2017HB196","HB196","J. Wayne"
134,"ga2017HB196","HB196","S. Westrom"
87,"ga2017HB197","HB197","S. Overly"
134,"ga2017HB197","HB197","S. Westrom"
87,"ga2017HB198","HB198","S. Overly"
106,"ga2017HB199","HB199","D. Schamore"
62,"ga2017HB199","HB199","A. Koenig"
103,"ga2017HB199","HB199","B. Rowland"
86,"ga2017HB200","HB200","D. Osborne"
39,"ga2017HB200","HB200","J. Greer"
44,"ga2017HB200","HB200","M. Hart"
81,"ga2017HB200","HB200","C. Morgan"
89,"ga2017HB200","HB200","R. Palumbo"
15,"ga2017HB201","HB201","M. Cantrell"
14,"ga2017HB201","HB201","T. Burch"
25,"ga2017HB201","HB201","J. Donohue"
32,"ga2017HB201","HB201","K. Flood"
54,"ga2017HB201","HB201","J. Jenkins"
65,"ga2017HB201","HB201","M. Marzian"
87,"ga2017HB201","HB201","S. Overly"
89,"ga2017HB201","HB201","R. Palumbo"
109,"ga2017HB201","HB201","A. Scott"
128,"ga2017HB201","HB201","J. Wayne"
134,"ga2017HB201","HB201","S. Westrom"
NA,"ga2017HB202","HB202",NA
NA,"ga2017HB203","HB203",NA
16,"ga2017HB204","HB204","J. Carney"
97,"ga2017HB204","HB204","J. Richards"
16,"ga2017HB205","HB205","J. Carney"
13,"ga2017HB205","HB205","R. Bunch"
89,"ga2017HB205","HB205","R. Palumbo"
134,"ga2017HB205","HB205","S. Westrom"
16,"ga2017HB206","HB206","J. Carney"
67,"ga2017HB207","HB207","C. McCoy"
53,"ga2017HB208","HB208","K. Imes"
53,"ga2017HB209","HB209","K. Imes"
15,"ga2017HB210","HB210","M. Cantrell"
15,"ga2017HB211","HB211","M. Cantrell"
46,"ga2017HB212","HB212","R. Heath"
105,"ga2017HB213","HB213","S. Santoro"
82,"ga2017HB213","HB213","K. Moser"
96,"ga2017HB214","HB214","W. Reed"
92,"ga2017HB214","HB214","P. Pratt"
44,"ga2017HB214","HB214","M. Hart"
61,"ga2017HB214","HB214","K. King"
123,"ga2017HB214","HB214","J. Tipton"
103,"ga2017HB215","HB215","B. Rowland"
99,"ga2017HB215","HB215","S. Riggs"
103,"ga2017HB216","HB216","B. Rowland"
75,"ga2017HB216","HB216","S. Miles"
97,"ga2017HB217","HB217","J. Richards"
97,"ga2017HB218","HB218","J. Richards"
NA,"ga2017HB219","HB219",NA
NA,"ga2017HB220","HB220",NA
61,"ga2017HB221","HB221","K. King"
6,"ga2017HB222","HB222","R. Benvenuti"
39,"ga2017HB222","HB222","J. Greer"
78,"ga2017HB222","HB222","R. Mills"
96,"ga2017HB222","HB222","W. Reed"
138,"ga2017HB222","HB222","J. York"
30,"ga2017HB223","HB223","J. Fischer"
30,"ga2017HB224","HB224","J. Fischer"
130,"ga2017HB225","HB225","R. Webber"
80,"ga2017HB225","HB225","T. Moore"
137,"ga2017HB226","HB226","A. Wuchner"
93,"ga2017HB226","HB226","M. Prunty"
93,"ga2017HB227","HB227","M. Prunty"
28,"ga2017HB227","HB227","D. Elliott"
38,"ga2017HB227","HB227","D. Graham"
67,"ga2017HB227","HB227","C. McCoy"
82,"ga2017HB227","HB227","K. Moser"
89,"ga2017HB227","HB227","R. Palumbo"
99,"ga2017HB227","HB227","S. Riggs"
116,"ga2017HB227","HB227","D. St. Onge"
134,"ga2017HB227","HB227","S. Westrom"
137,"ga2017HB227","HB227","A. Wuchner"
24,"ga2017HB228","HB228","J. DeCesare"
81,"ga2017HB229","HB229","C. Morgan"
81,"ga2017HB230","HB230","C. Morgan"
100,"ga2017HB231","HB231","S. Riley"
80,"ga2017HB231","HB231","T. Moore"
103,"ga2017HB231","HB231","B. Rowland"
80,"ga2017HB232","HB232","T. Moore"
134,"ga2017HB232","HB232","S. Westrom"
131,"ga2017HB233","HB233","W. Wells"
37,"ga2017HB234","HB234","J. Gooch"
7,"ga2017HB234","HB234","J. Blanton"
75,"ga2017HB234","HB234","S. Miles"
78,"ga2017HB234","HB234","R. Mills"
93,"ga2017HB234","HB234","M. Prunty"
56,"ga2017HB235","HB235","D. Johnson"
4,"ga2017HB236","HB236","L. Bechler"
47,"ga2017HB236","HB236","T. Herald"
86,"ga2017HB236","HB236","D. Osborne"
89,"ga2017HB236","HB236","R. Palumbo"
92,"ga2017HB237","HB237","P. Pratt"
40,"ga2017HB237","HB237","D. Hale"
44,"ga2017HB237","HB237","M. Hart"
61,"ga2017HB237","HB237","K. King"
72,"ga2017HB237","HB237","M. Meredith"
85,"ga2017HB237","HB237","J. Nemes"
96,"ga2017HB237","HB237","W. Reed"
113,"ga2017HB237","HB237","J. Sims"
122,"ga2017HB237","HB237","W. Thomas"
123,"ga2017HB237","HB237","J. Tipton"
92,"ga2017HB238","HB238","P. Pratt"
44,"ga2017HB238","HB238","M. Hart"
10,"ga2017HB238","HB238","G. Brown"
89,"ga2017HB238","HB238","R. Palumbo"
97,"ga2017HB238","HB238","J. Richards"
122,"ga2017HB239","HB239","W. Thomas"
62,"ga2017HB239","HB239","A. Koenig"
25,"ga2017HB239","HB239","J. Donohue"
26,"ga2017HB239","HB239","M. Dossett"
28,"ga2017HB239","HB239","D. Elliott"
86,"ga2017HB239","HB239","D. Osborne"
92,"ga2017HB239","HB239","P. Pratt"
93,"ga2017HB239","HB239","M. Prunty"
96,"ga2017HB239","HB239","W. Reed"
102,"ga2017HB239","HB239","R. Rothenburger"
105,"ga2017HB239","HB239","S. Santoro"
113,"ga2017HB239","HB239","J. Sims"
131,"ga2017HB239","HB239","W. Wells"
34,"ga2017HB240","HB240","A. Gentry"
15,"ga2017HB240","HB240","M. Cantrell"
34,"ga2017HB241","HB241","A. Gentry"
62,"ga2017HB241","HB241","A. Koenig"
85,"ga2017HB241","HB241","J. Nemes"
97,"ga2017HB241","HB241","J. Richards"
105,"ga2017HB241","HB241","S. Santoro"
134,"ga2017HB241","HB241","S. Westrom"
27,"ga2017HB242","HB242","J. DuPlessis"
79,"ga2017HB243","HB243","P. Moffett"
77,"ga2017HB244","HB244","J. Miller"
77,"ga2017HB245","HB245","J. Miller"
77,"ga2017HB246","HB246","J. Miller"
99,"ga2017HB246","HB246","S. Riggs"
9,"ga2017HB246","HB246","K. Bratcher"
31,"ga2017HB246","HB246","K. Fleming"
79,"ga2017HB246","HB246","P. Moffett"
137,"ga2017HB247","HB247","A. Wuchner"
97,"ga2017HB247","HB247","J. Richards"
134,"ga2017HB247","HB247","S. Westrom"
82,"ga2017HB248","HB248","K. Moser"
137,"ga2017HB248","HB248","A. Wuchner"
80,"ga2017HB249","HB249","T. Moore"
32,"ga2017HB250","HB250","K. Flood"
87,"ga2017HB250","HB250","S. Overly"
85,"ga2017HB251","HB251","J. Nemes"
137,"ga2017HB251","HB251","A. Wuchner"
14,"ga2017HB251","HB251","T. Burch"
32,"ga2017HB251","HB251","K. Flood"
34,"ga2017HB251","HB251","A. Gentry"
38,"ga2017HB251","HB251","D. Graham"
65,"ga2017HB251","HB251","M. Marzian"
67,"ga2017HB251","HB251","C. McCoy"
82,"ga2017HB251","HB251","K. Moser"
88,"ga2017HB251","HB251","D. Owens"
93,"ga2017HB251","HB251","M. Prunty"
102,"ga2017HB251","HB251","R. Rothenburger"
109,"ga2017HB251","HB251","A. Scott"
112,"ga2017HB251","HB251","A. Simpson"
114,"ga2017HB251","HB251","K. Sinnette"
128,"ga2017HB251","HB251","J. Wayne"
134,"ga2017HB251","HB251","S. Westrom"
7,"ga2017HB252","HB252","J. Blanton"
82,"ga2017HB252","HB252","K. Moser"
11,"ga2017HB252","HB252","L. Brown"
13,"ga2017HB252","HB252","R. Bunch"
40,"ga2017HB252","HB252","D. Hale"
44,"ga2017HB252","HB252","M. Hart"
50,"ga2017HB252","HB252","D. Horlander"
84,"ga2017HB252","HB252","R. Nelson"
93,"ga2017HB252","HB252","M. Prunty"
96,"ga2017HB252","HB252","W. Reed"
137,"ga2017HB252","HB252","A. Wuchner"
39,"ga2017HB253","HB253","J. Greer"
81,"ga2017HB253","HB253","C. Morgan"
82,"ga2017HB253","HB253","K. Moser"
93,"ga2017HB253","HB253","M. Prunty"
59,"ga2017HB254","HB254","D. Keene"
50,"ga2017HB254","HB254","D. Horlander"
119,"ga2017HB255","HB255","W. Stone"
24,"ga2017HB255","HB255","J. DeCesare"
97,"ga2017HB255","HB255","J. Richards"
26,"ga2017HB256","HB256","M. Dossett"
80,"ga2017HB256","HB256","T. Moore"
24,"ga2017HB257","HB257","J. DeCesare"
123,"ga2017HB258","HB258","J. Tipton"
67,"ga2017HB259","HB259","C. McCoy"
85,"ga2017HB260","HB260","J. Nemes"
15,"ga2017HB260","HB260","M. Cantrell"
45,"ga2017HB260","HB260","A. Hatton"
74,"ga2017HB260","HB260","R. Meyer"
89,"ga2017HB260","HB260","R. Palumbo"
93,"ga2017HB260","HB260","M. Prunty"
97,"ga2017HB260","HB260","J. Richards"
123,"ga2017HB260","HB260","J. Tipton"
27,"ga2017HB261","HB261","J. DuPlessis"
96,"ga2017HB261","HB261","W. Reed"
123,"ga2017HB261","HB261","J. Tipton"
130,"ga2017HB262","HB262","R. Webber"
128,"ga2017HB263","HB263","J. Wayne"
14,"ga2017HB263","HB263","T. Burch"
15,"ga2017HB263","HB263","M. Cantrell"
25,"ga2017HB263","HB263","J. Donohue"
32,"ga2017HB263","HB263","K. Flood"
38,"ga2017HB263","HB263","D. Graham"
54,"ga2017HB263","HB263","J. Jenkins"
65,"ga2017HB263","HB263","M. Marzian"
71,"ga2017HB263","HB263","R. Meeks"
88,"ga2017HB263","HB263","D. Owens"
89,"ga2017HB263","HB263","R. Palumbo"
109,"ga2017HB263","HB263","A. Scott"
95,"ga2017HB264","HB264","R. Rand"
34,"ga2017HB264","HB264","A. Gentry"
89,"ga2017HB264","HB264","R. Palumbo"
97,"ga2017HB264","HB264","J. Richards"
122,"ga2017HB265","HB265","W. Thomas"
20,"ga2017HB265","HB265","M. Castlen"
26,"ga2017HB265","HB265","M. Dossett"
44,"ga2017HB265","HB265","M. Hart"
46,"ga2017HB265","HB265","R. Heath"
53,"ga2017HB265","HB265","K. Imes"
75,"ga2017HB265","HB265","S. Miles"
78,"ga2017HB265","HB265","R. Mills"
91,"ga2017HB265","HB265","J. Petrie"
92,"ga2017HB265","HB265","P. Pratt"
96,"ga2017HB265","HB265","W. Reed"
87,"ga2017HB266","HB266","S. Overly"
2,"ga2017HB266","HB266","R. Adkins"
14,"ga2017HB266","HB266","T. Burch"
15,"ga2017HB266","HB266","M. Cantrell"
23,"ga2017HB266","HB266","W. Coursey"
25,"ga2017HB266","HB266","J. Donohue"
34,"ga2017HB266","HB266","A. Gentry"
59,"ga2017HB266","HB266","D. Keene"
65,"ga2017HB266","HB266","M. Marzian"
89,"ga2017HB266","HB266","R. Palumbo"
97,"ga2017HB266","HB266","J. Richards"
106,"ga2017HB266","HB266","D. Schamore"
109,"ga2017HB266","HB266","A. Scott"
119,"ga2017HB266","HB266","W. Stone"
128,"ga2017HB266","HB266","J. Wayne"
134,"ga2017HB266","HB266","S. Westrom"
58,"ga2017HB267","HB267","J. Kay"
44,"ga2017HB268","HB268","M. Hart"
102,"ga2017HB268","HB268","R. Rothenburger"
13,"ga2017HB268","HB268","R. Bunch"
39,"ga2017HB268","HB268","J. Greer"
80,"ga2017HB268","HB268","T. Moore"
89,"ga2017HB268","HB268","R. Palumbo"
100,"ga2017HB269","HB269","S. Riley"
55,"ga2017HB270","HB270","DJ Johnson"
78,"ga2017HB270","HB270","R. Mills"
123,"ga2017HB270","HB270","J. Tipton"
126,"ga2017HB270","HB270","K. Upchurch"
78,"ga2017HB271","HB271","R. Mills"
62,"ga2017HB271","HB271","A. Koenig"
72,"ga2017HB271","HB271","M. Meredith"
85,"ga2017HB271","HB271","J. Nemes"
89,"ga2017HB271","HB271","R. Palumbo"
105,"ga2017HB271","HB271","S. Santoro"
134,"ga2017HB271","HB271","S. Westrom"
78,"ga2017HB272","HB272","R. Mills"
62,"ga2017HB272","HB272","A. Koenig"
78,"ga2017HB273","HB273","R. Mills"
131,"ga2017HB273","HB273","W. Wells"
92,"ga2017HB274","HB274","P. Pratt"
114,"ga2017HB275","HB275","K. Sinnette"
79,"ga2017HB276","HB276","P. Moffett"
96,"ga2017HB277","HB277","W. Reed"
25,"ga2017HB278","HB278","J. Donohue"
123,"ga2017HB279","HB279","J. Tipton"
16,"ga2017HB279","HB279","J. Carney"
44,"ga2017HB279","HB279","M. Hart"
54,"ga2017HB280","HB280","J. Jenkins"
109,"ga2017HB280","HB280","A. Scott"
85,"ga2017HB281","HB281","J. Nemes"
91,"ga2017HB282","HB282","J. Petrie"
77,"ga2017HB283","HB283","J. Miller"
72,"ga2017HB284","HB284","M. Meredith"
128,"ga2017HB285","HB285","J. Wayne"
58,"ga2017HB286","HB286","J. Kay"
74,"ga2017HB286","HB286","R. Meyer"
85,"ga2017HB286","HB286","J. Nemes"
58,"ga2017HB287","HB287","J. Kay"
74,"ga2017HB287","HB287","R. Meyer"
64,"ga2017HB288","HB288","B. Linder"
7,"ga2017HB289","HB289","J. Blanton"
40,"ga2017HB290","HB290","D. Hale"
71,"ga2017HB291","HB291","R. Meeks"
105,"ga2017HB291","HB291","S. Santoro"
77,"ga2017HB292","HB292","J. Miller"
62,"ga2017HB292","HB292","A. Koenig"
112,"ga2017HB292","HB292","A. Simpson"
102,"ga2017HB293","HB293","R. Rothenburger"
96,"ga2017HB293","HB293","W. Reed"
75,"ga2017HB294","HB294","S. Miles"
40,"ga2017HB294","HB294","D. Hale"
55,"ga2017HB294","HB294","DJ Johnson"
67,"ga2017HB294","HB294","C. McCoy"
2,"ga2017HB295","HB295","R. Adkins"
76,"ga2017HB295","HB295","C. Miller"
97,"ga2017HB295","HB295","J. Richards"
62,"ga2017HB296","HB296","A. Koenig"
103,"ga2017HB296","HB296","B. Rowland"
24,"ga2017HB296","HB296","J. DeCesare"
26,"ga2017HB296","HB296","M. Dossett"
92,"ga2017HB296","HB296","P. Pratt"
131,"ga2017HB296","HB296","W. Wells"
137,"ga2017HB296","HB296","A. Wuchner"
7,"ga2017HB297","HB297","J. Blanton"
11,"ga2017HB297","HB297","L. Brown"
5,"ga2017HB297","HB297","D. Bentley"
79,"ga2017HB298","HB298","P. Moffett"
20,"ga2017HB299","HB299","M. Castlen"
11,"ga2017HB299","HB299","L. Brown"
NA,"ga2017HB300","HB300",NA
5,"ga2017HB301","HB301","D. Bentley"
39,"ga2017HB301","HB301","J. Greer"
105,"ga2017HB301","HB301","S. Santoro"
85,"ga2017HB302","HB302","J. Nemes"
58,"ga2017HB303","HB303","J. Kay"
54,"ga2017HB303","HB303","J. Jenkins"
137,"ga2017HB304","HB304","A. Wuchner"
65,"ga2017HB304","HB304","M. Marzian"
32,"ga2017HB304","HB304","K. Flood"
44,"ga2017HB304","HB304","M. Hart"
82,"ga2017HB304","HB304","K. Moser"
89,"ga2017HB304","HB304","R. Palumbo"
93,"ga2017HB304","HB304","M. Prunty"
134,"ga2017HB304","HB304","S. Westrom"
82,"ga2017HB305","HB305","K. Moser"
5,"ga2017HB305","HB305","D. Bentley"
7,"ga2017HB305","HB305","J. Blanton"
20,"ga2017HB305","HB305","M. Castlen"
28,"ga2017HB305","HB305","D. Elliott"
33,"ga2017HB305","HB305","C. Fugate"
44,"ga2017HB305","HB305","M. Hart"
50,"ga2017HB305","HB305","D. Horlander"
89,"ga2017HB305","HB305","R. Palumbo"
112,"ga2017HB305","HB305","A. Simpson"
134,"ga2017HB305","HB305","S. Westrom"
137,"ga2017HB305","HB305","A. Wuchner"
72,"ga2017HB306","HB306","M. Meredith"
96,"ga2017HB306","HB306","W. Reed"
4,"ga2017HB306","HB306","L. Bechler"
40,"ga2017HB306","HB306","D. Hale"
80,"ga2017HB306","HB306","T. Moore"
92,"ga2017HB306","HB306","P. Pratt"
97,"ga2017HB306","HB306","J. Richards"
103,"ga2017HB306","HB306","B. Rowland"
123,"ga2017HB306","HB306","J. Tipton"
137,"ga2017HB307","HB307","A. Wuchner"
16,"ga2017HB307","HB307","J. Carney"
93,"ga2017HB307","HB307","M. Prunty"
137,"ga2017HB308","HB308","A. Wuchner"
82,"ga2017HB308","HB308","K. Moser"
93,"ga2017HB308","HB308","M. Prunty"
93,"ga2017HB309","HB309","M. Prunty"
137,"ga2017HB309","HB309","A. Wuchner"
13,"ga2017HB309","HB309","R. Bunch"
15,"ga2017HB309","HB309","M. Cantrell"
45,"ga2017HB309","HB309","A. Hatton"
54,"ga2017HB309","HB309","J. Jenkins"
81,"ga2017HB309","HB309","C. Morgan"
109,"ga2017HB309","HB309","A. Scott"
134,"ga2017HB309","HB309","S. Westrom"
138,"ga2017HB309","HB309","J. York"
54,"ga2017HB310","HB310","J. Jenkins"
62,"ga2017HB310","HB310","A. Koenig"
25,"ga2017HB310","HB310","J. Donohue"
77,"ga2017HB310","HB310","J. Miller"
79,"ga2017HB310","HB310","P. Moffett"
97,"ga2017HB310","HB310","J. Richards"
99,"ga2017HB310","HB310","S. Riggs"
80,"ga2017HB311","HB311","T. Moore"
7,"ga2017HB311","HB311","J. Blanton"
56,"ga2017HB311","HB311","D. Johnson"
93,"ga2017HB311","HB311","M. Prunty"
122,"ga2017HB311","HB311","W. Thomas"
123,"ga2017HB311","HB311","J. Tipton"
100,"ga2017HB312","HB312","S. Riley"
66,"ga2017HB312","HB312","D. Mayfield"
86,"ga2017HB313","HB313","D. Osborne"
53,"ga2017HB313","HB313","K. Imes"
105,"ga2017HB313","HB313","S. Santoro"
5,"ga2017HB314","HB314","D. Bentley"
137,"ga2017HB314","HB314","A. Wuchner"
82,"ga2017HB314","HB314","K. Moser"
7,"ga2017HB315","HB315","J. Blanton"
63,"ga2017HB315","HB315","S. Lee"
78,"ga2017HB315","HB315","R. Mills"
81,"ga2017HB315","HB315","C. Morgan"
89,"ga2017HB315","HB315","R. Palumbo"
96,"ga2017HB315","HB315","W. Reed"
134,"ga2017HB315","HB315","S. Westrom"
81,"ga2017HB316","HB316","C. Morgan"
131,"ga2017HB316","HB316","W. Wells"
75,"ga2017HB317","HB317","S. Miles"
138,"ga2017HB317","HB317","J. York"
72,"ga2017HB318","HB318","M. Meredith"
53,"ga2017HB319","HB319","K. Imes"
86,"ga2017HB319","HB319","D. Osborne"
105,"ga2017HB319","HB319","S. Santoro"
88,"ga2017HB320","HB320","D. Owens"
26,"ga2017HB320","HB320","M. Dossett"
88,"ga2017HB321","HB321","D. Owens"
26,"ga2017HB321","HB321","M. Dossett"
71,"ga2017HB321","HB321","R. Meeks"
54,"ga2017HB322","HB322","J. Jenkins"
96,"ga2017HB323","HB323","W. Reed"
39,"ga2017HB323","HB323","J. Greer"
81,"ga2017HB323","HB323","C. Morgan"
84,"ga2017HB323","HB323","R. Nelson"
93,"ga2017HB323","HB323","M. Prunty"
105,"ga2017HB323","HB323","S. Santoro"
137,"ga2017HB323","HB323","A. Wuchner"
131,"ga2017HB324","HB324","W. Wells"
131,"ga2017HB325","HB325","W. Wells"
131,"ga2017HB326","HB326","W. Wells"
65,"ga2017HB327","HB327","M. Marzian"
14,"ga2017HB327","HB327","T. Burch"
15,"ga2017HB327","HB327","M. Cantrell"
32,"ga2017HB327","HB327","K. Flood"
38,"ga2017HB327","HB327","D. Graham"
54,"ga2017HB327","HB327","J. Jenkins"
88,"ga2017HB327","HB327","D. Owens"
89,"ga2017HB327","HB327","R. Palumbo"
112,"ga2017HB327","HB327","A. Simpson"
128,"ga2017HB327","HB327","J. Wayne"
88,"ga2017HB328","HB328","D. Owens"
30,"ga2017HB329","HB329","J. Fischer"
86,"ga2017HB330","HB330","D. Osborne"
49,"ga2017HB330","HB330","J. Hoover"
54,"ga2017HB330","HB330","J. Jenkins"
65,"ga2017HB331","HB331","M. Marzian"
137,"ga2017HB332","HB332","A. Wuchner"
30,"ga2017HB332","HB332","J. Fischer"
53,"ga2017HB332","HB332","K. Imes"
62,"ga2017HB332","HB332","A. Koenig"
131,"ga2017HB332","HB332","W. Wells"
82,"ga2017HB333","HB333","K. Moser"
30,"ga2017HB333","HB333","J. Fischer"
28,"ga2017HB333","HB333","D. Elliott"
38,"ga2017HB333","HB333","D. Graham"
81,"ga2017HB333","HB333","C. Morgan"
89,"ga2017HB333","HB333","R. Palumbo"
97,"ga2017HB333","HB333","J. Richards"
105,"ga2017HB333","HB333","S. Santoro"
128,"ga2017HB333","HB333","J. Wayne"
134,"ga2017HB333","HB333","S. Westrom"
137,"ga2017HB333","HB333","A. Wuchner"
105,"ga2017HB334","HB334","S. Santoro"
65,"ga2017HB335","HB335","M. Marzian"
89,"ga2017HB335","HB335","R. Palumbo"
103,"ga2017HB336","HB336","B. Rowland"
104,"ga2017HB337","HB337","S. Rudy"
65,"ga2017HB338","HB338","M. Marzian"
71,"ga2017HB338","HB338","R. Meeks"
85,"ga2017HB339","HB339","J. Nemes"
58,"ga2017HB340","HB340","J. Kay"
58,"ga2017HB341","HB341","J. Kay"
97,"ga2017HB341","HB341","J. Richards"
128,"ga2017HB342","HB342","J. Wayne"
65,"ga2017HB342","HB342","M. Marzian"
11,"ga2017HB343","HB343","L. Brown"
42,"ga2017HB344","HB344","C. Harris"
42,"ga2017HB345","HB345","C. Harris"
42,"ga2017HB346","HB346","C. Harris"
42,"ga2017HB347","HB347","C. Harris"
42,"ga2017HB348","HB348","C. Harris"
97,"ga2017HB349","HB349","J. Richards"
13,"ga2017HB350","HB350","R. Bunch"
72,"ga2017HB350","HB350","M. Meredith"
55,"ga2017HB350","HB350","DJ Johnson"
81,"ga2017HB350","HB350","C. Morgan"
77,"ga2017HB351","HB351","J. Miller"
127,"ga2017HB352","HB352","G. Watkins"
97,"ga2017HB352","HB352","J. Richards"
79,"ga2017HB353","HB353","P. Moffett"
64,"ga2017HB354","HB354","B. Linder"
62,"ga2017HB355","HB355","A. Koenig"
58,"ga2017HB355","HB355","J. Kay"
71,"ga2017HB356","HB356","R. Meeks"
97,"ga2017HB356","HB356","J. Richards"
59,"ga2017HB357","HB357","D. Keene"
4,"ga2017HB358","HB358","L. Bechler"
40,"ga2017HB358","HB358","D. Hale"
61,"ga2017HB358","HB358","K. King"
81,"ga2017HB358","HB358","C. Morgan"
4,"ga2017HB359","HB359","L. Bechler"
75,"ga2017HB360","HB360","S. Miles"
24,"ga2017HB360","HB360","J. DeCesare"
44,"ga2017HB360","HB360","M. Hart"
59,"ga2017HB361","HB361","D. Keene"
97,"ga2017HB361","HB361","J. Richards"
55,"ga2017HB362","HB362","DJ Johnson"
75,"ga2017HB363","HB363","S. Miles"
5,"ga2017HB364","HB364","D. Bentley"
105,"ga2017HB364","HB364","S. Santoro"
39,"ga2017HB365","HB365","J. Greer"
67,"ga2017HB365","HB365","C. McCoy"
97,"ga2017HB365","HB365","J. Richards"
55,"ga2017HB366","HB366","DJ Johnson"
89,"ga2017HB367","HB367","R. Palumbo"
16,"ga2017HB367","HB367","J. Carney"
24,"ga2017HB367","HB367","J. DeCesare"
116,"ga2017HB368","HB368","D. St. Onge"
112,"ga2017HB368","HB368","A. Simpson"
NA,"ga2017HB369","HB369",NA
4,"ga2017HB370","HB370","L. Bechler"
79,"ga2017HB370","HB370","P. Moffett"
47,"ga2017HB370","HB370","T. Herald"
81,"ga2017HB370","HB370","C. Morgan"
131,"ga2017HB370","HB370","W. Wells"
54,"ga2017HB371","HB371","J. Jenkins"
40,"ga2017HB372","HB372","D. Hale"
77,"ga2017HB373","HB373","J. Miller"
6,"ga2017HB374","HB374","R. Benvenuti"
81,"ga2017HB374","HB374","C. Morgan"
93,"ga2017HB374","HB374","M. Prunty"
122,"ga2017HB375","HB375","W. Thomas"
26,"ga2017HB375","HB375","M. Dossett"
81,"ga2017HB375","HB375","C. Morgan"
40,"ga2017HB376","HB376","D. Hale"
24,"ga2017HB377","HB377","J. DeCesare"
24,"ga2017HB378","HB378","J. DeCesare"
97,"ga2017HB379","HB379","J. Richards"
92,"ga2017HB380","HB380","P. Pratt"
58,"ga2017HB381","HB381","J. Kay"
58,"ga2017HB382","HB382","J. Kay"
84,"ga2017HB383","HB383","R. Nelson"
6,"ga2017HB384","HB384","R. Benvenuti"
93,"ga2017HB384","HB384","M. Prunty"
NA,"ga2017HB385","HB385",NA
58,"ga2017HB386","HB386","J. Kay"
97,"ga2017HB386","HB386","J. Richards"
40,"ga2017HB387","HB387","D. Hale"
97,"ga2017HB387","HB387","J. Richards"
46,"ga2017HB388","HB388","R. Heath"
105,"ga2017HB388","HB388","S. Santoro"
93,"ga2017HB389","HB389","M. Prunty"
93,"ga2017HB390","HB390","M. Prunty"
89,"ga2017HB391","HB391","R. Palumbo"
97,"ga2017HB391","HB391","J. Richards"
102,"ga2017HB392","HB392","R. Rothenburger"
128,"ga2017HB393","HB393","J. Wayne"
65,"ga2017HB393","HB393","M. Marzian"
131,"ga2017HB394","HB394","W. Wells"
28,"ga2017HB395","HB395","D. Elliott"
33,"ga2017HB396","HB396","C. Fugate"
7,"ga2017HB396","HB396","J. Blanton"
5,"ga2017HB396","HB396","D. Bentley"
11,"ga2017HB396","HB396","L. Brown"
89,"ga2017HB396","HB396","R. Palumbo"
96,"ga2017HB396","HB396","W. Reed"
105,"ga2017HB396","HB396","S. Santoro"
137,"ga2017HB396","HB396","A. Wuchner"
105,"ga2017HB397","HB397","S. Santoro"
128,"ga2017HB398","HB398","J. Wayne"
65,"ga2017HB398","HB398","M. Marzian"
7,"ga2017HB399","HB399","J. Blanton"
42,"ga2017HB399","HB399","C. Harris"
11,"ga2017HB399","HB399","L. Brown"
22,"ga2017HB399","HB399","T. Couch"
131,"ga2017HB399","HB399","W. Wells"
86,"ga2017HB400","HB400","D. Osborne"
62,"ga2017HB400","HB400","A. Koenig"
64,"ga2017HB401","HB401","B. Linder"
44,"ga2017HB401","HB401","M. Hart"
55,"ga2017HB401","HB401","DJ Johnson"
89,"ga2017HB401","HB401","R. Palumbo"
93,"ga2017HB401","HB401","M. Prunty"
96,"ga2017HB401","HB401","W. Reed"
13,"ga2017HB402","HB402","R. Bunch"
137,"ga2017HB402","HB402","A. Wuchner"
81,"ga2017HB402","HB402","C. Morgan"
93,"ga2017HB402","HB402","M. Prunty"
92,"ga2017HB403","HB403","P. Pratt"
105,"ga2017HB404","HB404","S. Santoro"
44,"ga2017HB404","HB404","M. Hart"
122,"ga2017HB405","HB405","W. Thomas"
93,"ga2017HB405","HB405","M. Prunty"
7,"ga2017HB406","HB406","J. Blanton"
67,"ga2017HB407","HB407","C. McCoy"
137,"ga2017HB407","HB407","A. Wuchner"
81,"ga2017HB407","HB407","C. Morgan"
93,"ga2017HB407","HB407","M. Prunty"
122,"ga2017HB407","HB407","W. Thomas"
67,"ga2017HB408","HB408","C. McCoy"
7,"ga2017HB408","HB408","J. Blanton"
5,"ga2017HB408","HB408","D. Bentley"
81,"ga2017HB408","HB408","C. Morgan"
93,"ga2017HB408","HB408","M. Prunty"
137,"ga2017HB408","HB408","A. Wuchner"
67,"ga2017HB409","HB409","C. McCoy"
27,"ga2017HB410","HB410","J. DuPlessis"
26,"ga2017HB410","HB410","M. Dossett"
74,"ga2017HB410","HB410","R. Meyer"
91,"ga2017HB410","HB410","J. Petrie"
34,"ga2017HB411","HB411","A. Gentry"
56,"ga2017HB411","HB411","D. Johnson"
112,"ga2017HB411","HB411","A. Simpson"
46,"ga2017HB412","HB412","R. Heath"
62,"ga2017HB413","HB413","A. Koenig"
81,"ga2017HB413","HB413","C. Morgan"
62,"ga2017HB414","HB414","A. Koenig"
67,"ga2017HB414","HB414","C. McCoy"
81,"ga2017HB414","HB414","C. Morgan"
105,"ga2017HB414","HB414","S. Santoro"
112,"ga2017HB414","HB414","A. Simpson"
40,"ga2017HB415","HB415","D. Hale"
NA,"ga2017HB416","HB416",NA
39,"ga2017HB417","HB417","J. Greer"
61,"ga2017HB417","HB417","K. King"
63,"ga2017HB417","HB417","S. Lee"
72,"ga2017HB417","HB417","M. Meredith"
81,"ga2017HB417","HB417","C. Morgan"
96,"ga2017HB417","HB417","W. Reed"
99,"ga2017HB417","HB417","S. Riggs"
105,"ga2017HB417","HB417","S. Santoro"
137,"ga2017HB417","HB417","A. Wuchner"
106,"ga2017HB418","HB418","D. Schamore"
40,"ga2017HB418","HB418","D. Hale"
97,"ga2017HB418","HB418","J. Richards"
65,"ga2017HB419","HB419","M. Marzian"
23,"ga2017HB420","HB420","W. Coursey"
54,"ga2017HB420","HB420","J. Jenkins"
131,"ga2017HB421","HB421","W. Wells"
34,"ga2017HB422","HB422","A. Gentry"
89,"ga2017HB422","HB422","R. Palumbo"
27,"ga2017HB422","HB422","J. DuPlessis"
74,"ga2017HB422","HB422","R. Meyer"
93,"ga2017HB422","HB422","M. Prunty"
106,"ga2017HB422","HB422","D. Schamore"
138,"ga2017HB422","HB422","J. York"
22,"ga2017HB423","HB423","T. Couch"
131,"ga2017HB423","HB423","W. Wells"
22,"ga2017HB424","HB424","T. Couch"
13,"ga2017HB424","HB424","R. Bunch"
33,"ga2017HB424","HB424","C. Fugate"
84,"ga2017HB424","HB424","R. Nelson"
138,"ga2017HB425","HB425","J. York"
63,"ga2017HB426","HB426","S. Lee"
63,"ga2017HB427","HB427","S. Lee"
11,"ga2017HB427","HB427","L. Brown"
33,"ga2017HB428","HB428","C. Fugate"
81,"ga2017HB429","HB429","C. Morgan"
32,"ga2017HB430","HB430","K. Flood"
27,"ga2017HB431","HB431","J. DuPlessis"
9,"ga2017HB431","HB431","K. Bratcher"
44,"ga2017HB431","HB431","M. Hart"
62,"ga2017HB431","HB431","A. Koenig"
77,"ga2017HB431","HB431","J. Miller"
86,"ga2017HB431","HB431","D. Osborne"
77,"ga2017HB432","HB432","J. Miller"
77,"ga2017HB433","HB433","J. Miller"
77,"ga2017HB434","HB434","J. Miller"
77,"ga2017HB435","HB435","J. Miller"
137,"ga2017HB436","HB436","A. Wuchner"
40,"ga2017HB436","HB436","D. Hale"
114,"ga2017HB437","HB437","K. Sinnette"
114,"ga2017HB438","HB438","K. Sinnette"
114,"ga2017HB439","HB439","K. Sinnette"
NA,"ga2017HB440","HB440",NA
114,"ga2017HB441","HB441","K. Sinnette"
114,"ga2017HB442","HB442","K. Sinnette"
78,"ga2017HB443","HB443","R. Mills"
123,"ga2017HB443","HB443","J. Tipton"
138,"ga2017HB444","HB444","J. York"
15,"ga2017HB444","HB444","M. Cantrell"
5,"ga2017HB444","HB444","D. Bentley"
25,"ga2017HB444","HB444","J. Donohue"
NA,"ga2017HB445","HB445",NA
16,"ga2017HB446","HB446","J. Carney"
NA,"ga2017HB447","HB447",NA
56,"ga2017HB448","HB448","D. Johnson"
NA,"ga2017HB449","HB449",NA
100,"ga2017HB450","HB450","S. Riley"
40,"ga2017HB451","HB451","D. Hale"
125,"ga2017HB451","HB451","T. Turner"
4,"ga2017HB452","HB452","L. Bechler"
44,"ga2017HB453","HB453","M. Hart"
111,"ga2017HB454","HB454","J. Shell"
16,"ga2017HB454","HB454","J. Carney"
5,"ga2017HB454","HB454","D. Bentley"
39,"ga2017HB454","HB454","J. Greer"
81,"ga2017HB454","HB454","C. Morgan"
82,"ga2017HB454","HB454","K. Moser"
84,"ga2017HB454","HB454","R. Nelson"
106,"ga2017HB454","HB454","D. Schamore"
137,"ga2017HB454","HB454","A. Wuchner"
138,"ga2017HB454","HB454","J. York"
42,"ga2017HB455","HB455","C. Harris"
45,"ga2017HB455","HB455","A. Hatton"
2,"ga2017HB455","HB455","R. Adkins"
5,"ga2017HB455","HB455","D. Bentley"
7,"ga2017HB455","HB455","J. Blanton"
11,"ga2017HB455","HB455","L. Brown"
22,"ga2017HB455","HB455","T. Couch"
33,"ga2017HB455","HB455","C. Fugate"
84,"ga2017HB455","HB455","R. Nelson"
97,"ga2017HB455","HB455","J. Richards"
114,"ga2017HB455","HB455","K. Sinnette"
138,"ga2017HB455","HB455","J. York"
42,"ga2017HB456","HB456","C. Harris"
24,"ga2017HB457","HB457","J. DeCesare"
24,"ga2017HB458","HB458","J. DeCesare"
24,"ga2017HB459","HB459","J. DeCesare"
24,"ga2017HB460","HB460","J. DeCesare"
49,"ga2017HB461","HB461","J. Hoover"
49,"ga2017HB462","HB462","J. Hoover"
49,"ga2017HB463","HB463","J. Hoover"
49,"ga2017HB464","HB464","J. Hoover"
55,"ga2017HB464","HB464","DJ Johnson"
81,"ga2017HB464","HB464","C. Morgan"
58,"ga2017HB465","HB465","J. Kay"
97,"ga2017HB465","HB465","J. Richards"
58,"ga2017HB466","HB466","J. Kay"
58,"ga2017HB467","HB467","J. Kay"
58,"ga2017HB468","HB468","J. Kay"
49,"ga2017HB469","HB469","J. Hoover"
66,"ga2017HB470","HB470","D. Mayfield"
81,"ga2017HB470","HB470","C. Morgan"
104,"ga2017HB471","HB471","S. Rudy"
13,"ga2017HB471","HB471","R. Bunch"
16,"ga2017HB471","HB471","J. Carney"
22,"ga2017HB471","HB471","T. Couch"
89,"ga2017HB471","HB471","R. Palumbo"
97,"ga2017HB471","HB471","J. Richards"
106,"ga2017HB471","HB471","D. Schamore"
92,"ga2017HB472","HB472","P. Pratt"
24,"ga2017HB473","HB473","J. DeCesare"
NA,"ga2017HB474","HB474",NA
131,"ga2017HB475","HB475","W. Wells"
81,"ga2017HB475","HB475","C. Morgan"
63,"ga2017HB476","HB476","S. Lee"
63,"ga2017HB477","HB477","S. Lee"
97,"ga2017HB478","HB478","J. Richards"
102,"ga2017HB479","HB479","R. Rothenburger"
54,"ga2017HB480","HB480","J. Jenkins"
97,"ga2017HB480","HB480","J. Richards"
44,"ga2017HB481","HB481","M. Hart"
89,"ga2017HB481","HB481","R. Palumbo"
72,"ga2017HB482","HB482","M. Meredith"
44,"ga2017HB482","HB482","M. Hart"
66,"ga2017HB482","HB482","D. Mayfield"
81,"ga2017HB482","HB482","C. Morgan"
15,"ga2017HB483","HB483","M. Cantrell"
54,"ga2017HB483","HB483","J. Jenkins"
100,"ga2017HB484","HB484","S. Riley"
95,"ga2017HB485","HB485","R. Rand"
95,"ga2017HB486","HB486","R. Rand"
97,"ga2017HB486","HB486","J. Richards"
88,"ga2017HB487","HB487","D. Owens"
97,"ga2017HB487","HB487","J. Richards"
NA,"ga2017HB488","HB488",NA
97,"ga2017HB489","HB489","J. Richards"
97,"ga2017HB490","HB490","J. Richards"
126,"ga2017HB491","HB491","K. Upchurch"
96,"ga2017HB491","HB491","W. Reed"
91,"ga2017HB492","HB492","J. Petrie"
78,"ga2017HB492","HB492","R. Mills"
86,"ga2017HB492","HB492","D. Osborne"
91,"ga2017HB493","HB493","J. Petrie"
91,"ga2017HB494","HB494","J. Petrie"
138,"ga2017HB495","HB495","J. York"
13,"ga2017HB495","HB495","R. Bunch"
66,"ga2017HB495","HB495","D. Mayfield"
81,"ga2017HB495","HB495","C. Morgan"
138,"ga2017HB496","HB496","J. York"
2,"ga2017HB497","HB497","R. Adkins"
97,"ga2017HB497","HB497","J. Richards"
80,"ga2017HB498","HB498","T. Moore"
4,"ga2017HB499","HB499","L. Bechler"
4,"ga2017HB500","HB500","L. Bechler"
4,"ga2017HB501","HB501","L. Bechler"
81,"ga2017HB501","HB501","C. Morgan"
96,"ga2017HB501","HB501","W. Reed"
55,"ga2017HB502","HB502","DJ Johnson"
71,"ga2017HB503","HB503","R. Meeks"
134,"ga2017HB503","HB503","S. Westrom"
58,"ga2017HB504","HB504","J. Kay"
58,"ga2017HB505","HB505","J. Kay"
28,"ga2017HB506","HB506","D. Elliott"
111,"ga2017HB507","HB507","J. Shell"
111,"ga2017HB508","HB508","J. Shell"
111,"ga2017HB509","HB509","J. Shell"
128,"ga2017HB510","HB510","J. Wayne"
NA,"ga2017HB511","HB511",NA
NA,"ga2017HB512","HB512",NA
NA,"ga2017HB513","HB513",NA
NA,"ga2017HB514","HB514",NA
111,"ga2017HB515","HB515","J. Shell"
125,"ga2017HB515","HB515","T. Turner"
46,"ga2017HB516","HB516","R. Heath"
93,"ga2017HB517","HB517","M. Prunty"
59,"ga2017HB518","HB518","D. Keene"
59,"ga2017HB519","HB519","D. Keene"
16,"ga2017HB520","HB520","J. Carney"
46,"ga2017HB520","HB520","R. Heath"
16,"ga2017HB521","HB521","J. Carney"
16,"ga2017HB522","HB522","J. Carney"
71,"ga2017HB522","HB522","R. Meeks"
16,"ga2017HB523","HB523","J. Carney"
137,"ga2017HB524","HB524","A. Wuchner"
7,"ga2017HB524","HB524","J. Blanton"
5,"ga2017HB524","HB524","D. Bentley"
15,"ga2017HB524","HB524","M. Cantrell"
44,"ga2017HB524","HB524","M. Hart"
66,"ga2017HB524","HB524","D. Mayfield"
81,"ga2017HB524","HB524","C. Morgan"
93,"ga2017HB524","HB524","M. Prunty"
102,"ga2017HB524","HB524","R. Rothenburger"
134,"ga2017HB524","HB524","S. Westrom"
49,"ga2017HB525","HB525","J. Hoover"
97,"ga2017HB525","HB525","J. Richards"
86,"ga2017HB526","HB526","D. Osborne"
26,"ga2017HB527","HB527","M. Dossett"
123,"ga2017HB527","HB527","J. Tipton"
81,"ga2017HB528","HB528","C. Morgan"
44,"ga2017HB528","HB528","M. Hart"
56,"ga2017HB528","HB528","D. Johnson"
61,"ga2017HB528","HB528","K. King"
131,"ga2017HB528","HB528","W. Wells"
86,"ga2017HB529","HB529","D. Osborne"
86,"ga2017HB530","HB530","D. Osborne"
86,"ga2017HB531","HB531","D. Osborne"
86,"ga2017HB532","HB532","D. Osborne"
86,"ga2017HB533","HB533","D. Osborne"
71,"ga2017HB534","HB534","R. Meeks"
86,"ga2017HB535","HB535","D. Osborne"
86,"ga2017HB536","HB536","D. Osborne"
79,"ga2017HB537","HB537","P. Moffett"
114,"ga2017HB538","HB538","K. Sinnette"
64,"ga2017HB539","HB539","B. Linder"
116,"ga2017HB540","HB540","D. St. Onge"
135,"ga2017SB001","SB1","M. Wilson"
36,"ga2017SB001","SB1","D. Givens"
3,"ga2017SB001","SB1","R. Alvarado"
18,"ga2017SB001","SB1","D. Carroll"
35,"ga2017SB001","SB1","R. Girdler"
73,"ga2017SB001","SB1","S. Meredith"
120,"ga2017SB001","SB1","D. Thayer"
132,"ga2017SB001","SB1","S. West"
136,"ga2017SB001","SB1","M. Wise"
51,"ga2017SB010","SB10","P. Hornback"
1,"ga2017SB101","SB101","J. Adams"
48,"ga2017SB101","SB101","J. Higdon"
69,"ga2017SB101","SB101","M. McGarvey"
3,"ga2017SB102","SB102","R. Alvarado"
136,"ga2017SB102","SB102","M. Wise"
1,"ga2017SB102","SB102","J. Adams"
107,"ga2017SB102","SB102","J. Schickel"
120,"ga2017SB102","SB102","D. Thayer"
135,"ga2017SB102","SB102","M. Wilson"
68,"ga2017SB104","SB104","C. McDaniel"
12,"ga2017SB105","SB105","T. Buford"
21,"ga2017SB105","SB105","P. Clark"
110,"ga2017SB105","SB105","D. Seum"
90,"ga2017SB106","SB106","D. Parrett"
118,"ga2017SB107","SB107","R. Stivers II"
1,"ga2017SB108","SB108","J. Adams"
3,"ga2017SB108","SB108","R. Alvarado"
121,"ga2017SB108","SB108","R. Thomas"
69,"ga2017SB109","SB109","M. McGarvey"
110,"ga2017SB109","SB109","D. Seum"
18,"ga2017SB011","SB11","D. Carroll"
52,"ga2017SB011","SB11","S. Humphries"
132,"ga2017SB011","SB11","S. West"
43,"ga2017SB110","SB110","E. Harris"
3,"ga2017SB111","SB111","R. Alvarado"
68,"ga2017SB112","SB112","C. McDaniel"
12,"ga2017SB112","SB112","T. Buford"
17,"ga2017SB112","SB112","J. Carpenter"
18,"ga2017SB112","SB112","D. Carroll"
35,"ga2017SB112","SB112","R. Girdler"
48,"ga2017SB112","SB112","J. Higdon"
73,"ga2017SB112","SB112","S. Meredith"
101,"ga2017SB112","SB112","A. Robinson"
107,"ga2017SB112","SB112","J. Schickel"
110,"ga2017SB112","SB112","D. Seum"
121,"ga2017SB113","SB113","R. Thomas"
35,"ga2017SB114","SB114","R. Girdler"
133,"ga2017SB115","SB115","W. Westerfield"
73,"ga2017SB116","SB116","S. Meredith"
136,"ga2017SB117","SB117","M. Wise"
135,"ga2017SB117","SB117","M. Wilson"
18,"ga2017SB117","SB117","D. Carroll"
35,"ga2017SB117","SB117","R. Girdler"
108,"ga2017SB118","SB118","W. Schroder"
36,"ga2017SB119","SB119","D. Givens"
118,"ga2017SB012","SB12","R. Stivers II"
133,"ga2017SB120","SB120","W. Westerfield"
110,"ga2017SB121","SB121","D. Seum"
108,"ga2017SB122","SB122","W. Schroder"
107,"ga2017SB123","SB123","J. Schickel"
35,"ga2017SB123","SB123","R. Girdler"
12,"ga2017SB124","SB124","T. Buford"
12,"ga2017SB125","SB125","T. Buford"
68,"ga2017SB126","SB126","C. McDaniel"
107,"ga2017SB126","SB126","J. Schickel"
124,"ga2017SB127","SB127","J. Turner"
51,"ga2017SB128","SB128","P. Hornback"
35,"ga2017SB128","SB128","R. Girdler"
51,"ga2017SB129","SB129","P. Hornback"
1,"ga2017SB129","SB129","J. Adams"
18,"ga2017SB129","SB129","D. Carroll"
135,"ga2017SB013","SB13","M. Wilson"
52,"ga2017SB130","SB130","S. Humphries"
18,"ga2017SB130","SB130","D. Carroll"
136,"ga2017SB130","SB130","M. Wise"
83,"ga2017SB131","SB131","G. Neal"
1,"ga2017SB131","SB131","J. Adams"
21,"ga2017SB131","SB131","P. Clark"
121,"ga2017SB131","SB131","R. Thomas"
48,"ga2017SB132","SB132","J. Higdon"
83,"ga2017SB133","SB133","G. Neal"
83,"ga2017SB134","SB134","G. Neal"
12,"ga2017SB135","SB135","T. Buford"
17,"ga2017SB136","SB136","J. Carpenter"
12,"ga2017SB136","SB136","T. Buford"
1,"ga2017SB136","SB136","J. Adams"
18,"ga2017SB136","SB136","D. Carroll"
52,"ga2017SB136","SB136","S. Humphries"
115,"ga2017SB136","SB136","B. Smith"
136,"ga2017SB136","SB136","M. Wise"
19,"ga2017SB137","SB137","J. Carroll"
121,"ga2017SB137","SB137","R. Thomas"
129,"ga2017SB138","SB138","R. Webb"
18,"ga2017SB138","SB138","D. Carroll"
73,"ga2017SB138","SB138","S. Meredith"
133,"ga2017SB138","SB138","W. Westerfield"
135,"ga2017SB138","SB138","M. Wilson"
129,"ga2017SB139","SB139","R. Webb"
107,"ga2017SB014","SB14","J. Schickel"
110,"ga2017SB014","SB14","D. Seum"
3,"ga2017SB014","SB14","R. Alvarado"
12,"ga2017SB014","SB14","T. Buford"
17,"ga2017SB014","SB14","J. Carpenter"
18,"ga2017SB014","SB14","D. Carroll"
35,"ga2017SB014","SB14","R. Girdler"
51,"ga2017SB014","SB14","P. Hornback"
60,"ga2017SB014","SB14","A. Kerr"
68,"ga2017SB014","SB14","C. McDaniel"
73,"ga2017SB014","SB14","S. Meredith"
108,"ga2017SB014","SB14","W. Schroder"
120,"ga2017SB014","SB14","D. Thayer"
132,"ga2017SB014","SB14","S. West"
133,"ga2017SB014","SB14","W. Westerfield"
136,"ga2017SB014","SB14","M. Wise"
51,"ga2017SB140","SB140","P. Hornback"
1,"ga2017SB141","SB141","J. Adams"
1,"ga2017SB142","SB142","J. Adams"
133,"ga2017SB142","SB142","W. Westerfield"
NA,"ga2017SB143","SB143",NA
NA,"ga2017SB144","SB144",NA
48,"ga2017SB145","SB145","J. Higdon"
1,"ga2017SB146","SB146","J. Adams"
135,"ga2017SB147","SB147","M. Wilson"
36,"ga2017SB147","SB147","D. Givens"
12,"ga2017SB148","SB148","T. Buford"
136,"ga2017SB149","SB149","M. Wise"
133,"ga2017SB015","SB15","W. Westerfield"
1,"ga2017SB015","SB15","J. Adams"
12,"ga2017SB015","SB15","T. Buford"
17,"ga2017SB015","SB15","J. Carpenter"
18,"ga2017SB015","SB15","D. Carroll"
51,"ga2017SB015","SB15","P. Hornback"
60,"ga2017SB015","SB15","A. Kerr"
73,"ga2017SB015","SB15","S. Meredith"
90,"ga2017SB015","SB15","D. Parrett"
120,"ga2017SB015","SB15","D. Thayer"
135,"ga2017SB015","SB15","M. Wilson"
18,"ga2017SB150","SB150","D. Carroll"
3,"ga2017SB150","SB150","R. Alvarado"
73,"ga2017SB151","SB151","S. Meredith"
108,"ga2017SB151","SB151","W. Schroder"
107,"ga2017SB152","SB152","J. Schickel"
51,"ga2017SB152","SB152","P. Hornback"
12,"ga2017SB152","SB152","T. Buford"
36,"ga2017SB153","SB153","D. Givens"
135,"ga2017SB153","SB153","M. Wilson"
108,"ga2017SB153","SB153","W. Schroder"
73,"ga2017SB154","SB154","S. Meredith"
101,"ga2017SB155","SB155","A. Robinson"
43,"ga2017SB156","SB156","E. Harris"
35,"ga2017SB156","SB156","R. Girdler"
NA,"ga2017SB157","SB157",NA
51,"ga2017SB158","SB158","P. Hornback"
17,"ga2017SB159","SB159","J. Carpenter"
136,"ga2017SB159","SB159","M. Wise"
3,"ga2017SB159","SB159","R. Alvarado"
69,"ga2017SB159","SB159","M. McGarvey"
120,"ga2017SB159","SB159","D. Thayer"
135,"ga2017SB159","SB159","M. Wilson"
48,"ga2017SB016","SB16","J. Higdon"
101,"ga2017SB160","SB160","A. Robinson"
135,"ga2017SB161","SB161","M. Wilson"
35,"ga2017SB162","SB162","R. Girdler"
35,"ga2017SB163","SB163","R. Girdler"
18,"ga2017SB164","SB164","D. Carroll"
3,"ga2017SB164","SB164","R. Alvarado"
132,"ga2017SB165","SB165","S. West"
98,"ga2017SB166","SB166","D. Ridley"
NA,"ga2017SB167","SB167",NA
60,"ga2017SB168","SB168","A. Kerr"
1,"ga2017SB168","SB168","J. Adams"
121,"ga2017SB168","SB168","R. Thomas"
60,"ga2017SB169","SB169","A. Kerr"
1,"ga2017SB169","SB169","J. Adams"
121,"ga2017SB169","SB169","R. Thomas"
101,"ga2017SB017","SB17","A. Robinson"
18,"ga2017SB017","SB17","D. Carroll"
35,"ga2017SB017","SB17","R. Girdler"
110,"ga2017SB017","SB17","D. Seum"
120,"ga2017SB017","SB17","D. Thayer"
135,"ga2017SB017","SB17","M. Wilson"
136,"ga2017SB017","SB17","M. Wise"
60,"ga2017SB170","SB170","A. Kerr"
NA,"ga2017SB171","SB171",NA
60,"ga2017SB172","SB172","A. Kerr"
121,"ga2017SB172","SB172","R. Thomas"
129,"ga2017SB172","SB172","R. Webb"
8,"ga2017SB173","SB173","J. Bowen"
12,"ga2017SB174","SB174","T. Buford"
108,"ga2017SB175","SB175","W. Schroder"
132,"ga2017SB176","SB176","S. West"
35,"ga2017SB177","SB177","R. Girdler"
35,"ga2017SB178","SB178","R. Girdler"
101,"ga2017SB178","SB178","A. Robinson"
12,"ga2017SB179","SB179","T. Buford"
3,"ga2017SB018","SB18","R. Alvarado"
12,"ga2017SB180","SB180","T. Buford"
12,"ga2017SB181","SB181","T. Buford"
108,"ga2017SB182","SB182","W. Schroder"
107,"ga2017SB182","SB182","J. Schickel"
17,"ga2017SB183","SB183","J. Carpenter"
17,"ga2017SB184","SB184","J. Carpenter"
136,"ga2017SB185","SB185","M. Wise"
136,"ga2017SB186","SB186","M. Wise"
18,"ga2017SB186","SB186","D. Carroll"
133,"ga2017SB186","SB186","W. Westerfield"
136,"ga2017SB187","SB187","M. Wise"
51,"ga2017SB188","SB188","P. Hornback"
12,"ga2017SB189","SB189","T. Buford"
35,"ga2017SB189","SB189","R. Girdler"
83,"ga2017SB189","SB189","G. Neal"
115,"ga2017SB189","SB189","B. Smith"
124,"ga2017SB189","SB189","J. Turner"
3,"ga2017SB019","SB19","R. Alvarado"
18,"ga2017SB019","SB19","D. Carroll"
35,"ga2017SB019","SB19","R. Girdler"
133,"ga2017SB019","SB19","W. Westerfield"
110,"ga2017SB190","SB190","D. Seum"
1,"ga2017SB191","SB191","J. Adams"
1,"ga2017SB192","SB192","J. Adams"
18,"ga2017SB193","SB193","D. Carroll"
136,"ga2017SB193","SB193","M. Wise"
36,"ga2017SB194","SB194","D. Givens"
133,"ga2017SB195","SB195","W. Westerfield"
NA,"ga2017SB196","SB196",NA
8,"ga2017SB197","SB197","J. Bowen"
120,"ga2017SB198","SB198","D. Thayer"
69,"ga2017SB199","SB199","M. McGarvey"
129,"ga2017SB199","SB199","R. Webb"
121,"ga2017SB199","SB199","R. Thomas"
8,"ga2017SB002","SB2","J. Bowen"
68,"ga2017SB002","SB2","C. McDaniel"
1,"ga2017SB002","SB2","J. Adams"
3,"ga2017SB002","SB2","R. Alvarado"
18,"ga2017SB002","SB2","D. Carroll"
35,"ga2017SB002","SB2","R. Girdler"
51,"ga2017SB002","SB2","P. Hornback"
120,"ga2017SB002","SB2","D. Thayer"
135,"ga2017SB002","SB2","M. Wilson"
136,"ga2017SB002","SB2","M. Wise"
133,"ga2017SB020","SB20","W. Westerfield"
108,"ga2017SB200","SB200","W. Schroder"
48,"ga2017SB201","SB201","J. Higdon"
18,"ga2017SB201","SB201","D. Carroll"
121,"ga2017SB202","SB202","R. Thomas"
NA,"ga2017SB203","SB203",NA
69,"ga2017SB204","SB204","M. McGarvey"
1,"ga2017SB204","SB204","J. Adams"
121,"ga2017SB204","SB204","R. Thomas"
73,"ga2017SB205","SB205","S. Meredith"
101,"ga2017SB206","SB206","A. Robinson"
68,"ga2017SB207","SB207","C. McDaniel"
68,"ga2017SB208","SB208","C. McDaniel"
68,"ga2017SB209","SB209","C. McDaniel"
1,"ga2017SB021","SB21","J. Adams"
135,"ga2017SB021","SB21","M. Wilson"
68,"ga2017SB210","SB210","C. McDaniel"
68,"ga2017SB211","SB211","C. McDaniel"
68,"ga2017SB212","SB212","C. McDaniel"
132,"ga2017SB213","SB213","S. West"
17,"ga2017SB214","SB214","J. Carpenter"
115,"ga2017SB215","SB215","B. Smith"
36,"ga2017SB216","SB216","D. Givens"
132,"ga2017SB217","SB217","S. West"
120,"ga2017SB218","SB218","D. Thayer"
12,"ga2017SB219","SB219","T. Buford"
121,"ga2017SB022","SB22","R. Thomas"
133,"ga2017SB220","SB220","W. Westerfield"
17,"ga2017SB221","SB221","J. Carpenter"
110,"ga2017SB222","SB222","D. Seum"
1,"ga2017SB222","SB222","J. Adams"
43,"ga2017SB222","SB222","E. Harris"
133,"ga2017SB223","SB223","W. Westerfield"
108,"ga2017SB224","SB224","W. Schroder"
NA,"ga2017SB225","SB225",NA
8,"ga2017SB226","SB226","J. Bowen"
68,"ga2017SB226","SB226","C. McDaniel"
3,"ga2017SB226","SB226","R. Alvarado"
18,"ga2017SB226","SB226","D. Carroll"
35,"ga2017SB226","SB226","R. Girdler"
36,"ga2017SB226","SB226","D. Givens"
52,"ga2017SB226","SB226","S. Humphries"
107,"ga2017SB226","SB226","J. Schickel"
108,"ga2017SB226","SB226","W. Schroder"
132,"ga2017SB226","SB226","S. West"
133,"ga2017SB226","SB226","W. Westerfield"
135,"ga2017SB226","SB226","M. Wilson"
136,"ga2017SB226","SB226","M. Wise"
115,"ga2017SB227","SB227","B. Smith"
NA,"ga2017SB228","SB228",NA
NA,"ga2017SB229","SB229",NA
121,"ga2017SB023","SB23","R. Thomas"
NA,"ga2017SB230","SB230",NA
136,"ga2017SB231","SB231","M. Wise"
120,"ga2017SB232","SB232","D. Thayer"
120,"ga2017SB233","SB233","D. Thayer"
1,"ga2017SB234","SB234","J. Adams"
69,"ga2017SB235","SB235","M. McGarvey"
1,"ga2017SB236","SB236","J. Adams"
3,"ga2017SB236","SB236","R. Alvarado"
18,"ga2017SB236","SB236","D. Carroll"
136,"ga2017SB236","SB236","M. Wise"
68,"ga2017SB237","SB237","C. McDaniel"
36,"ga2017SB238","SB238","D. Givens"
19,"ga2017SB238","SB238","J. Carroll"
36,"ga2017SB239","SB239","D. Givens"
121,"ga2017SB024","SB24","R. Thomas"
36,"ga2017SB240","SB240","D. Givens"
115,"ga2017SB241","SB241","B. Smith"
98,"ga2017SB242","SB242","D. Ridley"
69,"ga2017SB243","SB243","M. McGarvey"
69,"ga2017SB244","SB244","M. McGarvey"
NA,"ga2017SB245","SB245",NA
129,"ga2017SB246","SB246","R. Webb"
18,"ga2017SB247","SB247","D. Carroll"
17,"ga2017SB248","SB248","J. Carpenter"
17,"ga2017SB249","SB249","J. Carpenter"
60,"ga2017SB250","SB250","A. Kerr"
90,"ga2017SB250","SB250","D. Parrett"
121,"ga2017SB250","SB250","R. Thomas"
69,"ga2017SB251","SB251","M. McGarvey"
133,"ga2017SB252","SB252","W. Westerfield"
69,"ga2017SB253","SB253","M. McGarvey"
107,"ga2017SB026","SB26","J. Schickel"
18,"ga2017SB026","SB26","D. Carroll"
35,"ga2017SB026","SB26","R. Girdler"
107,"ga2017SB027","SB27","J. Schickel"
83,"ga2017SB028","SB28","G. Neal"
90,"ga2017SB029","SB29","D. Parrett"
35,"ga2017SB029","SB29","R. Girdler"
121,"ga2017SB029","SB29","R. Thomas"
68,"ga2017SB003","SB3","C. McDaniel"
1,"ga2017SB003","SB3","J. Adams"
3,"ga2017SB003","SB3","R. Alvarado"
8,"ga2017SB003","SB3","J. Bowen"
18,"ga2017SB003","SB3","D. Carroll"
35,"ga2017SB003","SB3","R. Girdler"
107,"ga2017SB003","SB3","J. Schickel"
108,"ga2017SB003","SB3","W. Schroder"
110,"ga2017SB003","SB3","D. Seum"
120,"ga2017SB003","SB3","D. Thayer"
136,"ga2017SB003","SB3","M. Wise"
133,"ga2017SB030","SB30","W. Westerfield"
18,"ga2017SB031","SB31","D. Carroll"
73,"ga2017SB031","SB31","S. Meredith"
136,"ga2017SB031","SB31","M. Wise"
18,"ga2017SB032","SB32","D. Carroll"
3,"ga2017SB032","SB32","R. Alvarado"
35,"ga2017SB032","SB32","R. Girdler"
73,"ga2017SB032","SB32","S. Meredith"
136,"ga2017SB032","SB32","M. Wise"
121,"ga2017SB033","SB33","R. Thomas"
83,"ga2017SB034","SB34","G. Neal"
83,"ga2017SB035","SB35","G. Neal"
83,"ga2017SB036","SB36","G. Neal"
83,"ga2017SB037","SB37","G. Neal"
8,"ga2017SB038","SB38","J. Bowen"
90,"ga2017SB038","SB38","D. Parrett"
18,"ga2017SB039","SB39","D. Carroll"
3,"ga2017SB004","SB4","R. Alvarado"
120,"ga2017SB004","SB4","D. Thayer"
18,"ga2017SB004","SB4","D. Carroll"
35,"ga2017SB004","SB4","R. Girdler"
52,"ga2017SB004","SB4","S. Humphries"
60,"ga2017SB004","SB4","A. Kerr"
73,"ga2017SB004","SB4","S. Meredith"
110,"ga2017SB004","SB4","D. Seum"
133,"ga2017SB004","SB4","W. Westerfield"
136,"ga2017SB004","SB4","M. Wise"
18,"ga2017SB040","SB40","D. Carroll"
136,"ga2017SB040","SB40","M. Wise"
107,"ga2017SB041","SB41","J. Schickel"
107,"ga2017SB042","SB42","J. Schickel"
18,"ga2017SB042","SB42","D. Carroll"
73,"ga2017SB042","SB42","S. Meredith"
8,"ga2017SB043","SB43","J. Bowen"
121,"ga2017SB044","SB44","R. Thomas"
8,"ga2017SB045","SB45","J. Bowen"
121,"ga2017SB046","SB46","R. Thomas"
19,"ga2017SB047","SB47","J. Carroll"
107,"ga2017SB048","SB48","J. Schickel"
52,"ga2017SB048","SB48","S. Humphries"
115,"ga2017SB005","SB5","B. Smith"
133,"ga2017SB005","SB5","W. Westerfield"
3,"ga2017SB005","SB5","R. Alvarado"
8,"ga2017SB005","SB5","J. Bowen"
18,"ga2017SB005","SB5","D. Carroll"
35,"ga2017SB005","SB5","R. Girdler"
73,"ga2017SB005","SB5","S. Meredith"
90,"ga2017SB005","SB5","D. Parrett"
101,"ga2017SB005","SB5","A. Robinson"
107,"ga2017SB005","SB5","J. Schickel"
110,"ga2017SB005","SB5","D. Seum"
120,"ga2017SB005","SB5","D. Thayer"
135,"ga2017SB005","SB5","M. Wilson"
136,"ga2017SB005","SB5","M. Wise"
120,"ga2017SB050","SB50","D. Thayer"
3,"ga2017SB050","SB50","R. Alvarado"
51,"ga2017SB050","SB50","P. Hornback"
133,"ga2017SB051","SB51","W. Westerfield"
18,"ga2017SB051","SB51","D. Carroll"
51,"ga2017SB051","SB51","P. Hornback"
68,"ga2017SB052","SB52","C. McDaniel"
107,"ga2017SB053","SB53","J. Schickel"
107,"ga2017SB054","SB54","J. Schickel"
12,"ga2017SB055","SB55","T. Buford"
129,"ga2017SB056","SB56","R. Webb"
36,"ga2017SB056","SB56","D. Givens"
121,"ga2017SB056","SB56","R. Thomas"
21,"ga2017SB057","SB57","P. Clark"
132,"ga2017SB057","SB57","S. West"
107,"ga2017SB058","SB58","J. Schickel"
133,"ga2017SB059","SB59","W. Westerfield"
3,"ga2017SB006","SB6","R. Alvarado"
110,"ga2017SB006","SB6","D. Seum"
120,"ga2017SB006","SB6","D. Thayer"
136,"ga2017SB006","SB6","M. Wise"
60,"ga2017SB060","SB60","A. Kerr"
48,"ga2017SB060","SB60","J. Higdon"
43,"ga2017SB061","SB61","E. Harris"
69,"ga2017SB062","SB62","M. McGarvey"
12,"ga2017SB062","SB62","T. Buford"
69,"ga2017SB063","SB63","M. McGarvey"
121,"ga2017SB063","SB63","R. Thomas"
19,"ga2017SB064","SB64","J. Carroll"
19,"ga2017SB065","SB65","J. Carroll"
1,"ga2017SB066","SB66","J. Adams"
1,"ga2017SB067","SB67","J. Adams"
83,"ga2017SB068","SB68","G. Neal"
83,"ga2017SB069","SB69","G. Neal"
101,"ga2017SB007","SB7","A. Robinson"
3,"ga2017SB007","SB7","R. Alvarado"
35,"ga2017SB007","SB7","R. Girdler"
51,"ga2017SB007","SB7","P. Hornback"
73,"ga2017SB007","SB7","S. Meredith"
107,"ga2017SB007","SB7","J. Schickel"
110,"ga2017SB007","SB7","D. Seum"
120,"ga2017SB007","SB7","D. Thayer"
129,"ga2017SB007","SB7","R. Webb"
132,"ga2017SB007","SB7","S. West"
135,"ga2017SB007","SB7","M. Wilson"
83,"ga2017SB070","SB70","G. Neal"
83,"ga2017SB071","SB71","G. Neal"
83,"ga2017SB072","SB72","G. Neal"
121,"ga2017SB072","SB72","R. Thomas"
29,"ga2017SB073","SB73","C. Embry Jr."
12,"ga2017SB074","SB74","T. Buford"
120,"ga2017SB075","SB75","D. Thayer"
108,"ga2017SB075","SB75","W. Schroder"
21,"ga2017SB076","SB76","P. Clark"
57,"ga2017SB077","SB77","R. Jones II"
3,"ga2017SB078","SB78","R. Alvarado"
1,"ga2017SB078","SB78","J. Adams"
3,"ga2017SB079","SB79","R. Alvarado"
18,"ga2017SB079","SB79","D. Carroll"
136,"ga2017SB008","SB8","M. Wise"
35,"ga2017SB008","SB8","R. Girdler"
73,"ga2017SB008","SB8","S. Meredith"
120,"ga2017SB008","SB8","D. Thayer"
132,"ga2017SB008","SB8","S. West"
133,"ga2017SB008","SB8","W. Westerfield"
135,"ga2017SB008","SB8","M. Wilson"
135,"ga2017SB080","SB80","M. Wilson"
29,"ga2017SB081","SB81","C. Embry Jr."
29,"ga2017SB082","SB82","C. Embry Jr."
12,"ga2017SB083","SB83","T. Buford"
121,"ga2017SB084","SB84","R. Thomas"
3,"ga2017SB085","SB85","R. Alvarado"
3,"ga2017SB086","SB86","R. Alvarado"
110,"ga2017SB087","SB87","D. Seum"
133,"ga2017SB087","SB87","W. Westerfield"
110,"ga2017SB088","SB88","D. Seum"
1,"ga2017SB089","SB89","J. Adams"
3,"ga2017SB089","SB89","R. Alvarado"
18,"ga2017SB089","SB89","D. Carroll"
69,"ga2017SB089","SB89","M. McGarvey"
107,"ga2017SB009","SB9","J. Schickel"
12,"ga2017SB009","SB9","T. Buford"
1,"ga2017SB009","SB9","J. Adams"
17,"ga2017SB009","SB9","J. Carpenter"
35,"ga2017SB009","SB9","R. Girdler"
43,"ga2017SB009","SB9","E. Harris"
51,"ga2017SB009","SB9","P. Hornback"
68,"ga2017SB009","SB9","C. McDaniel"
132,"ga2017SB009","SB9","S. West"
133,"ga2017SB009","SB9","W. Westerfield"
121,"ga2017SB090","SB90","R. Thomas"
1,"ga2017SB091","SB91","J. Adams"
3,"ga2017SB091","SB91","R. Alvarado"
18,"ga2017SB091","SB91","D. Carroll"
52,"ga2017SB091","SB91","S. Humphries"
60,"ga2017SB091","SB91","A. Kerr"
69,"ga2017SB091","SB91","M. McGarvey"
121,"ga2017SB091","SB91","R. Thomas"
98,"ga2017SB092","SB92","D. Ridley"
3,"ga2017SB093","SB93","R. Alvarado"
3,"ga2017SB094","SB94","R. Alvarado"
3,"ga2017SB095","SB95","R. Alvarado"
1,"ga2017SB096","SB96","J. Adams"
12,"ga2017SB097","SB97","T. Buford"
12,"ga2017SB098","SB98","T. Buford"
3,"ga2017SB099","SB99","R. Alvarado"
132,"ga2017SB099","SB99","S. West"
1,"ga2017SB099","SB99","J. Adams"
12,"ga2017SB099","SB99","T. Buford"
17,"ga2017SB099","SB99","J. Carpenter"
18,"ga2017SB099","SB99","D. Carroll"
35,"ga2017SB099","SB99","R. Girdler"
73,"ga2017SB099","SB99","S. Meredith"
108,"ga2017SB099","SB99","W. Schroder"
110,"ga2017SB099","SB99","D. Seum"
136,"ga2017SB099","SB99","M. Wise"
