Name,HB100,HB112,HB113,HB119,HB14,HB144,HB153,HB158,HB163,HB173,HB174,HB180,HB183,HB189,HB191,HB192,HB195,HB207,HB222,HB223,HB225,HB226,HB227,HB237,HB239,HB242,HB245,HB246,HB255,HB26,HB262,HB265,HB268,HB269,HB270,HB271,HB276,HB284,HB289,HB293,HB299,HB304,HB306,HB311,HB312,HB318,HB324,HB329,HB337,HB343,HB35,HB351,HB366,HB368,HB38,HB384,HB403,HB410,HB453,HB498,HB50,HB502,HB520,HB67,HB74,HB93,SB10,SB101,SB107,SB116,SB117,SB122,SB128,SB129,SB140,SB146,SB147,SB151,SB153,SB163,SB165,SB17,SB176,SB183,SB189,SB197,wSB2,SB21,SB218,SB238,SB38,SB39,wSB4,SB42,SB50,SB73,SB79,wSB8,SB89
Adkins,Yay,Yay,Yay,Yay,Yay,Yay,Yay,Yay,Yay,Yay,Nay,Yay,Yay,Yay,Yay,Yay,Yay,Yay,Yay,Nay,Yay,Yay,Yay,Yay,Yay,Nay,Yay,Nay,Yay,Yay,Yay,Yay,Yay,Yay,Yay,Yay,Yay,Yay,Yay,Yay,Nay,Yay,Yay,Yay,Yay,Yay,Nay,Yay,Yay,NV,Yay,Nay,Nay,Yay,Yay,Yay,Nay,Yay,Nay,Yay,Yay,Yay,Nay,Nay,Yay,Yay,Yay,Yay,Nay,Yay,Yay,Yay,Yay,Yay,Yay,Yay,Yay,Nay,Nay,Yay,Yay,Yay,Yay,Yay,Yay,Yay,Yay,Yay,Yay,Yay,Yay,Yay,Nay,Yay,Yay,Yay,Yay,Yay,Yay
Bechler,Yay,Yay,Yay,Yay,Yay,Yay,Yay,Yay,Yay,Yay,Nay,Yay,Nay,Yay,Yay,Yay,Yay,Nay,Yay,Yay,Yay,Yay,Yay,Yay,Yay,Yay,Yay,Yay,Yay,Yay,Yay,Yay,Yay,Yay,Yay,Yay,Yay,Yay,Yay,Yay,Yay,Yay,Yay,Yay,Yay,Yay,Yay,Yay,Yay,Yay,Nay,Yay,Yay,Yay,Yay,Yay,Yay,Nay,Yay,Yay,Yay,Yay,Yay,Yay,Yay,Yay,Nay,Yay,Yay,Yay,Yay,Yay,Yay,Yay,Yay,Yay,Yay,Yay,Yay,Yay,Yay,Yay,Yay,Yay,Yay,Yay,Yay,Yay,Yay,Yay,Yay,Yay,Nay,Yay,Yay,Yay,Yay,Yay,Nay
Bentley,Yay,Yay,Yay,Yay,Yay,Yay,Yay,Yay,Yay,Yay,Yay,Yay,Yay,Yay,Yay,Yay,Yay,Yay,Yay,Yay,Yay,Yay,Yay,NV,Yay,Yay,Yay,Yay,Yay,Yay,Yay,Yay,Yay,Yay,Yay,Yay,Yay,Yay,Yay,Yay,Yay,Yay,Yay,Yay,Yay,Yay,Yay,Yay,Yay,Yay,Yay,Yay,Yay,Yay,Yay,Yay,Yay,Yay,Yay,Yay,Yay,Yay,Yay,Yay,Yay,Yay,Yay,Yay,Yay,Yay,Yay,Yay,Yay,Yay,Yay,Yay,Yay,Yay,Yay,Yay,Yay,Yay,Yay,Yay,Yay,Yay,Yay,Yay,Yay,Yay,Yay,Yay,Yay,Yay,Yay,Yay,Yay,Yay,Yay
Benvenuti,Yay,Yay,Yay,Yay,Yay,Yay,Yay,Yay,Yay,Yay,Yay,Yay,Yay,Yay,Yay,Yay,Yay,Yay,Yay,Yay,Yay,Yay,Yay,Yay,Yay,Yay,Yay,Yay,Yay,Yay,Yay,Yay,Yay,Yay,Yay,Yay,Yay,Yay,Yay,Yay,Yay,Yay,Yay,Yay,Yay,Yay,Yay,Yay,Yay,Yay,Nay,NV,Yay,Yay,Yay,Yay,Yay,Yay,Yay,Yay,Yay,Yay,NV,Yay,Yay,Yay,Yay,Yay,NV,Yay,Yay,Yay,Yay,Yay,Yay,Yay,Yay,Yay,Yay,Yay,Yay,Yay,Yay,Yay,Yay,Yay,Yay,Yay,Yay,Yay,Yay,Yay,Yay,Yay,Yay,Yay,Yay,Yay,Yay
Blanton,NV,Yay,Yay,Yay,Yay,Yay,Yay,Yay,Yay,Yay,Yay,Yay,Nay,Yay,Yay,Yay,Yay,Yay,Yay,Yay,Yay,Yay,Yay,Yay,Yay,NV,Yay,Yay,Yay,Yay,Yay,Yay,Yay,Yay,Yay,Yay,Yay,Yay,Yay,Yay,Yay,Yay,Yay,Yay,Yay,Yay,Yay,Yay,Yay,Yay,Yay,Yay,Yay,Yay,Yay,Yay,Yay,Yay,Yay,Yay,Yay,Yay,Nay,Yay,Yay,Yay,NV,Yay,Yay,Yay,Yay,Yay,Yay,Yay,Yay,Yay,Yay,Nay,Nay,Yay,Yay,Yay,Yay,Yay,Yay,Yay,Yay,Yay,Yay,Yay,Yay,Yay,Yay,Yay,Yay,Yay,Yay,Yay,Yay
Bratcher,Yay,Yay,Yay,Yay,Yay,Yay,Yay,Yay,Yay,Yay,Yay,Yay,Yay,Yay,Yay,Yay,Yay,Yay,Yay,Yay,Yay,Yay,Yay,Yay,Yay,Yay,Yay,Yay,Yay,Yay,Yay,Yay,Yay,Yay,Yay,Yay,Yay,Yay,Yay,Yay,Yay,Yay,Yay,Yay,Yay,Yay,Yay,Yay,Yay,Yay,Yay,NV,Yay,Yay,Yay,Yay,Yay,NV,Yay,Yay,Yay,Yay,Yay,Yay,Yay,Yay,Yay,Yay,Yay,Yay,Yay,Yay,Yay,Yay,Yay,Yay,Yay,Yay,Yay,Yay,Yay,Yay,Yay,Yay,Yay,Yay,Yay,Yay,Yay,Yay,Yay,Yay,Yay,Yay,Yay,Yay,Yay,Yay,Yay
Brown G,Nay,Yay,Yay,Yay,Nay,Yay,Yay,Yay,Yay,Yay,Nay,Yay,Yay,Yay,Yay,Yay,Yay,Yay,Yay,Nay,Yay,Yay,Yay,Yay,Yay,Nay,Yay,Nay,Yay,Yay,Yay,Yay,Yay,Yay,Yay,Yay,Yay,Yay,Yay,Nay,Nay,Yay,Yay,Yay,Yay,Yay,Nay,Yay,Yay,Nay,Yay,Nay,Nay,Yay,Yay,Yay,Nay,Yay,Nay,Yay,Nay,Yay,Nay,Nay,NV,Yay,Yay,Yay,Nay,Yay,Yay,Yay,Yay,Yay,Yay,Yay,Yay,Nay,Nay,Yay,Yay,Nay,Yay,Yay,Yay,Yay,Yay,Nay,Yay,Yay,Yay,Yay,Nay,Yay,Yay,Yay,Nay,Nay,Yay
Brown L,NV,Yay,Yay,Yay,Yay,Yay,Yay,Yay,Yay,Yay,Yay,Yay,Nay,Yay,Yay,Yay,Yay,Yay,Yay,Yay,Yay,Yay,Yay,Yay,Yay,Yay,Yay,Yay,Yay,Yay,Yay,Yay,Yay,Yay,Yay,Yay,Yay,Yay,Yay,Yay,Yay,Yay,Yay,Yay,Yay,Yay,Yay,Yay,Yay,Yay,Yay,Yay,Yay,Yay,Yay,Yay,Yay,Yay,Yay,Yay,Yay,Yay,Nay,Yay,Yay,Yay,Nay,Yay,Yay,Yay,Yay,Yay,Yay,Yay,Yay,Yay,Yay,Yay,Yay,Yay,Yay,Yay,Yay,Yay,Yay,Yay,Yay,Yay,Yay,Yay,Yay,Yay,Yay,Yay,Yay,Yay,Yay,Yay,Yay
Bunch,Nay,Yay,Yay,Yay,Yay,Yay,Yay,Yay,Yay,Yay,Yay,Yay,Nay,Yay,Yay,Yay,Yay,Yay,Yay,Yay,Yay,Yay,Yay,Yay,Yay,Yay,Yay,Yay,Yay,Yay,Yay,Yay,Yay,Yay,Yay,Yay,Yay,Yay,Yay,Yay,Yay,Yay,Yay,Yay,Yay,Yay,Yay,Yay,Yay,Yay,Yay,Yay,Yay,Yay,Yay,Yay,Yay,Yay,Yay,Yay,Yay,Yay,Yay,Yay,Yay,Yay,Yay,Yay,NV,Yay,Yay,Yay,Yay,Yay,Yay,Yay,Yay,Yay,Yay,Yay,Yay,Yay,Yay,Yay,Yay,Yay,Yay,Yay,Yay,Yay,Yay,Yay,Yay,Yay,Yay,Yay,Yay,Yay,NV
Burch,Nay,Nay,Yay,Yay,NV,Yay,Yay,Yay,Yay,Yay,Nay,Yay,Nay,Yay,Yay,Yay,Yay,Yay,Yay,Nay,Yay,Yay,Yay,Yay,Yay,Nay,Yay,NV,Yay,NV,Yay,Yay,Yay,Yay,NV,Yay,Yay,NV,Yay,Nay,Yay,Yay,Yay,Yay,Yay,Yay,Nay,Yay,Yay,NV,Yay,NV,Yay,Nay,Yay,Yay,Yay,Yay,NV,Yay,Yay,Yay,Nay,Yay,Yay,Yay,Yay,Yay,Nay,Yay,Yay,Yay,Yay,Yay,Yay,Yay,Yay,Nay,Nay,Yay,Yay,Nay,Yay,Yay,Yay,Yay,Yay,Yay,Yay,Yay,Yay,Yay,Nay,Yay,Nay,Yay,Yay,Nay,Yay
Cantrell,Yay,Yay,Yay,Yay,Nay,Yay,Yay,Yay,Yay,Yay,Yay,Yay,Yay,Yay,Yay,Yay,Yay,Yay,Yay,Nay,Yay,Yay,Yay,Yay,Yay,Nay,Yay,Nay,Yay,Yay,Yay,Yay,Yay,Yay,NV,Yay,Yay,Yay,Yay,Nay,Nay,Yay,Yay,Yay,Yay,Yay,Nay,Yay,Yay,Yay,Yay,Yay,Yay,Nay,Yay,Yay,Nay,Yay,Yay,Yay,Nay,Yay,Nay,Nay,Yay,Yay,Yay,Yay,Yay,Yay,Yay,Yay,Yay,Yay,Yay,Yay,Yay,Nay,Yay,Yay,Yay,NV,Yay,Yay,Yay,Yay,Yay,Yay,Yay,Yay,Yay,Yay,Nay,Yay,Nay,Yay,Nay,Nay,Yay
Carney,NV,Yay,Yay,Yay,Yay,Yay,Yay,Yay,Yay,Yay,Yay,Yay,Yay,Yay,Yay,Yay,Yay,Yay,NV,Yay,Yay,Yay,Yay,Yay,Yay,Yay,Yay,Yay,Yay,Yay,Yay,Yay,NV,Yay,Yay,NV,Yay,NV,Yay,NV,NV,Yay,NV,Yay,Yay,Yay,Yay,Yay,Yay,NV,Yay,Yay,NV,NV,Yay,Yay,NV,Yay,NV,Yay,NV,NV,Yay,Yay,Yay,Yay,NV,Yay,NV,Yay,Yay,Yay,Yay,Yay,Yay,Yay,Yay,Yay,Yay,Yay,Yay,Yay,Yay,Yay,Yay,Yay,Yay,Yay,Yay,Yay,Yay,Yay,Yay,Yay,Yay,Yay,Yay,Yay,Yay
Castlen,NV,Yay,Yay,Yay,Yay,Yay,Yay,Yay,Yay,Yay,Yay,Yay,Nay,Yay,Yay,Yay,Yay,Yay,Yay,Yay,Yay,Yay,Yay,Yay,Yay,Yay,Yay,Yay,Yay,Yay,Yay,Yay,Yay,Yay,Yay,Yay,Yay,Yay,Yay,Yay,Yay,Yay,Yay,Yay,Yay,Yay,Yay,Yay,Yay,Yay,Yay,Yay,Yay,Yay,Yay,Yay,Yay,Yay,Yay,Yay,Yay,Yay,Yay,Yay,Yay,Yay,Yay,Yay,Yay,Yay,Yay,Yay,Yay,Yay,Yay,Yay,Yay,Yay,Yay,Yay,Yay,Yay,Yay,Yay,Yay,Yay,Yay,Yay,Yay,Yay,Yay,Yay,Yay,Yay,Yay,Yay,Yay,Yay,Yay
Couch,Nay,Yay,Yay,Yay,Yay,Yay,Yay,Yay,Yay,Yay,Yay,Yay,Nay,Yay,Yay,Yay,Yay,Yay,Yay,Yay,Yay,Yay,Yay,Yay,Yay,Yay,Yay,Yay,Yay,Yay,Yay,Yay,Yay,Yay,Yay,Yay,Yay,Yay,Yay,Yay,Yay,Yay,Yay,Yay,Yay,Yay,Yay,Yay,NV,Yay,Nay,Yay,Yay,Yay,Yay,Yay,Yay,Yay,Yay,NV,Yay,Yay,Nay,Yay,Yay,Yay,Yay,Yay,Yay,Yay,Yay,Yay,Yay,Yay,NV,Yay,Yay,Yay,Yay,Yay,Yay,Yay,Yay,Yay,Yay,Yay,Yay,Yay,Yay,Yay,Yay,Yay,Nay,Yay,Yay,Yay,Yay,Yay,Yay
Coursey,NV,Nay,Yay,Yay,NV,Yay,Yay,Yay,Yay,Yay,Yay,NV,Yay,Yay,Yay,NV,Yay,Yay,NV,Nay,Yay,Yay,Yay,Yay,Yay,Nay,Yay,Nay,Yay,NV,Yay,Yay,NV,Yay,Yay,NV,Yay,NV,Yay,NV,NV,Yay,NV,Yay,Yay,Yay,Nay,Yay,Yay,NV,NV,Yay,NV,NV,Yay,Yay,NV,Yay,NV,Yay,NV,NV,Nay,Yay,Yay,Yay,Yay,Yay,Nay,Yay,Yay,Yay,Yay,Yay,Yay,Yay,Yay,NV,Yay,Yay,Yay,Yay,Yay,Yay,Yay,Yay,Yay,Yay,Yay,Yay,Yay,Yay,Nay,Yay,Yay,Yay,Yay,Yay,Yay
DeCesare,Yay,Yay,Yay,Yay,Yay,Yay,Yay,Yay,Yay,Yay,Yay,Yay,Yay,Yay,Yay,Yay,Yay,Yay,Yay,Yay,Yay,Yay,Yay,Yay,Yay,Yay,Yay,Yay,Yay,Yay,Yay,Yay,Yay,Yay,Yay,Yay,Yay,Yay,Yay,Yay,Yay,Yay,Yay,Yay,Yay,Yay,Yay,Yay,Yay,Yay,Yay,Yay,Yay,Yay,Yay,Yay,Yay,Yay,Yay,Yay,Yay,Yay,Yay,Yay,Yay,Yay,Yay,Yay,Yay,Yay,Yay,Yay,Yay,Yay,Yay,Yay,Yay,Yay,Yay,Yay,Yay,Yay,Yay,Yay,Yay,Yay,Yay,Yay,Yay,Yay,Yay,Yay,Yay,Yay,Yay,Yay,Yay,Yay,Yay
Donohue,Nay,Nay,Yay,Yay,Nay,Yay,Yay,Yay,Yay,Yay,Nay,Yay,Nay,Yay,Yay,Yay,Yay,Yay,Yay,Nay,Yay,Nay,Yay,Yay,Yay,Nay,Yay,Nay,Yay,Yay,Yay,Yay,Yay,Yay,Yay,Yay,Yay,Yay,Yay,Nay,Nay,Yay,Nay,Yay,Yay,Yay,Nay,Yay,Yay,Nay,Nay,Nay,Nay,Nay,Yay,Yay,Nay,Nay,Nay,Yay,Nay,Nay,Nay,Nay,Yay,Yay,Nay,Yay,Nay,Yay,Nay,Yay,Yay,Yay,Yay,Yay,Yay,Nay,Nay,Yay,Nay,Nay,Yay,Yay,Yay,Yay,Yay,Yay,NV,Yay,Yay,Yay,Nay,Yay,Nay,Yay,Nay,Nay,Yay
Dossett,Yay,Yay,Yay,Yay,Yay,Yay,Yay,Yay,Yay,Yay,Yay,Yay,Yay,Yay,Yay,Yay,Yay,Yay,Yay,Yay,Yay,Yay,Yay,Yay,Yay,Yay,Yay,Yay,Yay,Yay,Yay,Yay,Yay,Yay,Yay,Yay,Yay,Yay,Yay,Yay,Yay,Yay,Yay,Yay,Yay,Yay,Yay,Yay,Yay,Yay,Yay,Yay,Yay,Yay,Yay,Yay,Yay,Yay,Yay,Yay,Yay,Yay,Yay,Yay,Yay,Yay,Yay,Yay,Yay,Yay,Yay,Yay,Yay,Yay,Yay,Yay,Yay,Yay,Yay,Yay,Yay,Yay,Yay,Yay,Yay,Yay,Yay,Yay,Yay,Yay,Yay,Yay,Yay,Yay,Yay,Yay,Yay,Yay,Yay
DuPlessis,Yay,Yay,Yay,Yay,Yay,Yay,Yay,Yay,Yay,Yay,Yay,Yay,Yay,Yay,Yay,Yay,Yay,Yay,Yay,Yay,Yay,Yay,Yay,Yay,Yay,Yay,Yay,Yay,Yay,Yay,Yay,Yay,Yay,Yay,Yay,Yay,Yay,Yay,Yay,Yay,Yay,Yay,Yay,Yay,Yay,Yay,Yay,Yay,Yay,Yay,Yay,Yay,Yay,Yay,Yay,Yay,Yay,Yay,Yay,Yay,Yay,Yay,Yay,Yay,Yay,Yay,Yay,Yay,Yay,Yay,Yay,Yay,Yay,Yay,Yay,Yay,Yay,Yay,Yay,Yay,Yay,Yay,Yay,Yay,Yay,Yay,Yay,Yay,Yay,Yay,Yay,Yay,Yay,Yay,Yay,Yay,Yay,Yay,Yay
Elliott,Nay,Yay,Yay,Yay,Yay,Yay,Yay,Yay,Yay,Yay,Yay,Yay,Nay,Yay,Yay,Yay,Yay,Yay,Yay,Yay,Yay,Yay,Yay,Yay,Yay,Yay,Yay,Yay,Yay,Yay,Yay,Yay,Yay,Yay,Yay,Yay,Yay,Yay,Yay,Yay,Yay,Yay,Yay,Yay,Yay,Yay,Yay,Yay,Yay,Yay,Yay,Yay,NV,Yay,Yay,Yay,Yay,Yay,Yay,Yay,Yay,Yay,Yay,Yay,Yay,Yay,Nay,Yay,Yay,Yay,Yay,Yay,Yay,Yay,Yay,Yay,Yay,Yay,Yay,Yay,Yay,Yay,Yay,Yay,Yay,Yay,Yay,Yay,Yay,Yay,Yay,Yay,Nay,Yay,Yay,Yay,Yay,Yay,Yay
Fischer,Yay,Yay,Yay,Yay,Yay,Yay,Yay,Yay,Yay,Yay,Yay,Yay,Yay,Yay,Yay,Yay,Yay,Yay,Yay,Yay,Yay,Yay,Yay,Yay,Yay,Yay,Yay,Yay,Yay,Yay,Yay,Yay,Yay,Yay,Yay,Yay,Yay,Yay,Yay,Yay,Yay,Yay,Yay,Yay,Yay,Yay,Yay,Yay,Yay,Yay,Nay,NV,Yay,Yay,Yay,Yay,Yay,Nay,Yay,Yay,Yay,Yay,Yay,Yay,Yay,Yay,Yay,Yay,Yay,Yay,Yay,Yay,Yay,Yay,Yay,Yay,Yay,Yay,Yay,Yay,Yay,Yay,Yay,Yay,Yay,Yay,Yay,Yay,Yay,Yay,Yay,Yay,Yay,Yay,Yay,Yay,Yay,Yay,Yay
Fleming,Yay,Yay,Yay,Yay,Yay,Yay,Yay,Yay,Yay,Yay,Yay,Yay,Yay,Yay,Yay,Yay,Yay,Yay,Yay,Yay,Yay,Yay,Yay,Yay,Yay,Yay,Yay,Yay,Yay,Yay,Yay,Yay,Yay,Yay,Yay,Yay,Yay,Yay,Yay,Yay,Yay,Yay,Yay,Yay,Yay,Yay,Yay,Yay,Yay,Yay,Yay,Yay,Yay,Yay,Yay,Yay,Yay,Yay,Yay,Yay,Yay,Yay,Yay,Yay,Yay,Yay,Yay,Yay,Yay,Yay,Yay,Yay,Yay,Yay,Yay,Yay,Yay,Yay,Yay,Yay,Yay,Yay,Yay,Yay,Yay,Yay,Yay,Yay,Yay,Yay,Yay,Yay,Yay,Yay,Yay,Yay,Yay,Yay,Yay
Flood,Yay,Yay,Yay,Yay,Nay,Yay,Yay,Yay,Yay,Yay,Yay,Yay,Nay,Yay,Yay,Yay,Yay,Yay,Yay,Nay,Yay,Nay,Yay,Yay,Yay,Nay,Yay,Nay,Yay,Yay,Yay,Yay,Yay,Yay,Yay,Yay,Yay,NV,Yay,Nay,Nay,Yay,Yay,Yay,Yay,Nay,Nay,Yay,Yay,Yay,Yay,NV,Yay,Nay,Yay,NV,NV,Yay,NA,Yay,Nay,Yay,Nay,Nay,Yay,Yay,Yay,Yay,Nay,NV,NV,Yay,Yay,Yay,Yay,Yay,Nay,NV,Nay,Yay,Yay,NV,Yay,Yay,Yay,Yay,Yay,Nay,Yay,Yay,Yay,Yay,Nay,NV,Nay,Yay,NV,Nay,Yay
Fugate,Nay,Yay,Yay,NV,Yay,Yay,Yay,Yay,Yay,Yay,Yay,Yay,Nay,Yay,Yay,Yay,Yay,Yay,Yay,NV,Yay,Yay,NV,NV,Yay,NV,Yay,Yay,Yay,Yay,Yay,NV,Yay,Yay,Yay,Yay,Yay,Yay,NV,Yay,Yay,Yay,Yay,NV,Yay,Yay,NV,Yay,Yay,Yay,Yay,Yay,Yay,Yay,NV,Yay,Yay,Yay,Yay,Yay,Yay,Yay,Nay,Yay,Yay,Yay,Nay,Yay,Yay,Yay,Yay,Yay,Yay,Yay,Yay,Yay,Yay,Yay,Nay,Yay,Yay,Yay,Yay,Yay,Yay,Yay,Yay,Yay,Nay,Yay,Yay,Yay,NV,Yay,Yay,Yay,Yay,Yay,Yay
Gentry,Yay,Yay,Yay,Yay,Yay,Yay,Yay,Yay,Yay,Yay,Yay,Yay,Yay,Yay,Yay,Yay,Yay,Yay,Yay,Nay,Yay,Yay,Yay,Yay,Yay,Nay,Yay,Nay,Yay,Yay,Yay,Yay,Yay,Yay,Yay,Yay,Yay,Yay,Yay,Yay,NV,Yay,Yay,Yay,Yay,Yay,Nay,Yay,Yay,Nay,Yay,Nay,Yay,Yay,Yay,NV,Nay,Yay,Yay,Yay,Yay,Yay,Nay,Yay,NV,Yay,Yay,Yay,Nay,Yay,Yay,Yay,Yay,Yay,Yay,Yay,Yay,NV,Nay,Yay,Yay,NV,Yay,Yay,Yay,Yay,Yay,Yay,Yay,Yay,Yay,Yay,Nay,NV,Yay,Yay,Yay,Yay,Yay
Gooch,Yay,Yay,Yay,Yay,Yay,Yay,Yay,Yay,Yay,Yay,Yay,Yay,Yay,Yay,NV,Yay,Yay,Yay,Yay,Yay,Yay,Yay,Yay,Yay,Yay,Yay,Yay,Yay,Yay,Yay,Yay,Yay,Yay,Yay,Yay,Yay,Yay,Yay,NV,Yay,Yay,Yay,Yay,Yay,Yay,Yay,Yay,Yay,Yay,Yay,Nay,NV,Yay,Yay,Yay,Yay,Yay,Yay,Yay,Yay,Yay,Yay,Yay,Nay,Yay,Yay,NV,Yay,Yay,Yay,Yay,Yay,Yay,Yay,Yay,Yay,Yay,Yay,Yay,Yay,Yay,Yay,Yay,Yay,Yay,Yay,Yay,Yay,Yay,Yay,Yay,Yay,Yay,Yay,Yay,Yay,Yay,Yay,Yay
Graham,Yay,Yay,Yay,Yay,Nay,Yay,Yay,NV,Yay,Nay,Yay,Yay,NV,Yay,Yay,Yay,Yay,Yay,Yay,Nay,Yay,NV,NV,Yay,Yay,NV,Yay,Nay,Yay,Yay,Yay,Yay,Yay,Yay,NV,Yay,NV,NV,Yay,Yay,Nay,Yay,Yay,Yay,Yay,NV,NV,Yay,Yay,Yay,Yay,Nay,Nay,Yay,NV,NV,Nay,Yay,Nay,Yay,Yay,Yay,Nay,NV,NV,Yay,Nay,Yay,Nay,Yay,Nay,Yay,Yay,Yay,Yay,Yay,NV,Nay,Nay,Yay,Yay,Nay,Yay,Yay,Yay,Yay,Yay,Yay,Yay,Yay,Yay,Yay,Nay,Yay,Yay,Yay,Yay,Nay,Yay
Greer,Yay,Yay,Yay,Yay,Yay,Yay,Yay,NV,Yay,Yay,Yay,Yay,NV,Yay,Yay,Yay,Yay,Yay,Yay,Nay,Yay,NV,Yay,Yay,Yay,Yay,Yay,Nay,Yay,Yay,Yay,Yay,Yay,Yay,Yay,Yay,Yay,Yay,Yay,Nay,Yay,Yay,Yay,Yay,Yay,NV,Nay,Yay,Yay,Yay,Yay,NV,Nay,Yay,Yay,Yay,Nay,Yay,Nay,Yay,Yay,Yay,Nay,Yay,NV,Yay,Yay,Yay,Nay,NV,Yay,Yay,Yay,Yay,Yay,Yay,Yay,Nay,Nay,Yay,Yay,Yay,Yay,Yay,Yay,Yay,Yay,Yay,Yay,Yay,Yay,Yay,Nay,Yay,Yay,Yay,Yay,Yay,Yay
Hale,Nay,Yay,Yay,Yay,Yay,Yay,Yay,Yay,Yay,Yay,Yay,Yay,Nay,Yay,Yay,Yay,Yay,Yay,Yay,Yay,Yay,Yay,Yay,Yay,Yay,Yay,Yay,Yay,Yay,Yay,Yay,Yay,Yay,Yay,Yay,Yay,Yay,Yay,Yay,Yay,Yay,Yay,Yay,Yay,Yay,Yay,Yay,Yay,Yay,Yay,Yay,NV,Yay,Yay,Yay,Yay,Yay,Yay,Yay,Yay,Yay,Yay,Nay,Yay,Yay,Yay,Nay,Yay,Yay,Yay,Yay,Yay,Yay,Yay,Yay,Yay,Yay,Yay,Nay,Yay,Yay,Yay,Yay,Yay,Yay,Yay,Yay,Yay,Yay,Yay,Yay,Yay,Yay,Yay,Yay,Yay,Yay,Yay,Yay
Harris,Nay,Nay,Yay,NV,Nay,Yay,Yay,Yay,Yay,Yay,NV,Yay,Yay,Yay,Yay,Yay,Yay,Yay,Yay,Nay,Yay,Yay,Yay,Yay,Yay,Nay,Yay,Nay,Yay,Yay,Yay,Yay,Yay,Yay,Yay,Yay,Yay,Yay,Yay,Yay,Nay,Yay,Yay,Yay,Yay,Yay,Nay,Yay,Yay,Yay,Yay,Nay,Nay,Yay,Yay,Yay,Nay,Yay,Nay,Yay,Yay,Yay,Nay,Nay,Yay,Yay,Nay,Yay,Nay,Yay,Yay,Yay,Yay,Yay,Yay,Yay,Yay,Nay,Nay,Yay,Yay,Yay,Yay,Yay,Yay,Yay,Yay,Yay,Yay,Yay,Yay,Yay,Nay,Yay,Yay,Yay,Yay,Yay,Yay
Hart,Yay,Yay,Yay,Yay,Yay,Yay,Yay,Yay,Yay,Yay,Yay,Yay,Yay,Yay,Yay,Yay,Yay,Yay,Yay,Yay,Yay,Yay,Yay,Yay,Yay,Yay,Yay,Yay,Yay,Yay,Yay,Yay,Yay,Yay,Yay,Yay,Yay,Yay,Yay,Yay,Yay,Yay,Yay,Yay,Yay,Yay,Yay,Yay,Yay,Yay,Yay,Yay,Yay,Yay,Yay,Nay,Yay,Nay,Yay,Yay,Yay,Yay,Yay,Yay,Yay,Yay,Yay,Yay,Yay,Yay,Yay,Yay,Yay,Yay,Yay,Yay,Yay,Yay,Yay,Yay,Yay,Yay,Yay,Yay,Yay,Yay,Yay,Yay,Yay,Yay,Yay,Yay,Yay,Yay,Yay,Yay,Yay,Yay,Yay
Hatton,Nay,Nay,Yay,Yay,Yay,Yay,Yay,Yay,Yay,Yay,Yay,Yay,Nay,Yay,Yay,Yay,Yay,Yay,Yay,Nay,Yay,Yay,Yay,Yay,Yay,Nay,Yay,Nay,Yay,Yay,Yay,Yay,Yay,Yay,Yay,Yay,Yay,Yay,Yay,Nay,Nay,Yay,Yay,Yay,Yay,Yay,Nay,Yay,Yay,NV,Yay,Yay,NV,Yay,Yay,Yay,NV,Yay,Yay,Yay,Yay,Yay,Nay,Yay,Yay,Yay,Yay,Yay,Nay,Yay,Yay,Yay,Yay,Yay,Yay,Yay,NV,Nay,Yay,Yay,Yay,Yay,Yay,Yay,Yay,Yay,Yay,Yay,Yay,Yay,NV,Yay,Nay,Yay,NV,Yay,Nay,Yay,Yay
Heath,NV,Yay,Yay,Yay,Yay,Yay,Yay,Yay,Yay,Yay,Yay,Yay,NV,Yay,Yay,Yay,Yay,Yay,Yay,Yay,Yay,Yay,Yay,Yay,Yay,Yay,Yay,Yay,Yay,Yay,Yay,Yay,Yay,Yay,Yay,Yay,Yay,Yay,Yay,Yay,Yay,Yay,Yay,Yay,Yay,Yay,Yay,Yay,Yay,Yay,Yay,Yay,Yay,Yay,Yay,Yay,Yay,Yay,Yay,Yay,Yay,Yay,Yay,Yay,Yay,Yay,Yay,Yay,Yay,Yay,Yay,Yay,Yay,Yay,Yay,Yay,Yay,Yay,Yay,Yay,Yay,Yay,Yay,Yay,Yay,Yay,Yay,Yay,Yay,Yay,Yay,Yay,Yay,Yay,Yay,Yay,Yay,Yay,Yay
Herald,NV,Yay,Yay,Yay,Yay,Yay,Yay,Yay,Yay,Yay,Yay,Yay,Yay,Yay,Yay,Yay,Yay,Yay,NV,Yay,Yay,Yay,Yay,Yay,Yay,Yay,Yay,Yay,Yay,Yay,Yay,Yay,NV,Yay,Yay,NV,Yay,NV,Yay,NV,NV,Yay,NA,Yay,Yay,Yay,Yay,Yay,Yay,NV,Yay,NV,NV,NV,Yay,NV,NV,NV,NV,Yay,NV,NA,Yay,Yay,Yay,Yay,NV,NV,Yay,Yay,NV,Yay,NV,NV,Yay,Yay,NV,NV,Yay,Yay,Yay,NV,Yay,Yay,Yay,NV,Yay,Yay,NV,Yay,NV,Yay,Yay,NV,NV,Yay,NV,NV,Yay
Hoover,Yay,Yay,Yay,Yay,Yay,Yay,Yay,Yay,Yay,Yay,Yay,Yay,Yay,Yay,Yay,Yay,Yay,Yay,Yay,Yay,Yay,Yay,Yay,Yay,Yay,Yay,Yay,Yay,Yay,Yay,Yay,Yay,Yay,Yay,Yay,Yay,Yay,Yay,Yay,Yay,Yay,Yay,Yay,Yay,Yay,Yay,Yay,Yay,Yay,Yay,Yay,Yay,Yay,Yay,Yay,Yay,Yay,Yay,Yay,Yay,Yay,Yay,Yay,Yay,Yay,Yay,Yay,Yay,Yay,Yay,Yay,Yay,Yay,Yay,Yay,Yay,Yay,NV,Yay,Yay,Yay,Yay,Yay,Yay,Yay,Yay,Yay,Yay,Yay,Yay,Yay,Yay,Yay,Yay,Yay,Yay,Yay,Yay,Yay
Horlander,Nay,Yay,Yay,Yay,NV,NV,Yay,Yay,NV,Yay,NV,NV,Nay,Yay,NV,NV,NV,NV,Yay,Yay,Yay,Yay,Yay,Yay,Yay,Yay,Yay,Nay,Yay,NV,Yay,Yay,NV,Yay,Yay,NV,Yay,Yay,Yay,Yay,Yay,Yay,Yay,Yay,Yay,Yay,Yay,Yay,Yay,Yay,NV,Yay,Yay,Yay,Yay,Yay,Yay,Yay,Yay,Yay,Yay,Yay,Nay,Yay,Yay,Yay,Nay,Yay,Nay,Yay,Yay,Yay,Yay,Yay,Yay,NV,Yay,Yay,NV,Yay,Yay,Yay,Yay,Yay,Yay,Yay,Yay,NV,Yay,Yay,Yay,Yay,Nay,Yay,Yay,Yay,Yay,Yay,NV
Imes,Yay,Yay,Yay,Yay,Yay,Yay,Yay,Yay,Yay,Yay,Yay,Yay,Yay,Yay,Yay,Yay,Yay,Yay,Yay,Yay,Yay,Yay,Yay,Yay,Yay,Yay,Yay,Yay,Yay,Yay,Yay,Yay,Yay,Yay,Yay,Yay,Yay,Yay,Yay,Yay,Yay,Yay,Yay,Yay,Yay,Yay,Yay,Yay,Yay,Yay,Yay,Yay,Yay,Yay,Yay,Yay,Yay,Yay,Yay,Yay,Yay,Yay,Yay,Yay,Yay,Yay,Yay,Yay,Yay,Yay,Yay,Yay,Yay,Yay,Yay,Yay,NV,Yay,Yay,Yay,Yay,Yay,Yay,Yay,Yay,NV,Yay,Yay,NV,Yay,NV,Yay,Nay,Yay,NV,Yay,Yay,Yay,Yay
Jenkins,Yay,Nay,Yay,Yay,Nay,Yay,Yay,Yay,Yay,Yay,Nay,Yay,Yay,Yay,Yay,Yay,Yay,Yay,Yay,Nay,Yay,Yay,Yay,Yay,Yay,Nay,Yay,Nay,Yay,Yay,Yay,Yay,Yay,Yay,NV,Yay,Yay,Yay,Yay,Nay,Nay,Yay,Yay,Yay,Yay,Yay,Nay,Yay,Yay,Nay,Yay,Nay,Yay,Nay,Yay,Yay,Nay,Yay,Nay,Yay,Nay,Yay,Nay,Nay,Yay,Yay,Nay,Yay,Nay,Yay,Nay,Yay,Yay,Yay,Yay,Yay,Yay,Nay,Nay,Yay,Yay,Nay,Yay,Yay,Yay,Yay,Yay,Nay,Yay,Yay,Yay,Yay,Nay,Yay,Nay,Yay,Nay,Nay,Yay
Johnson D,Yay,Yay,Yay,Yay,Yay,Yay,Yay,Yay,Yay,Yay,Yay,Yay,Yay,Yay,Yay,Yay,Yay,Yay,Yay,Yay,Yay,Yay,Yay,Yay,Yay,Yay,Yay,Yay,Yay,Yay,Yay,Yay,Yay,Yay,Yay,Yay,Yay,Yay,Yay,Yay,Yay,Yay,Yay,Yay,Yay,Yay,Yay,Yay,Yay,Yay,Yay,Yay,Yay,Yay,Yay,Yay,Yay,Yay,Yay,Yay,Yay,Yay,Yay,Yay,Yay,Yay,Yay,Yay,Yay,Yay,Yay,Yay,Yay,Yay,Yay,Yay,Yay,Yay,Yay,Yay,Yay,Yay,Yay,Yay,Yay,Yay,Yay,Yay,Yay,Yay,Yay,Yay,Yay,Yay,Yay,Yay,Yay,Yay,Yay
Johnson DJ,Yay,Yay,Yay,Yay,Yay,Yay,Yay,Yay,Yay,Yay,Yay,Yay,Yay,Yay,Yay,Yay,Yay,Yay,Yay,Yay,Yay,Yay,Yay,Yay,Yay,Yay,Yay,Yay,Yay,Yay,Yay,Yay,Yay,Yay,Yay,Yay,Yay,Yay,Yay,Yay,Yay,Yay,Yay,Yay,Yay,Yay,Yay,Yay,Yay,Yay,Yay,Yay,Yay,Yay,Yay,Yay,Yay,Nay,Yay,Yay,Yay,Yay,Yay,Yay,Yay,Yay,Yay,Yay,Yay,Yay,Yay,Yay,Yay,Yay,Yay,Yay,Yay,Yay,Yay,Yay,Yay,Yay,Yay,Yay,Yay,Yay,Yay,Yay,Yay,Yay,Yay,Yay,Yay,Yay,Yay,Yay,Yay,Yay,Yay
Kay,Yay,NV,Yay,Yay,Yay,Yay,Yay,Yay,Yay,Nay,Yay,Yay,Yay,Yay,NV,Yay,Yay,Yay,Yay,Nay,Yay,Nay,Yay,Yay,Yay,Nay,Yay,Nay,Yay,Yay,Yay,Yay,Yay,Yay,Yay,Yay,Yay,Yay,Yay,Nay,Nay,Yay,Yay,Yay,Yay,NV,Nay,Yay,Yay,Nay,Yay,NV,Nay,Yay,Yay,Yay,Nay,Yay,Nay,Yay,Yay,Yay,Nay,Nay,NV,Yay,Yay,Yay,Nay,Yay,NV,Yay,Yay,Yay,Yay,Yay,Nay,Nay,Nay,Yay,Yay,Yay,Yay,Yay,Yay,Yay,Yay,Yay,Yay,Yay,Yay,Yay,Nay,Yay,Nay,Yay,Yay,NV,Yay
Keene,Nay,Yay,Yay,Yay,Yay,Yay,Yay,Yay,Yay,Nay,Nay,Yay,Nay,Yay,Yay,Yay,Yay,Yay,Yay,Nay,Yay,Yay,Yay,Yay,Yay,Nay,Yay,Nay,Yay,Yay,Yay,Yay,NV,Yay,Yay,NV,Yay,NV,Yay,NV,Nay,Yay,Yay,Yay,Yay,Yay,Nay,Yay,Yay,NV,Yay,Nay,Nay,Yay,Yay,Yay,Nay,Yay,NV,Yay,NV,Nay,Nay,Yay,Yay,Yay,Yay,Yay,Nay,Yay,Nay,Yay,Yay,Yay,Yay,Yay,Yay,Nay,Yay,Yay,Yay,NV,Yay,Yay,Yay,Yay,Yay,Yay,Yay,Yay,Yay,Yay,Nay,Yay,Nay,Yay,Yay,NV,Yay
King,Nay,Yay,Yay,Yay,Yay,Yay,Yay,Yay,Yay,Yay,Yay,Yay,Nay,Yay,Yay,Yay,Yay,Yay,Yay,Yay,Yay,Yay,Yay,Yay,Yay,Yay,Yay,Yay,Yay,Yay,Yay,Yay,Yay,Yay,Yay,Yay,Yay,Yay,Yay,Yay,Yay,Yay,Yay,Yay,Yay,Yay,Yay,Yay,Yay,Yay,Nay,Yay,Yay,Yay,Yay,Yay,Yay,Nay,Yay,Yay,Yay,Yay,Yay,Yay,Yay,Yay,Nay,Yay,Yay,Yay,Yay,Yay,Yay,Yay,Yay,Yay,Yay,Yay,Yay,Yay,Yay,Yay,Yay,Yay,Yay,Yay,Yay,Yay,Yay,Yay,Yay,Yay,Yay,Yay,Nay,Yay,Yay,Yay,Yay
Koenig,Yay,Yay,Yay,Yay,Yay,Yay,Yay,Yay,Yay,Yay,Yay,Yay,Yay,Yay,Yay,Yay,Yay,Yay,Yay,Yay,Yay,Yay,Yay,Yay,Yay,Yay,Yay,Yay,Yay,Yay,Yay,Yay,Yay,Yay,Yay,Yay,Yay,Yay,Yay,Yay,Yay,Yay,Yay,Yay,Yay,Yay,Yay,Yay,Yay,Yay,Yay,Yay,Yay,Yay,Yay,Yay,Yay,Yay,Yay,Yay,Yay,Yay,Yay,Yay,Yay,Yay,Yay,Yay,Yay,Yay,Yay,Yay,Yay,Yay,Yay,Yay,Yay,Yay,Yay,Yay,Yay,Yay,Yay,Yay,Yay,Yay,Yay,Yay,Yay,Yay,Yay,Yay,Yay,Yay,Yay,Yay,Yay,Yay,NA
Lee,Nay,Yay,Yay,Yay,NV,Yay,Yay,Yay,Yay,Yay,Yay,Yay,Nay,Yay,Yay,Yay,Yay,Yay,Yay,Yay,Yay,Yay,Yay,Yay,Yay,Yay,Yay,Yay,Yay,NV,Yay,Yay,Yay,Yay,Yay,Yay,Yay,Yay,Yay,Yay,Yay,Yay,Yay,Yay,Yay,Yay,Yay,Yay,Yay,Yay,Nay,Yay,Yay,Yay,Yay,Yay,Yay,Nay,Yay,Yay,Yay,Yay,Yay,Yay,Yay,Yay,Yay,Yay,Yay,Yay,Yay,Yay,Yay,Yay,Yay,Yay,Yay,Yay,Yay,Yay,Yay,Yay,Yay,Yay,Yay,Yay,Yay,Yay,Yay,Yay,Yay,Yay,Yay,Yay,Yay,Yay,Yay,Yay,Yay
Linder,Nay,Yay,Yay,Yay,Yay,Yay,Yay,Yay,Yay,Yay,Yay,Yay,NV,Yay,Yay,Yay,Yay,Yay,Yay,Yay,Yay,Yay,Yay,Yay,Yay,Yay,Yay,NV,Yay,Yay,Yay,Yay,Yay,Yay,Yay,Yay,Yay,Yay,Yay,Yay,Yay,Yay,Yay,Yay,Yay,Yay,Yay,Yay,Yay,Yay,Nay,Yay,Yay,Yay,Yay,Yay,Yay,Nay,Yay,Yay,Yay,Yay,Yay,Yay,Yay,Yay,Yay,Yay,Yay,Yay,Yay,Yay,Yay,Yay,Yay,Yay,Yay,Yay,Yay,Yay,Yay,Yay,Yay,Yay,Yay,Yay,Yay,Yay,Yay,Yay,Yay,Yay,Yay,Yay,Yay,Yay,Yay,Yay,Yay
Marzian,Nay,Nay,Yay,Yay,Nay,Yay,Yay,Yay,Yay,Yay,NV,Yay,Yay,Yay,Yay,Yay,Yay,Yay,NV,Nay,Yay,Nay,Yay,Yay,Yay,Nay,Yay,NV,Yay,Yay,Yay,Nay,Yay,Yay,NV,Yay,Yay,Yay,Yay,Nay,Nay,Yay,Nay,Nay,Yay,Yay,Nay,Yay,NV,Nay,Yay,NV,Nay,Nay,NV,NV,Nay,Yay,Nay,NV,Nay,Yay,Nay,Nay,Yay,Yay,Yay,Yay,Nay,Yay,NV,Yay,Yay,Yay,NV,Yay,Yay,NV,Nay,Yay,Yay,NV,Yay,Yay,Yay,Yay,Yay,Nay,NV,Yay,Yay,Yay,NV,NV,Nay,Yay,NV,NV,Yay
Mayfield,Yay,Yay,Yay,Yay,Yay,Yay,Yay,Yay,Yay,Yay,Yay,Yay,Yay,Yay,Yay,Yay,Yay,Yay,Yay,Yay,Yay,Yay,Yay,Yay,Yay,Yay,Yay,Yay,Yay,Yay,Yay,Yay,Yay,Yay,Yay,Yay,Yay,Yay,Yay,Yay,Yay,Yay,Yay,Yay,Yay,Yay,Yay,Yay,Yay,Yay,Nay,Yay,Yay,Yay,Yay,Yay,Yay,Yay,Yay,Yay,Yay,Yay,Yay,Yay,Yay,Yay,Yay,Yay,Yay,Yay,Yay,Yay,Yay,Yay,Yay,Yay,Yay,Yay,Yay,Yay,Yay,Yay,Yay,Yay,Yay,Yay,Yay,Yay,Yay,Yay,Yay,Yay,Yay,Yay,Yay,Yay,Yay,Yay,Yay
McCoy,Yay,Yay,Yay,Yay,Yay,Yay,Yay,Yay,Yay,Yay,Yay,Yay,Yay,Yay,Yay,Yay,Yay,Yay,Yay,Yay,Yay,Yay,Yay,Yay,Yay,Yay,Yay,Yay,Yay,Yay,Yay,Yay,Yay,Yay,Yay,Yay,Yay,Yay,Yay,Yay,Yay,Yay,Yay,Yay,Yay,Yay,Yay,Yay,Yay,Yay,Yay,Yay,Yay,Yay,Yay,Yay,Yay,Yay,Yay,Yay,Yay,Yay,Yay,Yay,Yay,Yay,Yay,Yay,Yay,Yay,Yay,Yay,Yay,Yay,Yay,Yay,Yay,Yay,Yay,Yay,Yay,Yay,Yay,Yay,Yay,Yay,Yay,Yay,Yay,Yay,Yay,Yay,Nay,Yay,Yay,Yay,Yay,Yay,Yay
Meade,NV,Yay,Yay,Yay,Yay,Yay,Yay,Yay,Yay,Yay,Yay,Yay,Nay,Yay,Yay,Yay,Yay,Yay,Yay,Yay,Yay,Yay,Yay,Yay,Yay,Yay,Yay,Yay,Yay,Yay,Yay,Yay,Yay,Yay,Yay,Yay,Yay,Yay,Yay,Yay,Yay,Yay,Yay,Yay,Yay,Yay,Yay,Yay,Yay,Yay,Yay,Yay,Yay,Yay,Yay,Yay,Yay,Yay,Yay,Yay,Yay,Yay,Yay,Yay,Yay,Yay,Yay,Yay,Yay,Yay,Yay,Yay,Yay,Yay,Yay,Yay,Yay,Yay,Yay,Yay,Yay,Yay,Yay,Yay,Yay,Yay,Yay,Yay,Yay,Yay,Yay,Yay,Yay,Yay,Yay,Yay,Yay,Yay,Yay
Meeks,NV,Yay,Yay,Yay,Nay,Yay,Yay,Yay,Yay,Yay,Nay,Yay,Yay,Yay,NV,Yay,Yay,Yay,Yay,NV,Yay,Nay,Yay,NV,Yay,Nay,Yay,Nay,Yay,Yay,Yay,NV,Yay,Yay,Nay,NV,Yay,NV,NV,NV,Nay,Yay,Yay,Yay,Yay,Nay,Nay,Yay,Yay,Nay,Yay,Nay,NV,Yay,Yay,Yay,NV,Yay,NV,Yay,NV,NV,Nay,Yay,Yay,Yay,Yay,Yay,Nay,Yay,Yay,Yay,Yay,Yay,Yay,Nay,Yay,Nay,Nay,Yay,Yay,Nay,Yay,Yay,Yay,Yay,Yay,Nay,NV,Yay,Yay,Yay,NV,NV,Nay,Yay,NV,NV,Yay
Meredith,Yay,Yay,Yay,Yay,Yay,Yay,Yay,Yay,Yay,Yay,Yay,Yay,Yay,Yay,Yay,Yay,Yay,Yay,Yay,Yay,Yay,Yay,Yay,Yay,Yay,Yay,Yay,Yay,Yay,Yay,Yay,Yay,Yay,Yay,Yay,Yay,Yay,Yay,Yay,Yay,Yay,Yay,Yay,Yay,Yay,Yay,Yay,Yay,Yay,Yay,Yay,Yay,Yay,Yay,Yay,Yay,Yay,Yay,Yay,Yay,Yay,Yay,Yay,Yay,Yay,Yay,Yay,Yay,Yay,Yay,Yay,Yay,Yay,Yay,Yay,Yay,Yay,Yay,Yay,Yay,Yay,Yay,Yay,Yay,Yay,Yay,Yay,Yay,Yay,Yay,Yay,Yay,Nay,Yay,Yay,Yay,Yay,Yay,Yay
Meyer,Yay,Yay,Yay,Yay,Yay,Yay,Yay,Yay,Yay,Yay,Yay,Yay,Yay,Yay,Yay,Yay,Yay,Yay,Yay,Nay,Yay,Yay,Yay,Yay,Yay,Nay,Yay,Nay,Yay,Yay,Yay,Yay,Yay,Yay,Yay,Yay,Yay,Yay,Yay,Nay,Nay,Yay,Yay,Yay,Yay,Yay,Nay,Yay,Yay,NV,Yay,Nay,Nay,Yay,Yay,Yay,Nay,Yay,Nay,Yay,NV,Yay,Nay,Nay,Yay,Yay,Yay,Yay,Nay,Yay,Yay,Yay,Yay,Yay,Yay,NA,Yay,Nay,NA,Yay,Yay,Yay,Yay,Yay,Yay,Yay,Yay,NV,Yay,Yay,Yay,Yay,Nay,Yay,Nay,Yay,Yay,NV,NV
Miles,NV,Yay,Yay,Yay,Yay,Yay,Yay,NV,Yay,Yay,Yay,Yay,NV,Yay,Yay,Yay,Yay,Yay,Yay,Yay,Yay,NV,NV,Yay,Yay,NV,Yay,NV,Yay,Yay,Yay,Yay,Yay,Yay,Yay,Yay,NV,Yay,Yay,Yay,Yay,Yay,Yay,Yay,Yay,NV,NV,Yay,Yay,Yay,Yay,Yay,Yay,Yay,NV,Yay,Yay,Yay,Yay,Yay,Yay,Yay,NV,NV,NV,Yay,Yay,Yay,NV,Yay,Yay,NV,Yay,Yay,Yay,NV,Yay,Yay,NV,NV,NV,Yay,NV,NV,NV,Yay,Yay,NV,Yay,NV,Yay,NV,Yay,Yay,Yay,NV,Yay,Yay,NV
Miller C,NV,Yay,Yay,Yay,NV,Yay,Yay,NV,Yay,Yay,Nay,Yay,NV,Yay,Yay,Yay,Yay,Yay,NV,Nay,Yay,NV,NV,Yay,Yay,NV,Yay,Nay,Yay,NV,Yay,Yay,NV,Yay,Yay,NV,NV,NV,Yay,NV,NV,Yay,NV,Yay,Yay,NV,NV,Yay,Yay,NV,NV,Yay,NV,NV,NV,Yay,NV,Yay,NA,Yay,NV,NV,Nay,NV,NV,Yay,Yay,Yay,Nay,Yay,Yay,Yay,Yay,Yay,Yay,NA,Yay,NV,NA,Yay,Yay,Yay,Yay,Yay,Yay,Yay,Yay,NV,Yay,Yay,Yay,Yay,Nay,Yay,Yay,Yay,Yay,NV,NV
Miller J,Yay,Yay,Yay,Yay,Yay,Yay,Yay,Yay,Yay,Yay,Yay,Yay,Yay,Yay,Yay,Yay,Yay,Yay,Yay,Yay,Yay,Yay,Yay,Yay,Yay,Yay,Yay,Yay,Yay,Yay,Yay,Yay,Yay,Yay,Yay,Yay,Yay,Yay,Yay,Yay,Yay,Yay,Yay,Yay,Yay,Yay,Yay,Yay,Yay,Yay,Yay,Yay,Yay,Yay,Yay,Yay,Yay,Yay,Yay,Yay,Yay,Yay,Yay,Yay,Yay,Yay,Yay,Yay,Yay,Yay,Yay,Yay,Yay,Yay,Yay,Yay,Yay,Yay,Yay,Yay,Yay,Yay,Yay,Yay,Yay,Yay,Yay,Yay,Yay,Yay,Yay,Yay,Yay,Yay,Yay,Yay,Yay,Yay,Yay
Mills,Yay,Yay,Yay,Yay,Yay,Yay,Yay,Yay,Yay,Yay,Yay,Yay,Yay,Yay,Yay,Yay,Yay,Yay,Yay,Yay,Yay,Yay,Yay,Yay,Yay,Yay,Yay,Yay,Yay,Yay,Yay,Yay,Yay,Yay,Yay,Yay,Yay,Yay,Yay,Yay,Yay,Yay,Yay,Yay,Yay,Yay,Yay,Yay,Yay,Yay,Yay,Yay,Yay,Yay,Yay,Yay,Yay,Yay,NV,Yay,Yay,Yay,Nay,Yay,Yay,Yay,Yay,Yay,Yay,Yay,Yay,Yay,Yay,Yay,Yay,Yay,Yay,Yay,Yay,Yay,Yay,Yay,Yay,Yay,Yay,Yay,Yay,Yay,Yay,Yay,Yay,Yay,Yay,Yay,Yay,Yay,Yay,Yay,Yay
Moffett,Yay,Yay,Yay,Yay,Abs,Yay,Yay,Yay,Yay,Yay,Yay,Yay,Yay,Yay,Yay,Yay,Yay,Yay,Yay,Yay,Yay,Yay,Yay,Yay,Yay,Yay,Yay,Yay,Yay,Yay,Yay,Yay,Yay,Yay,Yay,Yay,Yay,Yay,Yay,Yay,Yay,Yay,Yay,Yay,Yay,Yay,Yay,Yay,Yay,Yay,Nay,Yay,Yay,Yay,Yay,Yay,Yay,Nay,Yay,Yay,Yay,Yay,Yay,Yay,Yay,Yay,Yay,Yay,Yay,Yay,Yay,Yay,Yay,Yay,Yay,Yay,Yay,Yay,Yay,Yay,Yay,Yay,Yay,Yay,Yay,Yay,Yay,Yay,Yay,Yay,Yay,Yay,Yay,Yay,Yay,Yay,Yay,Yay,Yay
Moore,Nay,Yay,Yay,Yay,Yay,Yay,Yay,Yay,Yay,Yay,Yay,Yay,NV,Yay,Yay,Yay,Yay,Yay,Yay,Yay,Yay,Yay,Yay,Yay,Yay,Yay,Yay,Yay,Yay,Yay,Yay,Yay,Yay,Yay,Yay,Yay,Yay,Yay,Yay,Yay,Yay,Yay,Yay,Yay,Yay,Yay,Yay,Yay,Yay,Yay,Yay,Yay,Yay,Yay,Yay,Yay,Yay,Yay,Yay,Yay,Yay,Yay,Yay,Yay,Yay,Yay,Yay,Yay,Yay,Yay,Yay,Yay,Yay,Yay,Yay,Yay,Yay,Yay,Yay,Yay,Yay,Yay,Yay,Yay,Yay,Yay,Yay,Yay,Yay,Yay,Yay,Yay,Yay,Yay,Yay,Yay,Yay,Yay,Yay
Morgan,Yay,Yay,Yay,Yay,Yay,Yay,Yay,NV,Yay,Yay,Yay,Yay,NV,Yay,Yay,Yay,Yay,Yay,Yay,Yay,Yay,NV,NV,Yay,Yay,NV,Yay,Yay,Yay,Yay,Yay,Yay,Yay,Yay,Yay,Yay,NV,Yay,Yay,Yay,Yay,Yay,Yay,Yay,Yay,NV,NV,Yay,Yay,Yay,Yay,Yay,Yay,Yay,NV,Yay,Yay,Nay,Yay,Yay,Yay,Yay,Yay,NV,NV,Yay,NV,Yay,NV,Yay,Yay,NV,Yay,Yay,Yay,NV,Yay,Yay,NV,NV,NV,Yay,NV,NV,NV,Yay,Yay,NV,Yay,Yay,Yay,NV,Nay,Yay,Yay,NV,Yay,Yay,NV
Moser,Yay,Yay,Yay,Yay,Yay,Yay,Yay,Yay,Yay,Yay,Yay,Yay,Yay,Yay,Yay,Yay,Yay,Yay,Yay,Yay,Yay,NV,Yay,Yay,Yay,Yay,Yay,Yay,Yay,Yay,Yay,Yay,Yay,Yay,Yay,Yay,NV,Yay,Yay,Yay,Yay,Yay,Yay,Yay,Yay,Yay,Yay,Yay,Yay,Yay,Yay,Yay,Yay,Yay,Yay,Yay,Yay,Nay,Yay,Yay,Yay,Yay,Yay,Yay,Yay,Yay,Yay,Yay,Yay,Yay,Yay,Yay,Yay,Yay,Yay,Yay,Yay,Yay,Yay,Yay,Yay,Yay,Yay,Yay,Yay,Yay,Yay,Yay,Yay,Yay,Yay,Yay,Yay,Yay,Yay,Yay,Yay,Yay,Yay
Nelson,Nay,Yay,Yay,Yay,Yay,Yay,Yay,Yay,Yay,Yay,Yay,Yay,Nay,Yay,Yay,Yay,Yay,Yay,Yay,Nay,Yay,Yay,Yay,Yay,Yay,Nay,Yay,Nay,Yay,Yay,Yay,Yay,NV,Yay,Yay,Yay,Yay,Yay,Yay,Yay,Yay,Yay,Yay,Yay,Yay,Yay,Nay,Yay,Yay,Yay,Nay,Nay,Yay,Yay,Yay,Yay,Yay,Nay,Yay,Yay,Yay,Yay,Nay,Yay,Yay,Yay,Yay,Yay,Nay,Yay,Yay,Yay,Yay,Yay,Yay,Yay,Yay,Nay,Nay,Yay,Yay,Yay,Yay,Yay,Yay,Yay,Yay,Yay,Yay,Yay,Yay,Yay,Nay,Yay,Yay,Yay,Yay,Yay,Yay
Nemes,Yay,Yay,Yay,Yay,Yay,Yay,Yay,Yay,Yay,Yay,Yay,Yay,Yay,Yay,Yay,Yay,Yay,Yay,Yay,Yay,Yay,Yay,Yay,Yay,Yay,Yay,Yay,Yay,Yay,Yay,Yay,Yay,Yay,Yay,Yay,Yay,Yay,Yay,Yay,NV,Yay,Yay,Yay,Yay,Yay,Yay,Yay,Yay,Yay,Yay,Yay,Yay,Yay,Yay,Yay,Yay,Yay,Yay,Yay,Yay,Yay,Yay,Yay,Yay,Yay,Yay,Yay,Yay,Yay,Yay,Yay,Yay,Yay,Yay,Yay,Yay,Yay,Yay,Yay,Yay,Yay,Yay,Yay,Yay,Yay,Yay,Yay,Yay,Yay,Yay,Yay,Yay,Yay,Yay,Yay,Yay,Yay,Yay,Yay
Osborne,Yay,Yay,Yay,Yay,Yay,Yay,Yay,Yay,Yay,Yay,Yay,Yay,Yay,Yay,Yay,Yay,Yay,Yay,Yay,Yay,Yay,Yay,Yay,Yay,Yay,Yay,Yay,Yay,Yay,Yay,Yay,Yay,Yay,Yay,Yay,Yay,Yay,Yay,Yay,Yay,Yay,Yay,Yay,Yay,Yay,Yay,Yay,Yay,Yay,Yay,Yay,Yay,Yay,Yay,Yay,Yay,Yay,Yay,Yay,Yay,Yay,Yay,Yay,Yay,Yay,Yay,Yay,Yay,Yay,Yay,Yay,Yay,Yay,Yay,Yay,Yay,Yay,Yay,Yay,Yay,Yay,Yay,Yay,Yay,Yay,Yay,Yay,Yay,Yay,Yay,Yay,Yay,Yay,Yay,Yay,Yay,Yay,Yay,Yay
Overly,Yay,NV,Yay,NV,Yay,Yay,Yay,Yay,Yay,Yay,Nay,Yay,Nay,Yay,Yay,Yay,Yay,Yay,Yay,NV,Yay,NV,Yay,Yay,Yay,Nay,Yay,Nay,Yay,Yay,Yay,Yay,Yay,Yay,Yay,Yay,Yay,Yay,NV,Nay,Nay,Yay,Yay,Yay,Yay,Nay,Nay,Yay,NV,Nay,Yay,Nay,Nay,Yay,Yay,Yay,Nay,Yay,Nay,NV,Yay,Yay,Nay,Yay,NV,Yay,Yay,Yay,Nay,Yay,Nay,Yay,Yay,Yay,NV,Yay,Nay,Nay,Nay,Yay,Yay,NV,Yay,Yay,Yay,NV,Yay,Yay,NV,Yay,Yay,Yay,Nay,Yay,Nay,Yay,Yay,NV,Yay
Owens,Nay,Nay,Yay,Yay,Nay,NV,Yay,Yay,NV,Yay,NV,Yay,Yay,Yay,NV,Yay,NV,NV,NV,Nay,Yay,Nay,Yay,Yay,Yay,Nay,Yay,Nay,Yay,Yay,Yay,Yay,Yay,Yay,Yay,Yay,Yay,Yay,Yay,Nay,Nay,Yay,Yay,Yay,Yay,Yay,Nay,Yay,Yay,Nay,Yay,Nay,Nay,NV,Yay,NV,Nay,NV,Nay,Yay,Nay,Yay,Nay,Yay,NV,Yay,NV,NV,Nay,Yay,NV,Yay,NV,NV,Yay,Yay,Yay,NV,Nay,Yay,Yay,NV,Yay,Yay,Yay,Yay,Yay,Nay,NV,Yay,NV,Yay,Nay,NV,Nay,Yay,NV,NV,Yay
Palumbo,Yay,Yay,Yay,Yay,Yay,Yay,Yay,Yay,Yay,Yay,Yay,Yay,NV,Yay,Yay,Yay,Yay,Yay,Yay,Nay,Yay,Yay,Yay,Yay,Yay,Nay,Yay,Nay,Yay,Yay,Yay,Yay,Yay,Yay,Yay,Yay,Yay,Yay,Yay,Nay,Nay,Yay,Yay,Yay,Yay,Yay,Nay,Yay,Yay,Nay,Yay,NV,Yay,Yay,Yay,NV,Nay,Yay,Nay,Yay,Yay,Yay,Nay,Yay,Yay,Yay,Yay,Yay,Nay,Yay,NV,Yay,Yay,Yay,Yay,Yay,Yay,NV,Yay,Yay,Yay,NV,Yay,Yay,Yay,Yay,Yay,Yay,Yay,Yay,Yay,Yay,Nay,NV,Yay,Yay,NV,Nay,Yay
Petrie,NV,Yay,Yay,Yay,Yay,Yay,Yay,Yay,Yay,Yay,Yay,Yay,Nay,Yay,Yay,Yay,Yay,Yay,Yay,Yay,Yay,Yay,Yay,Yay,Yay,Yay,Yay,Yay,Yay,Yay,Yay,Yay,Yay,Yay,Yay,Yay,Yay,Yay,Yay,Yay,Yay,Yay,Yay,Yay,Yay,Yay,Yay,Yay,Yay,NV,Yay,Yay,Yay,Yay,Yay,Yay,Yay,Yay,Yay,Yay,Yay,Yay,Yay,Yay,Yay,Yay,Yay,Yay,Yay,Yay,Yay,Yay,Yay,Yay,Yay,Yay,Yay,Yay,Yay,Yay,Yay,Yay,Yay,Yay,Yay,Yay,Yay,Yay,Yay,Yay,Yay,Yay,Nay,Yay,Yay,Yay,Yay,Yay,Yay
Pratt,Yay,Yay,Yay,Yay,Yay,Yay,Yay,Yay,Yay,Yay,Yay,Yay,Yay,Yay,Yay,Yay,Yay,Yay,Yay,Yay,Yay,Yay,Yay,Yay,Yay,Yay,Yay,Yay,Yay,Yay,Yay,Yay,Yay,Yay,Yay,Yay,Yay,Yay,Yay,Yay,Yay,Yay,Yay,Yay,Yay,Yay,Yay,Yay,Yay,Yay,Yay,Yay,Yay,Yay,Yay,Yay,Yay,Nay,Yay,Yay,Yay,Yay,Yay,Yay,Yay,Yay,Yay,Yay,Yay,Yay,Yay,Yay,Yay,Yay,Yay,Yay,Yay,Yay,Yay,Yay,Yay,Yay,Yay,Yay,Yay,Yay,Yay,Yay,Yay,Yay,Yay,Yay,Yay,Yay,Yay,Yay,Yay,Yay,Yay
Prunty,Yay,Yay,Yay,Yay,Yay,Yay,Yay,Yay,Yay,Yay,Yay,Yay,Yay,Yay,Yay,Yay,Yay,Yay,Yay,Yay,Yay,Yay,Yay,Yay,Yay,Yay,Yay,Yay,Yay,Yay,Yay,Yay,Yay,Yay,Yay,Yay,Yay,Yay,Yay,Yay,Yay,Yay,Yay,Yay,Yay,Yay,Yay,Yay,Yay,Yay,Yay,Yay,Yay,Yay,Yay,Yay,Yay,Yay,Yay,Yay,Yay,Yay,Yay,Yay,Yay,Yay,Yay,Yay,Yay,Yay,Yay,Yay,Yay,Yay,Yay,Yay,Yay,Yay,Yay,Yay,Yay,Yay,Yay,Yay,Yay,Yay,Yay,Yay,Yay,Yay,Yay,Yay,Yay,Yay,Yay,Yay,Yay,Yay,Yay
Rader,NV,NV,NV,NV,NV,NV,NV,NV,NV,NV,NV,NV,NV,NV,NV,NV,NV,NV,NV,NV,NV,NV,NV,NV,NV,NV,NV,NV,NV,NV,NV,NV,NV,NV,NV,NV,NV,NV,NV,NV,NV,NV,NV,NV,NV,NV,NV,NV,NV,NV,NV,NV,NV,NV,NV,NV,NV,NV,NV,NV,NV,NV,NV,NV,NV,NV,NV,NV,NV,NV,NV,NV,NV,NV,NV,NV,NV,NV,NV,NV,NV,NV,NV,NV,NV,NV,NV,NV,NV,NV,NV,NV,NV,NV,NV,NV,NV,NV,NV
Rand,Nay,Yay,Yay,Yay,Yay,Yay,Yay,NV,Yay,Yay,NV,Yay,Nay,Yay,Yay,Yay,Yay,Yay,Yay,Nay,Yay,Yay,Yay,Yay,Yay,Nay,Yay,Nay,Yay,Yay,Yay,Yay,NV,Yay,Yay,Yay,Yay,NV,Yay,Nay,Nay,Yay,Yay,Yay,Yay,Yay,Nay,Yay,Yay,Yay,Yay,Nay,Yay,Yay,Yay,Yay,Nay,Yay,NV,Yay,Yay,Yay,Nay,Nay,NV,Yay,Yay,Yay,Nay,Yay,Yay,Yay,Yay,Yay,Yay,Yay,Yay,Nay,Nay,Yay,Yay,Yay,Yay,Yay,Yay,Yay,Yay,Yay,Yay,Yay,Yay,Yay,Nay,Yay,Yay,Yay,Yay,Yay,Yay
Reed,Yay,Yay,Yay,Yay,Yay,Yay,Yay,Yay,Yay,Yay,Yay,Yay,Yay,Yay,Yay,Yay,Yay,Yay,Yay,Yay,Yay,Yay,Yay,Yay,Yay,Yay,Yay,Yay,Yay,Yay,Yay,Yay,Yay,Yay,Yay,Yay,Yay,Yay,Yay,Yay,Yay,Yay,Yay,Yay,Yay,Yay,Yay,Yay,Yay,Yay,Yay,Yay,Yay,Yay,Yay,Yay,Yay,Yay,Yay,Yay,Yay,Yay,Yay,Yay,Yay,Yay,Yay,Yay,Yay,Yay,Yay,Yay,Yay,Yay,Yay,Yay,Yay,Yay,Yay,Yay,Yay,Yay,Yay,Yay,Yay,Yay,Yay,Yay,Yay,Yay,Yay,Yay,Nay,Yay,Yay,Yay,Yay,Yay,Yay
Richards,Nay,NV,Yay,Yay,Yay,Yay,Yay,Yay,Yay,Yay,Yay,Yay,Yay,Yay,Yay,Yay,Yay,Yay,Yay,Nay,Yay,Yay,Yay,Yay,Yay,Nay,Yay,Nay,Yay,Yay,Yay,Yay,Yay,Yay,Yay,Yay,Yay,Yay,Yay,NV,Yay,Yay,Yay,Yay,Yay,Yay,Nay,Yay,Yay,NV,Yay,Yay,Nay,Yay,Yay,Yay,Yay,Yay,Nay,Yay,Yay,Yay,Nay,Yay,Yay,Yay,Yay,Yay,Yay,Yay,Yay,Yay,Yay,Yay,Yay,Yay,Yay,Yay,Yay,Yay,Yay,Yay,Yay,Yay,Yay,Yay,Yay,Yay,Yay,Yay,Yay,Yay,Nay,Yay,Yay,Yay,Yay,Yay,Yay
Riggs,Yay,Yay,Yay,Yay,Yay,Yay,Yay,Yay,Yay,NV,Yay,Yay,Yay,Yay,Yay,Yay,Yay,Yay,Yay,Yay,Yay,Yay,Yay,Yay,Yay,Yay,Yay,Yay,Yay,Yay,Yay,Yay,Yay,Yay,Yay,Yay,Yay,Yay,Yay,Yay,Yay,Yay,Yay,Yay,Yay,Yay,Yay,Yay,Yay,Nay,Yay,NV,Yay,Yay,Yay,Yay,Nay,Yay,Yay,Yay,Yay,Yay,Nay,Yay,Yay,Yay,Yay,Yay,Nay,NV,Yay,Yay,Yay,Yay,Yay,Yay,Yay,Nay,Nay,Yay,Yay,Yay,Yay,Yay,Yay,Yay,Yay,Yay,Yay,Yay,Yay,Yay,Nay,Yay,Yay,Yay,Yay,Nay,Yay
Riley,NV,Yay,Yay,Yay,Yay,Yay,Yay,Yay,Yay,Yay,Yay,Yay,NV,Yay,Yay,Yay,Yay,Yay,Yay,Yay,Yay,Yay,Yay,Yay,Yay,Yay,Yay,Yay,Yay,Yay,Yay,Yay,Yay,Yay,Yay,Yay,Yay,Yay,Yay,Yay,Yay,Yay,Yay,Yay,Yay,Yay,Yay,Yay,Yay,Yay,Yay,Yay,Yay,Yay,Yay,Yay,Yay,Yay,Yay,Yay,Yay,Yay,Yay,Yay,Yay,Yay,Yay,Yay,Yay,Yay,Yay,Yay,Yay,Yay,Yay,Yay,Yay,Yay,Yay,Yay,Yay,Yay,Yay,Yay,Yay,Yay,Yay,Yay,Yay,Yay,Yay,Yay,Yay,Yay,Yay,Yay,Yay,Yay,Yay
Rothenburger,Yay,Yay,Yay,Yay,NV,Yay,Yay,Yay,Yay,Yay,Yay,Yay,Yay,Yay,Yay,Yay,Yay,Yay,Yay,Yay,Yay,Yay,Yay,Yay,Yay,Yay,Yay,NV,Yay,Yay,Yay,Yay,Yay,Yay,Yay,Yay,Yay,Yay,Yay,Yay,Yay,Yay,Yay,Yay,Yay,Yay,Yay,Yay,Yay,Yay,Yay,Yay,Yay,NV,Yay,Yay,Yay,Yay,Yay,Yay,Yay,Yay,Yay,Yay,Yay,Yay,Yay,Yay,Yay,Yay,Yay,Yay,Yay,Yay,Yay,Yay,Yay,Yay,Yay,Yay,Yay,Yay,Yay,Yay,Yay,Yay,Yay,Yay,Yay,Yay,Yay,Yay,Yay,Yay,Yay,Yay,Yay,Yay,Yay
Rowland,Yay,Yay,Yay,Yay,Yay,Yay,Yay,Yay,Yay,Yay,Yay,Yay,Yay,Yay,Yay,Yay,Yay,Yay,Yay,Yay,Yay,Yay,Yay,Yay,Yay,Yay,Yay,Yay,Yay,Yay,Yay,Yay,Yay,Yay,Yay,Yay,Yay,Yay,NV,Yay,Yay,Yay,Yay,Yay,Yay,Yay,Yay,Yay,Yay,Yay,Yay,Yay,Yay,Yay,Yay,Yay,Yay,Yay,Yay,Yay,Yay,Yay,Yay,Yay,Yay,Yay,Yay,Yay,Yay,Yay,Yay,Yay,Yay,Yay,Yay,Yay,Yay,Yay,Yay,Yay,Yay,Yay,Yay,Yay,Yay,Yay,Yay,Yay,Yay,Yay,Yay,Yay,Yay,Yay,Yay,Yay,Yay,Yay,Yay
Rudy,Yay,Yay,Yay,Yay,Yay,Yay,Yay,Yay,Yay,Yay,Yay,Yay,Yay,Yay,Yay,Yay,Yay,Yay,Yay,Yay,Yay,Yay,Yay,Yay,Yay,Yay,Yay,Yay,Yay,Yay,Yay,Yay,Yay,Yay,Yay,Yay,Yay,Yay,Yay,Yay,Yay,Yay,Yay,Yay,Yay,Yay,Yay,Yay,Yay,NV,Yay,Yay,Yay,Yay,Yay,Yay,Yay,Yay,Yay,Yay,Yay,Yay,Yay,Yay,Yay,Yay,Yay,Yay,Yay,Yay,Yay,Yay,Yay,Yay,Yay,Yay,Yay,Yay,Yay,Yay,Yay,Yay,Yay,Yay,Yay,Yay,Yay,Yay,Yay,Yay,Yay,Yay,Yay,Yay,Yay,Yay,Yay,Yay,Yay
Santoro,Yay,Yay,Yay,Yay,Yay,Yay,Yay,Yay,Yay,Yay,Yay,Yay,Yay,Yay,Yay,Yay,Yay,Yay,Yay,Yay,Yay,Yay,Yay,Yay,Yay,Yay,Yay,Yay,Yay,Yay,Yay,Yay,Yay,Yay,Yay,Yay,Yay,Yay,Yay,Yay,Yay,Yay,Yay,Yay,Yay,Yay,Yay,Yay,Yay,Yay,Nay,Yay,Yay,Yay,Yay,Yay,Yay,Nay,Yay,Yay,Yay,Yay,Yay,Yay,Yay,Yay,Yay,Yay,Yay,Yay,Yay,Yay,Yay,Yay,Yay,Yay,Yay,Yay,Yay,Yay,Yay,Yay,Yay,Yay,Yay,Yay,Yay,Yay,Yay,Yay,Yay,Yay,Yay,Yay,Yay,Yay,Yay,Yay,Yay
Schamore,Yay,Yay,Yay,Yay,Yay,Yay,Yay,Yay,Yay,Yay,Yay,Yay,Yay,Yay,Yay,Yay,Yay,Yay,Yay,Nay,Yay,Yay,Yay,Yay,Yay,Nay,Yay,Nay,Yay,Yay,Yay,Yay,Yay,Yay,Yay,Yay,Yay,Yay,Yay,Yay,Yay,Yay,Yay,Yay,Yay,Yay,Nay,Yay,Yay,NV,Yay,Yay,Nay,Yay,Yay,Yay,Nay,Yay,Nay,Yay,Yay,Yay,Nay,Nay,NV,Yay,Yay,Yay,Nay,Yay,Yay,Yay,Yay,Yay,Yay,Yay,Yay,NV,Nay,Yay,Yay,Yay,Yay,Yay,Yay,Yay,Yay,Yay,NV,Yay,Yay,Yay,Nay,Yay,Yay,Yay,Yay,Yay,Yay
Scott,NV,Yay,Yay,Yay,Nay,NV,Yay,NV,NV,Yay,Nay,Yay,NV,Yay,Yay,Yay,NV,NV,Yay,Nay,Yay,NV,NV,Yay,Yay,NV,Yay,NV,Yay,Yay,Yay,Yay,Yay,Yay,Yay,NV,NV,NV,Yay,NV,NV,Yay,NV,Yay,Yay,NV,NV,Yay,Yay,NV,Yay,Nay,NV,Yay,NV,Yay,NV,Nay,NV,Yay,NV,NV,Nay,NV,NV,Yay,Nay,Yay,Nay,Yay,Nay,Yay,Yay,Yay,Yay,Yay,Yay,Nay,Nay,Yay,Yay,Nay,Yay,Yay,Yay,Yay,Yay,Yay,Nay,Yay,Yay,Yay,Nay,Yay,Nay,Yay,Nay,NV,Yay
Shell,Yay,Yay,Yay,Yay,Yay,Yay,Yay,Yay,Yay,Yay,Yay,Yay,Yay,Yay,Yay,Yay,Yay,Yay,Yay,Yay,Yay,Yay,Yay,Yay,Yay,Yay,Yay,Yay,Yay,Yay,Yay,Yay,Yay,Yay,Yay,Yay,Yay,Yay,Yay,Yay,Yay,Yay,NV,Yay,Yay,Yay,Yay,Yay,Yay,Yay,Yay,Yay,Yay,Yay,Yay,Yay,Yay,Yay,Yay,Yay,Yay,Yay,Yay,Yay,Yay,Yay,Yay,Yay,Yay,Yay,Yay,Yay,Yay,Yay,Yay,Yay,Yay,Yay,Yay,Yay,Yay,Yay,Yay,Yay,Yay,Yay,Yay,Yay,Yay,Yay,Yay,Yay,Yay,Yay,Yay,Yay,Yay,Yay,Yay
Simpson,Yay,Yay,Yay,Yay,Nay,Yay,Yay,Yay,Yay,Yay,Yay,Yay,Yay,Yay,Yay,Yay,Yay,Yay,Yay,Yay,Yay,Yay,Yay,Yay,Yay,Yay,Yay,Nay,Yay,Yay,Yay,Yay,Yay,Yay,Yay,Yay,Yay,Yay,Yay,Yay,Yay,Yay,Yay,Yay,Yay,Nay,Yay,Yay,Yay,Yay,Yay,Yay,Yay,Yay,Yay,Yay,NV,Yay,Yay,Yay,Yay,Yay,Nay,Yay,Yay,Yay,NV,Yay,Nay,Yay,Nay,Yay,Yay,Yay,Yay,Yay,Yay,Nay,Nay,Yay,Yay,NV,Yay,Yay,Yay,Yay,Yay,Yay,Yay,Yay,Yay,Yay,Nay,Yay,Yay,Yay,Yay,Nay,Yay
Sims,Yay,Yay,Yay,Yay,Yay,Yay,Yay,Yay,Yay,Yay,Yay,Yay,Yay,Yay,Yay,Yay,Yay,Yay,Yay,Nay,Yay,Yay,Yay,Yay,Yay,Nay,Yay,Nay,Yay,Yay,Yay,Yay,Yay,Yay,Yay,Yay,Yay,Yay,Yay,Yay,Yay,Yay,Yay,Yay,Yay,Yay,Nay,Yay,Yay,NV,Yay,NV,Nay,Yay,Yay,Yay,Nay,Yay,Nay,Yay,Yay,Yay,Nay,Yay,Yay,Yay,Yay,Yay,Nay,Yay,Yay,Yay,Yay,Yay,Yay,Yay,Yay,Yay,Nay,Yay,Yay,Yay,Yay,Yay,Yay,Yay,Yay,Yay,Yay,Yay,Yay,Yay,Nay,Yay,Yay,Yay,Yay,Yay,Yay
Sinnette,Nay,Yay,Yay,Yay,Yay,Yay,NV,Yay,Yay,NV,Nay,Yay,NV,Yay,Yay,Yay,Yay,Yay,Yay,Nay,NV,Yay,Yay,Yay,NV,Nay,Yay,Nay,Yay,Yay,Yay,Yay,Yay,Yay,Yay,Yay,Yay,Yay,Yay,Yay,Nay,Yay,Yay,Yay,Yay,Yay,Yay,NV,Yay,Nay,Yay,Nay,Nay,Yay,Yay,Yay,Nay,Yay,Nay,Yay,Yay,Yay,Nay,Nay,Yay,NV,Yay,Yay,Nay,Yay,Yay,Yay,Yay,Yay,Yay,Yay,Yay,Nay,Nay,Yay,Yay,Yay,Yay,Yay,Yay,Yay,Yay,Yay,Yay,Yay,Yay,Yay,Nay,Yay,Yay,Yay,Yay,Yay,Yay
St. Onge,Yay,Yay,Yay,Yay,Yay,Yay,Yay,Yay,Yay,Yay,Yay,Yay,Yay,Yay,Yay,Yay,Yay,Yay,Yay,Yay,Yay,Yay,Yay,Yay,Yay,Yay,Yay,NV,Yay,Yay,Yay,Yay,Yay,Yay,Yay,Yay,Yay,Yay,Yay,Yay,Yay,Yay,Yay,Yay,Yay,Yay,Yay,Yay,Yay,Yay,Nay,Yay,Yay,Yay,Yay,Yay,Yay,Nay,Yay,Yay,Yay,Yay,Yay,Yay,Yay,Yay,Yay,Yay,Yay,Yay,Yay,Yay,Yay,Yay,Yay,Yay,Yay,Yay,Yay,Yay,Yay,Yay,Yay,Yay,Yay,Yay,Yay,Yay,Yay,Yay,Yay,Yay,Yay,Yay,Yay,Yay,Yay,Yay,Yay
Stewart,Nay,Yay,Yay,Yay,Yay,Yay,Yay,Yay,Yay,Yay,Yay,Yay,Nay,Yay,Yay,Yay,Yay,Yay,Yay,Yay,Yay,Yay,Yay,Yay,Yay,Yay,Yay,Yay,Yay,Yay,Yay,Yay,Yay,Yay,Yay,Yay,Yay,Yay,Yay,Yay,Yay,Yay,Yay,Yay,Yay,Yay,Yay,Yay,Yay,Yay,Yay,Yay,Yay,Yay,Yay,Yay,Yay,Yay,Yay,Yay,Yay,Yay,Nay,Yay,Yay,Yay,Yay,Yay,Yay,Yay,Yay,Yay,Yay,Yay,Yay,Yay,Yay,Yay,Yay,Yay,Yay,Yay,Yay,Yay,Yay,Yay,Yay,Yay,Yay,Yay,Yay,Yay,Yay,Yay,Yay,Yay,Yay,Yay,Yay
Stone,NV,Yay,Yay,Yay,Yay,Yay,Yay,Yay,Yay,Yay,Yay,Yay,Yay,Yay,Yay,Yay,Yay,Yay,NV,Nay,Yay,Yay,Yay,Yay,Yay,Nay,Yay,Nay,Yay,Yay,Yay,Yay,NV,Yay,Yay,NV,Yay,NV,Yay,NV,NV,Yay,NV,Yay,Yay,Yay,Yay,Yay,Yay,NV,Yay,Nay,NV,NV,Yay,Yay,NV,Yay,NV,Yay,NV,NV,Nay,NV,Yay,Yay,Yay,Yay,Nay,Yay,Yay,Yay,Yay,Yay,Yay,Yay,Yay,Nay,Yay,Yay,Yay,Yay,Yay,Yay,Yay,Yay,Yay,Yay,Yay,Yay,Yay,Yay,Nay,Yay,NV,Yay,Yay,Yay,Yay
Thomas,Yay,Yay,Yay,Yay,Yay,Yay,Yay,Yay,Yay,Yay,Yay,Yay,Yay,Yay,Yay,Yay,Yay,Yay,Yay,Yay,Yay,Yay,Yay,Yay,Yay,Yay,Yay,Yay,Yay,Yay,Yay,Yay,Yay,Yay,Yay,Yay,Yay,Yay,Yay,Yay,Yay,Yay,Yay,Yay,Yay,Yay,Yay,Yay,Yay,Yay,Yay,Yay,Yay,Yay,Yay,Yay,Yay,Yay,Yay,Yay,Yay,Yay,Yay,Yay,Yay,Yay,Yay,Yay,Yay,Yay,Yay,Yay,Yay,Yay,Yay,Yay,Yay,Yay,Yay,Yay,Yay,Yay,Yay,Yay,Yay,Yay,Yay,Yay,Yay,Yay,Yay,Yay,Yay,Yay,Yay,Yay,NV,Yay,Yay
Tipton,Yay,Yay,Yay,Yay,Yay,Yay,Yay,Yay,Yay,Yay,Yay,Yay,Yay,Yay,Yay,Yay,Yay,Yay,Yay,Yay,Yay,Yay,Yay,Yay,Yay,Yay,Yay,Yay,Yay,Yay,Yay,Yay,Yay,Yay,Yay,Yay,Yay,Yay,Yay,Yay,Yay,Yay,Yay,Yay,Yay,Yay,Yay,Yay,Yay,Yay,Yay,Yay,Yay,Yay,Yay,Yay,Yay,Yay,Yay,Yay,Yay,Yay,Yay,Yay,Yay,Yay,Yay,Yay,Yay,Yay,Yay,Yay,Yay,Yay,Yay,Yay,Yay,Yay,Yay,Yay,Yay,Yay,Yay,Yay,Yay,Yay,Yay,Yay,Yay,Yay,Yay,Yay,Yay,Yay,Yay,Yay,Yay,Yay,Yay
Turner,Nay,Yay,Yay,Yay,Yay,Yay,Yay,Yay,Yay,Yay,Yay,Yay,Nay,Yay,Yay,Yay,Yay,Yay,Yay,Yay,Yay,Yay,Yay,Yay,Yay,Yay,Yay,Yay,Yay,Nay,Yay,Yay,Yay,Yay,Yay,Yay,Yay,Yay,Yay,Yay,Yay,Yay,Yay,Yay,Yay,Yay,Yay,Yay,Yay,Yay,Nay,Yay,Yay,Yay,Yay,Yay,Yay,Nay,Yay,Yay,Yay,Yay,Yay,Yay,Yay,Yay,Yay,Yay,Yay,Yay,Yay,Yay,Yay,Yay,Yay,Yay,Yay,NV,Yay,Yay,Yay,Yay,Yay,Yay,Yay,Yay,Yay,Yay,Nay,Yay,Yay,Yay,Nay,Yay,Nay,Yay,Yay,Yay,NV
Upchurch,Nay,Yay,Yay,Yay,NV,Yay,Yay,Yay,Yay,Yay,Yay,NV,Nay,Yay,Yay,NV,Yay,Yay,Yay,Yay,Yay,Yay,Yay,Yay,Yay,Yay,Yay,Yay,Yay,NV,Yay,Yay,Yay,Yay,Yay,Yay,Yay,NV,Yay,Yay,Yay,Yay,Yay,Yay,Yay,Yay,Yay,Yay,Yay,Yay,NV,Yay,Yay,Yay,Yay,Yay,Yay,Yay,Yay,Yay,Yay,Yay,Yay,Yay,Yay,Yay,Yay,Yay,Yay,Yay,Yay,Yay,Yay,Yay,Yay,Yay,Yay,Yay,Yay,Yay,Yay,Yay,Yay,Yay,Yay,Yay,Yay,Yay,Yay,Yay,Yay,Yay,Yay,Yay,Yay,Yay,Yay,Yay,Yay
Watkins,NV,Yay,Yay,Yay,Yay,Yay,Yay,Yay,Yay,Yay,Yay,Yay,NV,Yay,Yay,Yay,Yay,Yay,NV,Nay,Yay,Yay,Yay,Yay,Yay,Yay,Yay,NV,Yay,Yay,Yay,Yay,NV,Yay,Yay,NV,Yay,NV,Yay,NV,NV,Yay,NV,Yay,Yay,Yay,Yay,Yay,NV,NV,Yay,NV,NV,NV,Yay,Yay,NV,Yay,NV,NV,NV,NV,Nay,Yay,Yay,Yay,Yay,Yay,Nay,Yay,Yay,Yay,Yay,Yay,NV,Yay,Yay,Yay,Nay,Yay,Yay,Yay,Yay,Yay,Yay,Yay,Yay,Yay,Yay,Yay,Yay,Yay,Nay,Yay,Nay,Yay,Yay,NV,Yay
Wayne,Abs,Nay,Yay,Yay,Nay,Yay,Yay,Yay,Yay,Yay,Nay,Yay,Yay,Yay,Yay,Yay,Yay,Yay,Yay,Nay,Yay,Yay,Yay,Yay,Yay,Nay,Yay,NV,Yay,Yay,Yay,Nay,Yay,Yay,NV,Yay,Yay,Yay,Yay,Yay,Nay,Yay,Yay,Nay,Yay,Yay,Nay,Yay,Yay,NV,Yay,Nay,Nay,Nay,NV,Yay,Yay,Nay,Yay,Yay,Nay,Yay,NV,Nay,Yay,Yay,Nay,Yay,NV,Yay,Yay,Yay,Yay,Yay,Yay,Yay,Yay,Nay,Nay,Yay,Yay,Nay,Yay,Yay,Yay,Yay,Yay,Nay,Yay,NV,Yay,Yay,Nay,Nay,Nay,Yay,Yay,Nay,Yay
Webber,Yay,Yay,Yay,Yay,Yay,Yay,Yay,Yay,Yay,Yay,Yay,Yay,Yay,Yay,Yay,Yay,Yay,Yay,Yay,Yay,Yay,Yay,Yay,Yay,Yay,Yay,Yay,Yay,Yay,Yay,Yay,Yay,Yay,Yay,Yay,Yay,Yay,Yay,Yay,Yay,Yay,Yay,Yay,Yay,Yay,Yay,Yay,Yay,Yay,Yay,Yay,Yay,Yay,Yay,Yay,Yay,Yay,Yay,Yay,Yay,Yay,Yay,Yay,Yay,Yay,Yay,Yay,Yay,Yay,Yay,Yay,Yay,Yay,Yay,Yay,Yay,Yay,Yay,Yay,Yay,Yay,Yay,Yay,Yay,Yay,Yay,Yay,Yay,Yay,Yay,Yay,Yay,Yay,Yay,Yay,Yay,Yay,Yay,Yay
Wells,Yay,Yay,Yay,Yay,Yay,Yay,Yay,Yay,Yay,Yay,Yay,Yay,Yay,Yay,Yay,Yay,Yay,Yay,Yay,Yay,Yay,Yay,Yay,Yay,Yay,Yay,Yay,Yay,Yay,Yay,Yay,Yay,Yay,Yay,Yay,Yay,Yay,Yay,Yay,Yay,Yay,Yay,Yay,Yay,Yay,Yay,Yay,Yay,Yay,Yay,Yay,NV,Yay,Nay,Yay,Yay,NV,Yay,Yay,Yay,Yay,Yay,Yay,Yay,Yay,Yay,Yay,Yay,Yay,Yay,Yay,Yay,Yay,Yay,Yay,Yay,Yay,Yay,Yay,Yay,Yay,Yay,Yay,Yay,Yay,Yay,Yay,Yay,Yay,Yay,Yay,Yay,Yay,Yay,Yay,Yay,Yay,Nay,Yay
Westrom,Yay,Yay,Yay,Yay,NV,Yay,Yay,Yay,Yay,Yay,Yay,Yay,Nay,Yay,Yay,Yay,Yay,Yay,Yay,Yay,Yay,Yay,Yay,Yay,Yay,Nay,Yay,Nay,Yay,NV,Yay,Yay,Yay,Yay,Yay,Yay,Yay,Yay,Yay,NV,NV,Yay,Yay,Yay,Yay,Yay,NV,Yay,Yay,NV,Yay,NV,Yay,NV,Yay,Yay,Nay,Yay,Yay,Yay,Nay,Yay,Nay,Yay,Yay,Yay,Yay,Yay,Nay,Yay,NV,Yay,Yay,Yay,Yay,Yay,Yay,Nay,Nay,Yay,Yay,Yay,Yay,Yay,Yay,Yay,Yay,Yay,Yay,Yay,Yay,Yay,Nay,Yay,Yay,Yay,NV,Nay,Yay
Wuchner,Yay,Yay,Yay,Yay,Yay,Yay,Yay,Yay,Yay,Yay,Yay,Yay,Yay,Yay,Yay,Yay,Yay,Yay,Yay,Yay,Yay,Yay,Yay,Yay,Yay,Yay,Yay,Yay,Yay,Yay,Yay,Yay,Yay,Yay,Yay,Yay,Yay,Yay,Yay,Yay,Yay,Yay,Yay,Yay,Yay,Yay,Yay,Yay,Yay,Yay,Nay,Yay,Yay,Yay,Yay,Yay,Yay,Nay,Yay,Yay,Yay,Yay,Yay,Yay,Yay,Yay,Yay,Yay,Yay,Yay,Yay,Yay,Yay,Yay,Yay,Yay,Yay,Yay,Yay,Yay,Yay,Yay,Yay,Yay,Yay,Yay,Yay,Yay,Yay,Yay,Yay,Yay,Yay,Yay,Yay,Yay,Yay,Yay,Yay
York,Yay,Yay,Yay,Yay,Yay,Yay,Yay,Yay,Yay,Yay,Yay,Yay,Yay,Yay,Yay,Yay,Yay,Yay,Yay,Yay,Yay,Yay,Yay,Yay,Yay,Yay,Yay,Yay,Yay,Yay,Yay,Yay,Yay,Yay,Yay,Yay,Yay,Yay,Yay,Yay,NV,Yay,Yay,Yay,Yay,Yay,Yay,Yay,Yay,Yay,Nay,Yay,Yay,Yay,Yay,Yay,Yay,Yay,Yay,Yay,Yay,Yay,Nay,Yay,Yay,Yay,Yay,Yay,Yay,Yay,Yay,Yay,Yay,Yay,Yay,Yay,Yay,Nay,Yay,Yay,Yay,Yay,Yay,Yay,Yay,Yay,Yay,Yay,Yay,Yay,Yay,Yay,Nay,Yay,Nay,Yay,Yay,Yay,Yay
