NAME,SB6,SB8,SB10,SB12,SB17,SB21,SB38,SB39,SB42,SB50,SB73,SB79,SB89,SB101,SB107,SB116,SB117,SB122,SB128,SB129,SB140,SB147,SB151,SB153,SB163,SB165,SB176,SB183,SB189,SB197,SB218,SB238,HB1,HB2,HB3,HB14,HB26,HB35,HB38,HB50,HB67,HB74,HB93,HB100,HB112,HB113,HB119,HB144,HB158,HB163,HB173,HB183,HB189,HB191,HB1920,HB195,HB207,HB222,HB223,HB225,HB226,HB227,HB237,HB239,HB242,HB245,HB246,HB255,HB262,HB265,HB268,HB269,HB270,HB271,HB276,HB284,HB289,HB293,HB299,HB304,HB306,HB311,HB312,HB318,HB324,HB324,HB329,HB337,HB343,HB351,HB366,HB368,HB384,HB403,HB410,HB453,HB498,HB502,HB520,HCR59
Alvarado,Yay,Yay,Yay,Yay,Yay,Yay,Yay,Yay,Yay,Yay,Yay,Yay,Yay,Yay,Yay,Yay,Yay,Yay,Yay,Yay,Yay,Yay,Yay,Yay,Yay,Yay,Yay,Yay,Yay,Yay,Pass,Yay,Yay,Yay,Yay,Yay,Yay,Yay,Yay,Yay,Yay,Yay,Yay,Yay,Yay,Yay,Yay,Yay,Yay,Yay,Yay,Yay,Yay,Yay,Yay,Yay,Yay,Yay,Yay,Yay,Yay,Yay,Yay,Yay,Yay,Yay,Yay,Yay,Yay,Yay,Yay,Yay,Yay,Yay,Yay,Yay,Yay,Yay,Yay,Yay,Yay,Yay,Yay,Yay,Yay,Yay,Yay,Yay,Yay,Yay,Yay,Yay,Yay,Yay,Yay,Yay,Yay,Yay,Nay,Yay
Bowen,Yay,Yay,Yay,Yay,Yay,Yay,Yay,Yay,Yay,Yay,Yay,Yay,,Yay,Yay,Yay,Yay,Yay,Yay,Yay,Yay,Yay,Yay,Yay,Yay,Yay,Yay,Yay,Yay,Yay,Yay,Yay,Yay,Yay,Yay,Yay,Yay,Yay,Yay,Yay,Yay,Yay,Yay,Yay,Yay,Yay,Nay,Yay,Yay,Yay,Yay,Yay,Yay,Yay,Yay,Yay,Yay,Yay,Yay,Yay,Yay,Yay,Yay,Yay,Yay,Yay,Nay,Yay,Yay,Yay,Yay,Yay,Yay,Yay,Yay,Yay,Yay,Yay,Yay,Yay,Yay,Yay,Yay,Yay,Yay,Yay,Yay,Yay,Yay,Yay,Yay,Yay,Yay,Yay,Yay,Yay,Yay,Yay,Nay,Yay
Buford,Yay,Yay,Yay,Yay,Yay,Yay,Yay,Yay,Yay,Yay,Yay,Yay,Yay,,Yay,Yay,Yay,Yay,Yay,Yay,Yay,Yay,Yay,Yay,Yay,Yay,Yay,Yay,Yay,Yay,Yay,Yay,Yay,Yay,Yay,Yay,Yay,Yay,Yay,Yay,Yay,Yay,Yay,Yay,Yay,Yay,Yay,Yay,Yay,Yay,Yay,Yay,Yay,Yay,Yay,Yay,Yay,Yay,Yay,Yay,Yay,Yay,Yay,Yay,Yay,Yay,Yay,Yay,Yay,Yay,Yay,Yay,Yay,Yay,Yay,Yay,Yay,Yay,Yay,Yay,Yay,Yay,Yay,Nay,Yay,Yay,Yay,Yay,Yay,Yay,Yay,Yay,Nay,Yay,Yay,Yay,Yay,Yay,Nay,Yay
Carpenter,Yay,Yay,Yay,Yay,Yay,Yay,Yay,Yay,Yay,Yay,,Yay,Yay,Yay,Yay,Yay,Yay,Yay,Yay,Yay,Yay,Yay,Yay,Yay,Yay,,Yay,Yay,Yay,Yay,Yay,Yay,Yay,Yay,Yay,Yay,Yay,Yay,Yay,Yay,Yay,Yay,Yay,Yay,Yay,Yay,Yay,Yay,Yay,Yay,Yay,Yay,Yay,Yay,Yay,Yay,Yay,Yay,Yay,Yay,Yay,Yay,Yay,Yay,Yay,Yay,Yay,Yay,Yay,Yay,Yay,Yay,Yay,Yay,Yay,Yay,Yay,Yay,Yay,Yay,Yay,Yay,Yay,Yay,Yay,Yay,Yay,Yay,Yay,Yay,Yay,Yay,Yay,Yay,Yay,Yay,Yay,Yay,Nay,Yay
"Carroll, Danny",Yay,Yay,Yay,Yay,Yay,Yay,Yay,Yay,Yay,Yay,Yay,Yay,Yay,Yay,Yay,Yay,Yay,Yay,Yay,Yay,Yay,Yay,Yay,Yay,Yay,Yay,Yay,Yay,Yay,Yay,Yay,Yay,Yay,Yay,Yay,Yay,Yay,Yay,Yay,Yay,Yay,Yay,Yay,Yay,Yay,Yay,Yay,Yay,Yay,Yay,Yay,Yay,Yay,Yay,Yay,Yay,Yay,Yay,Yay,Yay,Yay,Yay,Yay,Yay,Yay,Yay,Yay,Yay,Yay,Yay,Yay,Yay,Yay,Yay,Yay,Yay,Yay,Yay,Yay,Yay,Yay,Yay,Yay,Yay,Yay,Yay,Yay,Yay,Yay,Yay,Yay,Yay,Yay,Yay,Yay,Yay,Yay,Yay,Nay,Yay
"Carroll, Julian",Nay,Nay,Yay,Nay,Yay,Yay,Yay,Yay,Yay,Yay,Yay,Yay,Yay,Yay,Yay,Yay,Yay,Yay,Yay,Yay,Yay,Yay,Nay,Yay,Yay,Yay,Yay,Yay,Yay,Yay,Yay,Yay,Nay,Yay,Nay,Yay,Yay,Yay,Yay,Yay,Yay,Yay,Yay,Yay,Yay,Yay,Yay,Yay,Yay,Yay,Yay,Yay,Yay,Yay,Yay,Yay,Yay,Nay,Yay,Yay,Yay,Yay,Yay,Yay,Yay,Yay,Nay,Yay,Yay,Yay,Yay,Yay,Yay,Yay,Yay,Yay,Yay,Nay,Nay,Yay,Yay,Yay,Yay,Yay,Yay,Yay,Yay,Yay,Yay,Yay,Yay,Yay,Yay,Nay,Yay,Yay,Yay,Yay,Yay,Yay
Clark,Nay,Nay,Yay,Nay,Nay,Yay,Yay,Yay,Yay,Yay,Yay,Yay,Yay,Yay,Nay,Yay,Yay,Yay,Yay,Yay,Yay,Yay,Nay,Yay,Yay,,Yay,Yay,Yay,Yay,Yay,,Nay,Nay,Nay,Nay,Yay,Yay,Yay,Yay,Yay,Yay,Yay,Yay,Yay,Yay,Nay,Yay,Yay,Yay,Yay,Yay,Yay,Yay,Yay,Yay,Yay,Nay,Yay,Yay,Yay,Yay,Yay,Yay,Yay,Yay,Nay,Yay,Yay,Yay,Yay,Nay,Yay,Yay,Yay,Yay,Yay,Nay,Nay,Yay,Nay,Yay,Yay,Yay,Yay,Yay,Yay,Yay,Yay,Yay,Yay,Yay,Nay,Nay,Yay,Yay,Yay,Yay,Yay,Yay
Embry,Nay,Yay,Yay,Yay,Yay,Yay,Yay,Yay,Yay,Yay,Yay,Yay,Yay,Yay,Yay,Yay,Yay,Yay,Yay,Yay,Yay,Yay,Yay,Yay,Yay,Yay,Yay,Yay,Yay,Yay,Yay,Yay,Nay,Yay,Nay,Yay,Yay,Yay,Yay,Yay,Yay,Yay,Yay,Nay,Yay,Yay,Yay,Yay,Yay,Yay,Yay,Nay,Yay,Yay,Yay,Yay,Yay,Yay,Yay,Yay,Yay,Yay,Yay,Yay,Yay,Yay,Yay,Yay,Yay,Yay,Yay,Yay,Yay,Yay,Yay,Yay,Yay,Nay,Nay,Yay,Yay,Yay,Yay,Yay,Yay,Yay,Yay,Yay,Yay,Yay,Yay,Yay,Nay,Yay,Nay,Yay,Yay,Yay,Nay,Yay
Girdler,Yay,Yay,Yay,Yay,Yay,Yay,Yay,Yay,Yay,Yay,Yay,Yay,Yay,Yay,Yay,Yay,Yay,Yay,Yay,Yay,Yay,Yay,Yay,Yay,Yay,Yay,Yay,Yay,Yay,Yay,Yay,Yay,Yay,Yay,Yay,Yay,Yay,Yay,Yay,Yay,Yay,Yay,Yay,,Yay,Yay,Yay,Yay,Yay,Yay,Yay,Nay,Yay,Yay,Yay,Yay,Yay,Yay,Yay,Yay,Yay,Yay,Yay,Yay,Yay,Yay,Yay,Yay,Yay,Yay,Yay,Yay,Yay,Yay,Yay,Yay,Yay,Yay,Yay,Yay,Yay,Yay,Yay,Yay,Yay,Yay,Yay,Yay,Yay,Yay,Yay,Yay,Yay,Yay,Yay,Yay,Yay,Yay,Nay,Yay
Givens,Yay,Yay,Yay,Yay,Yay,Yay,Yay,Yay,Yay,Yay,Yay,Yay,Yay,Yay,Yay,Yay,Yay,Yay,Yay,Yay,Yay,Yay,Yay,Yay,Yay,Yay,Yay,Yay,Yay,Yay,Yay,Yay,Yay,Yay,Yay,Yay,Yay,Yay,Yay,Yay,Yay,Yay,Yay,Nay,Yay,Yay,Yay,Yay,Yay,Yay,Yay,Nay,Yay,Yay,Yay,Yay,Yay,Yay,Yay,Yay,Yay,Yay,Yay,Yay,Yay,Yay,Yay,Yay,Yay,Yay,Yay,Yay,Yay,Yay,Yay,Yay,Yay,Yay,Yay,Yay,Yay,Yay,Yay,Yay,Yay,Yay,Yay,Yay,Yay,Yay,Yay,Yay,Yay,Yay,Yay,Yay,Yay,Yay,Nay,Yay
Harper Angel,Nay,Nay,Yay,Nay,Nay,Yay,Yay,Yay,Yay,Yay,Yay,Yay,Yay,Yay,Nay,Yay,Yay,Yay,Yay,Yay,Yay,Yay,Nay,Yay,Yay,Yay,Yay,Yay,Yay,Yay,Yay,Yay,Nay,Nay,Nay,Nay,Yay,Yay,Yay,Yay,Yay,Yay,Yay,Yay,Yay,Yay,Nay,Yay,Yay,Yay,Yay,Yay,Yay,Nay,Yay,Yay,Yay,Yay,Yay,Yay,Yay,Yay,Yay,Yay,Yay,Yay,Nay,Yay,Yay,Yay,Yay,Nay,Yay,Yay,Yay,Yay,Yay,Nay,Nay,Yay,Nay,Yay,Yay,Yay,Yay,Yay,Yay,Yay,Yay,Yay,Yay,Yay,Nay,Nay,Yay,Yay,Yay,Yay,Yay,Yay
Harris,,Yay,Yay,,Yay,Yay,Yay,Yay,Yay,Yay,Yay,Yay,Yay,Yay,Yay,Yay,Yay,Yay,Yay,Yay,Yay,Yay,Yay,Yay,Yay,Yay,Yay,Yay,Yay,Yay,Yay,Yay,,,,Yay,Yay,Yay,Yay,Yay,Yay,Yay,Yay,Yay,Yay,Yay,Yay,Yay,Yay,Yay,Yay,Yay,Yay,Yay,Yay,Yay,Yay,Yay,Yay,Yay,Yay,Yay,Yay,Yay,Yay,Yay,Nay,Yay,Yay,Yay,Yay,Yay,Yay,Yay,Yay,Yay,Yay,Yay,Yay,Yay,Yay,Yay,Yay,Yay,Yay,Yay,Yay,Yay,Yay,Yay,Yay,Yay,Yay,Yay,Yay,Yay,Yay,Yay,Nay,Yay
Higdon,Yay,Yay,Nay,Yay,Yay,Yay,Yay,Yay,Yay,Yay,Yay,Yay,Yay,Yay,Yay,Yay,,Yay,Yay,Yay,Yay,Yay,Yay,Nay,Yay,Yay,Yay,Yay,Yay,Yay,Yay,Yay,Yay,Yay,Yay,Yay,Yay,Yay,Yay,Yay,Yay,Yay,Yay,Yay,Yay,Yay,Nay,Yay,Yay,Yay,Yay,Yay,Yay,Yay,Yay,Yay,Yay,Yay,Yay,Nay,Yay,Yay,Yay,Yay,Yay,Yay,Yay,Yay,Yay,Yay,Yay,Nay,Yay,Yay,Yay,Yay,Yay,Yay,Yay,Yay,Yay,Yay,Yay,Nay,Yay,Yay,Yay,Yay,Yay,Yay,Yay,Yay,Yay,Yay,Nay,Yay,Yay,Yay,Nay,Yay
Hornback,Yay,Yay,Yay,Yay,Yay,Yay,Yay,Yay,Yay,Yay,Yay,Yay,Yay,Yay,Yay,Yay,Yay,Yay,Yay,Yay,Yay,Yay,Yay,Yay,Yay,Yay,Yay,Yay,Yay,Yay,Pass,Yay,Yay,Yay,Yay,Yay,Yay,Yay,Yay,Yay,Yay,Yay,Yay,Yay,Yay,Yay,Nay,Yay,Yay,Yay,Yay,Yay,Yay,Yay,Yay,Yay,Yay,Yay,Yay,Yay,Yay,Yay,Yay,Yay,Yay,Yay,Yay,Yay,Yay,Yay,Yay,Yay,,Yay,Yay,Yay,Yay,,,Yay,Yay,Yay,Yay,Yay,Yay,Yay,Yay,Yay,Yay,Yay,Yay,Yay,Yay,Yay,Yay,Yay,Yay,Yay,Nay,Yay
Humphries,Yay,Yay,Yay,Yay,Yay,Yay,Yay,Yay,Yay,Yay,,Yay,Yay,Yay,Yay,Yay,Yay,Yay,Yay,Yay,Yay,Yay,Yay,Yay,Yay,Yay,Yay,Yay,Yay,Yay,Yay,Yay,Yay,Yay,Yay,Yay,Yay,Yay,Yay,Yay,Yay,Yay,Yay,Nay,Yay,Yay,Nay,Yay,Yay,Yay,Yay,Nay,Yay,Yay,Yay,Yay,Yay,Yay,Yay,Yay,Yay,Yay,Yay,Yay,Yay,Yay,Nay,Yay,Yay,Yay,Yay,Yay,Yay,Yay,Yay,Yay,Yay,Yay,Yay,Yay,Yay,Yay,Yay,Yay,Yay,Yay,Yay,Yay,Yay,Yay,Yay,Yay,Yay,Yay,Yay,Yay,Yay,Yay,Nay,Yay
Jones,Nay,Yay,Yay,Nay,Yay,Yay,Yay,Yay,Yay,Yay,Yay,Nay,Yay,Yay,Nay,Yay,Yay,Yay,Yay,Yay,Yay,Yay,Nay,Yay,Yay,Yay,Yay,Yay,Yay,Yay,Yay,Yay,Nay,Yay,Nay,Yay,Yay,Yay,Yay,Yay,Yay,Yay,Yay,Yay,Nay,Yay,Nay,Yay,Yay,Yay,Yay,Yay,Yay,Nay,Yay,Yay,Yay,Yay,Yay,Yay,Yay,Yay,Yay,Yay,Yay,Yay,Nay,Yay,Yay,Yay,Yay,Yay,Yay,Yay,Yay,Yay,Yay,Nay,Nay,Yay,Yay,Yay,Yay,Yay,Yay,Yay,Yay,Yay,Yay,Yay,Yay,Yay,Yay,Nay,Yay,Yay,Yay,Yay,Yay,Yay
Kerr,Yay,Yay,,Yay,Yay,Yay,Yay,,Yay,Yay,Yay,Yay,Yay,Yay,Yay,Yay,Yay,Yay,Yay,Yay,Yay,Yay,Yay,Yay,Yay,Yay,,,Yay,,,,Yay,Yay,Yay,Yay,Yay,Yay,Yay,Yay,Yay,Yay,Yay,Yay,Yay,Yay,Yay,Yay,Yay,Yay,Yay,Yay,Yay,Yay,,Yay,Yay,Yay,Yay,Yay,Yay,Yay,Yay,Yay,Yay,Yay,Yay,Yay,Yay,Yay,Yay,Yay,Yay,Yay,Yay,Yay,Yay,Yay,Yay,Yay,Yay,Yay,Yay,Yay,Yay,Yay,Yay,Yay,Yay,Yay,Yay,Yay,Yay,Yay,Yay,Yay,Yay,Yay,Nay,Yay
McDaniel,Yay,Yay,Yay,Yay,Yay,Yay,Yay,Yay,Yay,,Yay,Yay,Yay,Yay,Yay,Yay,Yay,Yay,Yay,Yay,Yay,Yay,Yay,Yay,Yay,Yay,Yay,Yay,Yay,Yay,Yay,Yay,Yay,Yay,Yay,Yay,Yay,Yay,Yay,Yay,Yay,Yay,Yay,Yay,Yay,Yay,Nay,Yay,Yay,Yay,Yay,Yay,Yay,Nay,Yay,Yay,Yay,Yay,Yay,Yay,Yay,Yay,Yay,Yay,Yay,Yay,Nay,Yay,Yay,Yay,Yay,Yay,Yay,Yay,Yay,Yay,Yay,Yay,Yay,Yay,Yay,Yay,Yay,Nay,Yay,Yay,Yay,Yay,Yay,Yay,Yay,Yay,Yay,Yay,Nay,Yay,Yay,Yay,Nay,Yay
McGarvey,Nay,Nay,Yay,Nay,Nay,Yay,Yay,Yay,Yay,Yay,Yay,Yay,Yay,Yay,Yay,Yay,Yay,Yay,Yay,Yay,Yay,Yay,Nay,Yay,Yay,Yay,Yay,Yay,Yay,Yay,Yay,Yay,Nay,Nay,Nay,Nay,Yay,Yay,Yay,Yay,Yay,Yay,Yay,Yay,Nay,Yay,Nay,Yay,Yay,Yay,Yay,Yay,Yay,Yay,Yay,Yay,Yay,Yay,Yay,Yay,Yay,Yay,Yay,Yay,Yay,Yay,Nay,Yay,Yay,Yay,Yay,Yay,Yay,Yay,Yay,Yay,Yay,Nay,Nay,Yay,Yay,Yay,Yay,Yay,Yay,Yay,Yay,Yay,Yay,Yay,Yay,Yay,Nay,Nay,Yay,Yay,Yay,Yay,Yay,Yay
Meredith,Yay,Yay,Yay,Yay,Yay,Yay,Yay,Yay,Yay,Yay,Yay,Yay,Yay,Yay,Yay,Yay,Yay,Yay,Yay,Yay,Yay,Yay,Yay,Yay,Yay,Yay,Yay,Yay,Yay,Yay,Yay,Yay,Yay,Yay,Yay,Yay,Yay,Yay,Yay,Yay,Yay,Yay,Yay,Yay,,Yay,Nay,Yay,Yay,Yay,Yay,Yay,Yay,,Yay,Yay,Yay,Yay,Yay,Yay,Yay,Yay,Yay,Yay,Yay,Yay,Yay,Yay,Yay,Yay,Yay,Yay,Yay,Yay,Yay,Yay,Yay,Yay,Yay,Yay,Yay,Yay,Yay,Yay,Yay,Yay,Yay,Yay,Yay,Yay,Yay,Yay,Yay,Yay,Yay,Yay,Yay,Yay,Nay,Yay
Neal,Nay,Nay,Yay,Nay,,Yay,Yay,Yay,Yay,Yay,,Yay,Yay,Yay,Nay,Yay,Yay,Yay,Yay,Yay,Yay,Yay,Nay,Yay,Yay,Yay,Yay,Yay,Yay,Yay,Yay,Yay,Nay,Nay,Nay,Nay,Yay,Yay,Yay,Yay,Yay,Yay,Yay,Yay,Nay,Yay,Nay,Yay,Yay,Yay,Yay,Yay,Yay,Nay,Yay,Yay,Yay,Yay,Yay,Yay,Yay,Yay,Yay,Yay,Yay,Yay,Nay,Yay,Yay,Yay,Yay,Yay,Yay,Yay,Yay,Yay,Yay,Nay,Nay,Yay,Yay,Yay,Yay,Yay,Yay,Yay,Yay,Yay,Yay,Yay,Yay,Yay,Nay,Nay,Yay,Yay,Yay,Yay,Yay,Yay
Parrett,Nay,Yay,Yay,Nay,Yay,Yay,,Yay,Yay,,,,Yay,Yay,Yay,Yay,,Yay,,Yay,,Yay,,Yay,Yay,Yay,Yay,Yay,Yay,Yay,Yay,Yay,Nay,Yay,Nay,Yay,Yay,Yay,Yay,Yay,Yay,Yay,Yay,Yay,Yay,Yay,Nay,Yay,Yay,Yay,Yay,Yay,Yay,Yay,Yay,Yay,Yay,Yay,Yay,Yay,Yay,Yay,Yay,Yay,Yay,Yay,Yay,Yay,Yay,Yay,Yay,Yay,Yay,Yay,Yay,Yay,Yay,Nay,Nay,Yay,Yay,Yay,Yay,Yay,Yay,Yay,Yay,Yay,Yay,Yay,Yay,Yay,Yay,Nay,Yay,Yay,Yay,Yay,Yay,Yay
Rague Adams,Yay,,Yay,Yay,Yay,Yay,Yay,Yay,Yay,Yay,Yay,Yay,Yay,Yay,Yay,Yay,Yay,Yay,Yay,,Yay,Yay,Yay,,,Yay,Yay,Yay,Yay,Yay,Yay,Yay,Yay,Yay,Yay,Yay,,Yay,Yay,Yay,Yay,Yay,Yay,Yay,Yay,Yay,Yay,Yay,Yay,Yay,Yay,Yay,Yay,Yay,Yay,Yay,Yay,Yay,Yay,,Yay,Yay,Yay,Yay,Yay,Yay,Yay,Yay,Yay,Yay,Yay,Yay,Yay,Yay,Yay,Yay,Yay,Yay,Yay,Yay,Yay,Yay,Yay,Yay,Yay,Yay,Yay,Yay,Yay,Yay,Yay,Yay,Yay,Yay,,Yay,Yay,Yay,Yay,Yay
Ridley,Nay,Yay,Yay,Nay,Yay,Yay,Yay,Yay,Yay,Yay,Yay,Yay,Yay,Yay,Yay,Yay,Yay,Yay,Yay,Yay,Yay,Yay,Nay,Yay,Yay,Yay,Yay,Yay,Yay,Yay,Yay,Yay,Nay,Yay,Nay,Yay,Yay,Yay,Yay,Yay,Nay,,Yay,Yay,Yay,Yay,Nay,,,Yay,Yay,Yay,Yay,,Yay,Yay,Yay,Yay,,Yay,Yay,Yay,,,Yay,Yay,Nay,Yay,Yay,Yay,Yay,Yay,Yay,Yay,Yay,Yay,Yay,Nay,Nay,Yay,Yay,Yay,Yay,Yay,Yay,Yay,Yay,Yay,Yay,Yay,Yay,Yay,Nay,Nay,Yay,Yay,Yay,Yay,Yay,Yay
Robinson,Yay,Yay,Yay,Yay,Yay,Yay,Yay,Yay,Yay,Yay,Yay,Yay,Yay,Yay,Yay,Yay,Yay,Yay,Yay,Yay,Yay,Yay,Yay,Yay,Yay,Yay,Yay,Yay,Yay,Yay,Yay,Yay,Yay,Yay,Yay,Yay,Yay,Yay,Yay,Yay,Yay,Yay,Yay,Nay,Yay,Yay,Yay,Yay,Yay,Yay,Yay,Nay,Yay,Yay,Yay,Yay,Yay,Yay,Yay,Yay,Yay,Yay,Yay,Yay,Yay,Yay,Yay,Yay,Yay,Yay,Yay,Yay,,Yay,Yay,Yay,Yay,Yay,Yay,Yay,Yay,Yay,Yay,Yay,Yay,Yay,Yay,Yay,Yay,Yay,Yay,Yay,Yay,Yay,Nay,Yay,Yay,Yay,Nay,Yay
Schickel,Yay,Yay,Yay,Yay,Yay,Yay,Yay,Yay,Yay,Nay,Yay,Yay,Nay,Yay,Yay,Yay,Yay,Yay,Yay,Yay,Yay,Yay,Yay,Yay,Yay,Yay,Yay,Yay,Yay,Yay,Yay,Yay,Yay,Yay,Yay,Yay,Yay,Yay,Yay,Yay,Yay,Yay,Yay,Yay,Yay,Yay,Nay,Yay,Yay,Yay,Yay,Yay,Yay,Yay,Yay,Yay,Yay,Yay,Yay,Yay,Yay,Yay,Yay,Yay,Yay,Yay,Nay,Yay,Yay,Yay,Yay,Yay,Yay,Yay,Yay,Yay,Yay,Yay,Yay,Yay,Yay,Yay,Yay,Nay,Yay,Yay,Yay,Yay,Yay,Yay,Yay,Yay,Yay,Yay,Nay,Yay,Yay,Yay,Nay,Yay
Schroder,Yay,Yay,Yay,Nay,Yay,Yay,Yay,Yay,Yay,Yay,Yay,Yay,Nay,Yay,Yay,Yay,Yay,Yay,Yay,Yay,Yay,Yay,Yay,Yay,Yay,Yay,Yay,Yay,Yay,Yay,Yay,Yay,Yay,Yay,Yay,Yay,Yay,Yay,Yay,Yay,Yay,Yay,Yay,Yay,Yay,Yay,Yay,Yay,Yay,Yay,Yay,Yay,Yay,Yay,Yay,Yay,Yay,Nay,Nay,Yay,Yay,Nay,Yay,Yay,Yay,Yay,Nay,Yay,Yay,Yay,Yay,Yay,Yay,Yay,Yay,Yay,Yay,Yay,Yay,Yay,Yay,Yay,Yay,Nay,Yay,Yay,Yay,Yay,Yay,Yay,Yay,Yay,Yay,Yay,Nay,Yay,Yay,Yay,Nay,Yay
Seum,Yay,Yay,Yay,Yay,Yay,Yay,Yay,Yay,Yay,Yay,Yay,Yay,Yay,Yay,Yay,Yay,Yay,Yay,Yay,Yay,Yay,Yay,Yay,Yay,Yay,Yay,Yay,Yay,Yay,Yay,Yay,Yay,Yay,Yay,Yay,Yay,Yay,Yay,Yay,Yay,Yay,Yay,Yay,Yay,Yay,Yay,Yay,Yay,Yay,Yay,Yay,Yay,Yay,Yay,Yay,Yay,Yay,Yay,Yay,Yay,Yay,Yay,Yay,Yay,Yay,Yay,Yay,Yay,Yay,Yay,Yay,Yay,Yay,Yay,Yay,Yay,Yay,Yay,Yay,Yay,Yay,Yay,Yay,,Yay,Yay,Yay,Yay,Yay,Yay,Yay,Yay,Yay,Yay,Nay,Yay,Yay,Yay,Nay,Yay
Smith,Yay,Yay,Yay,Yay,,Yay,,Yay,Yay,,Yay,Yay,Yay,Yay,Yay,Yay,Yay,Yay,,Yay,,Yay,,Yay,Yay,Yay,Yay,Yay,Yay,Yay,Yay,Yay,Yay,Yay,Yay,Yay,Yay,Nay,Yay,Yay,Yay,Yay,Yay,Nay,Yay,Nay,Yay,Yay,Yay,Yay,Yay,Nay,Yay,Yay,Yay,Yay,Yay,Yay,Yay,Yay,Yay,Yay,Yay,Yay,Yay,Yay,Yay,Yay,Yay,Yay,Yay,Yay,,Nay,Yay,Yay,Yay,,,Yay,Yay,Yay,Yay,Yay,Yay,Yay,Yay,Yay,Yay,Yay,Yay,Yay,,Yay,Nay,Yay,Yay,Yay,,Yay
Stivers,Yay,Yay,Yay,Yay,Yay,Yay,,Yay,Yay,Yay,Yay,,Yay,Yay,Yay,Yay,,Yay,,Yay,,Yay,,Yay,Yay,Yay,Yay,Yay,Yay,Yay,Yay,Yay,Yay,Yay,Yay,Yay,Yay,Yay,Yay,Yay,Yay,Yay,Yay,Yay,Yay,Yay,Yay,Yay,Yay,Yay,Yay,Yay,Yay,Yay,Yay,Yay,Yay,Yay,Yay,Yay,Yay,Yay,Yay,Yay,Yay,Yay,Yay,Yay,Yay,Yay,Yay,Yay,Yay,Yay,Yay,Yay,Yay,Yay,Yay,Yay,Yay,Yay,Yay,Yay,Yay,Yay,Yay,Yay,Yay,Pass,Yay,Yay,Yay,Yay,Yay,Yay,Yay,Yay,Nay,Yay
Thayer,Yay,Yay,Yay,Yay,Yay,Yay,Yay,Yay,Yay,Yay,Yay,Yay,Yay,Yay,Yay,Yay,Yay,Yay,Yay,Yay,Yay,Yay,Yay,Yay,Yay,Yay,Yay,Yay,Yay,Yay,Yay,Yay,Yay,Yay,Yay,Yay,Yay,Yay,Yay,Yay,Yay,Yay,Yay,Yay,Yay,Yay,Yay,Yay,Yay,Yay,Yay,Yay,Yay,Yay,Yay,Yay,Yay,Yay,Yay,Yay,Yay,Yay,Yay,Yay,Yay,Yay,Yay,Yay,Yay,Yay,Yay,Yay,Yay,Yay,Yay,Yay,Yay,Yay,Yay,Yay,Yay,Yay,Yay,Nay,Yay,Yay,Yay,Yay,Yay,Yay,Yay,Yay,Yay,Yay,Nay,Yay,Yay,Yay,Nay,Yay
Thomas,Nay,Nay,Yay,Nay,Yay,Yay,Yay,Yay,Yay,Yay,Yay,Yay,Yay,Yay,Yay,Yay,Yay,Yay,Yay,Yay,Yay,Yay,Nay,Yay,Yay,Yay,Yay,Yay,Yay,Yay,Yay,Yay,Nay,Nay,Nay,Nay,Yay,Yay,Yay,Yay,Yay,Yay,Yay,Yay,Yay,Yay,Nay,Yay,Yay,Yay,Yay,Yay,Yay,Yay,Yay,Yay,Yay,Yay,Yay,Yay,Yay,Yay,Yay,Yay,Yay,Yay,Yay,Yay,Yay,Yay,Yay,Yay,Yay,Yay,Yay,Yay,Yay,Nay,Nay,Yay,Yay,Yay,Yay,Yay,Yay,Yay,Yay,Yay,Yay,Yay,Yay,Yay,Yay,Nay,Yay,Yay,Yay,Yay,Yay,Yay
Turner,Nay,Yay,Yay,Nay,Yay,Yay,Yay,Yay,Yay,Yay,Yay,Yay,Yay,Yay,Nay,Yay,Yay,Yay,Yay,Yay,Yay,Yay,Yay,Yay,Yay,Yay,Yay,Yay,Yay,Yay,Yay,Yay,Nay,Yay,Nay,Yay,Yay,Yay,,,,Yay,Yay,,Nay,Yay,Yay,Yay,Yay,Yay,Yay,,Yay,Nay,Yay,,Yay,,Yay,,Yay,,Yay,Yay,Yay,,Nay,,,Yay,Yay,Yay,Yay,,,,Yay,Nay,Nay,,,Yay,Yay,,Yay,Yay,Yay,,,Yay,,,Yay,,Yay,,Yay,,Yay,Yay
Webb,,Yay,Yay,,,Yay,Yay,Yay,Yay,,Yay,Yay,Yay,Yay,Nay,Yay,Yay,Yay,Yay,Yay,Yay,Yay,Nay,Yay,Yay,Yay,Yay,Yay,Yay,Yay,Yay,Yay,Nay,Yay,Nay,Yay,Yay,Yay,Yay,Yay,Yay,Yay,Yay,Nay,Nay,Yay,Yay,Yay,Yay,Yay,Yay,,Yay,Nay,Yay,Yay,Yay,Nay,Yay,Nay,Yay,Yay,Yay,Yay,Yay,Yay,Nay,Yay,Yay,Yay,Yay,Yay,Yay,Yay,Yay,Yay,Yay,Nay,Nay,Yay,Yay,Yay,Yay,Nay,Yay,Yay,Yay,Yay,Yay,Yay,Yay,Yay,Nay,Yay,Nay,Yay,Yay,Yay,Yay,Yay
West,Yay,Yay,,Yay,Yay,Yay,Yay,Yay,Yay,Yay,Yay,Yay,Yay,Yay,Yay,Yay,Yay,Yay,Yay,Yay,Yay,Yay,Yay,Yay,Yay,Yay,Yay,Yay,Yay,Yay,Yay,Yay,Yay,Yay,Yay,Yay,Yay,Yay,Yay,Yay,Yay,Yay,Yay,Yay,Yay,Yay,Yay,Yay,Yay,Yay,Yay,Yay,Yay,Yay,Yay,Yay,Yay,Yay,Yay,Yay,Yay,Yay,Yay,Yay,Yay,Yay,Yay,Yay,Yay,Yay,Yay,Yay,Yay,Yay,Yay,Yay,Yay,Yay,Yay,Yay,Yay,Yay,Yay,Yay,Yay,Yay,Yay,Yay,Yay,Yay,Yay,Yay,Yay,Yay,Nay,Yay,Yay,Yay,Nay,Yay
Westerfield,Yay,Yay,Yay,Yay,,Yay,Yay,Yay,Yay,Yay,Yay,Yay,Yay,Yay,Yay,Yay,Yay,Yay,Yay,Yay,Yay,Yay,Yay,Yay,Yay,Yay,Yay,Yay,Yay,Yay,Yay,Yay,Yay,Yay,Yay,Yay,Yay,Yay,Yay,Yay,Yay,Yay,Yay,Yay,Yay,Yay,Nay,Yay,Yay,Yay,Yay,Yay,Yay,Yay,Yay,Yay,Yay,Yay,Yay,Yay,Yay,Yay,Yay,Yay,Yay,Yay,Yay,Yay,Yay,Yay,Yay,Yay,,Yay,Yay,Yay,Yay,,,Yay,Yay,Yay,Yay,Yay,Yay,Yay,Yay,Yay,Yay,Yay,Yay,Yay,,Yay,Yay,Yay,Yay,Yay,Yay,Yay
Wilson,Yay,Yay,Yay,Yay,Yay,Yay,Yay,Yay,Yay,Yay,Yay,Yay,Yay,Yay,Yay,Yay,Yay,Yay,Yay,Yay,Yay,Yay,Yay,Yay,Yay,Yay,Yay,Yay,Yay,Yay,Yay,Yay,Yay,Yay,Yay,Yay,Yay,Yay,Yay,Yay,Yay,Yay,Yay,Yay,Yay,Yay,Yay,Yay,Yay,Yay,Yay,Yay,Yay,,Yay,Yay,Yay,Yay,Yay,Yay,Yay,Yay,Yay,Yay,Yay,Yay,Yay,Yay,Yay,Yay,Yay,Yay,Yay,Yay,Yay,Yay,Yay,Yay,Yay,Yay,Yay,Yay,Yay,Yay,Yay,Yay,Yay,Yay,Yay,Yay,Yay,Yay,Yay,Yay,Yay,Yay,Yay,Yay,Nay,Yay
Wise,Yay,Yay,Yay,Yay,Yay,Yay,Yay,Yay,Yay,Yay,Yay,Yay,Yay,Yay,Yay,Yay,Yay,Yay,Yay,Yay,Yay,Yay,Yay,Yay,Yay,Yay,Yay,Yay,Yay,Yay,Yay,Yay,Yay,Yay,Yay,Yay,Yay,Yay,Yay,Yay,Yay,Yay,Yay,Yay,Yay,Yay,Yay,Yay,Yay,Yay,Yay,Yay,Yay,Yay,Yay,Yay,Yay,Yay,Yay,Yay,Yay,Yay,Yay,Yay,Yay,Yay,Yay,Yay,Yay,Yay,Yay,Yay,Yay,Yay,Yay,Yay,Yay,Yay,Yay,Yay,Yay,Yay,Yay,Yay,Yay,Yay,Yay,Yay,Yay,Yay,Yay,Yay,Yay,Yay,Yay,Yay,Yay,Yay,Nay,Yay
