Name,HB116,HB122,HB128,HB129,HB13,HB145,HB151,HB156,HB167,HB172,HB177,HB206,HB23,HB231,HB236,HB241,HB244,HB252,HB253,HB257,HB261,HB272,HB277,HB281,HB282,HB291,HB296,HB301,HB305,HB307,HB308,HB309,HB310,HB315,HB319,HB323,HB33,HB330,HB333,HB347,HB359,HB360,HB372,HB375,HB376,HB377,HB387,HB388,HB394,HB396,HB401,HB404,HB408,HB417,HB425,HB443,HB448,HB454,HB469,HB481,HB482,HB484,HB492,HB515,HB516,HB522,HB524,HB525,HB539,HB58,HB60,HB75,HB78,HB95,HB96
Adkins,Yay,Yay,Yay,Yay,Yay,Yay,Nay,Yay,Yay,Yay,Nay,Yay,Yay,Yay,Yay,Yay,Yay,Yay,Yay,Nay,Yay,Yay,Yay,Nay,Yay,Yay,Nay,Yay,Yay,Yay,Yay,Yay,Yay,Yay,Yay,Yay,Yay,Yay,Yay,Yay,Yay,NV,Yay,Yay,Nay,Yay,Yay,Yay,Nay,Yay,Yay,Nay,Yay,Yay,Yay,Yay,Yay,Nay,Yay,Yay,Yay,NV,Yay,Yay,Yay,Yay,Yay,Yay,Yay,Nay,Yay,Yay,Yay,Yay,Yay
Bechler,Yay,Nay,Yay,Yay,Yay,Yay,Yay,Nay,Yay,Yay,Yay,Yay,Yay,Yay,Yay,Yay,Yay,Nay,Yay,Yay,Yay,Yay,Yay,Yay,Yay,Yay,Yay,Yay,Yay,Yay,Yay,Yay,Yay,Yay,Yay,Yay,Yay,Yay,Nay,Yay,Yay,Yay,Yay,Yay,Yay,NV,Yay,Yay,Yay,Yay,Yay,Yay,Yay,Yay,Yay,Yay,Yay,Yay,Yay,Yay,Yay,Yay,Yay,Yay,Yay,Yay,Yay,Yay,Yay,Yay,Yay,Yay,Yay,Yay,Yay
Bentley,Yay,Yay,Yay,Yay,Yay,Yay,Yay,Yay,Yay,Yay,Yay,Yay,Yay,Yay,Yay,Yay,Yay,Yay,Yay,Yay,Yay,Yay,Yay,Yay,Yay,Yay,Yay,Yay,Yay,Yay,Yay,Yay,Yay,Yay,Yay,Yay,Yay,Yay,Yay,Yay,Yay,Yay,Yay,Yay,Yay,Yay,Yay,Yay,Yay,Yay,Yay,Yay,Yay,Yay,Yay,Yay,Yay,Yay,Yay,Yay,Yay,Yay,Yay,Yay,Yay,Yay,Yay,Yay,Yay,Yay,Yay,Yay,Yay,Yay,Yay
Benvenuti,Yay,Yay,Yay,Yay,Yay,Yay,Yay,Yay,Yay,Yay,Yay,Yay,Yay,Yay,Yay,Yay,Yay,Yay,Yay,Yay,Yay,Yay,Yay,Yay,Yay,Yay,Yay,Yay,Yay,Yay,Yay,Yay,Yay,Yay,NV,Yay,Yay,Yay,Yay,Yay,Yay,NV,Yay,Yay,Yay,Yay,Yay,Yay,Yay,NV,NV,Yay,NV,Yay,Yay,Yay,Yay,Yay,Yay,Yay,Yay,Yay,Yay,Yay,Yay,Yay,NV,Yay,Yay,Yay,Yay,Yay,Yay,NV,Yay
Blanton,Yay,Yay,Yay,Yay,Yay,Yay,Yay,Yay,Yay,Yay,Yay,Yay,Yay,Yay,Yay,Yay,Yay,Yay,Yay,Yay,Yay,Yay,Yay,Yay,Yay,Yay,Nay,Yay,Yay,Yay,Yay,Yay,Yay,Yay,Yay,Yay,Yay,Yay,Yay,Yay,Yay,Yay,Yay,Yay,Yay,Yay,Yay,Yay,Nay,Yay,Yay,Yay,Yay,Yay,Yay,Yay,Yay,Yay,Yay,Yay,Yay,Yay,Yay,Yay,Yay,Yay,Yay,Yay,Yay,Yay,Yay,Yay,Yay,Yay,Yay
Bratcher,Yay,NV,Yay,Yay,Yay,Yay,Yay,Yay,Yay,Yay,Yay,Yay,Yay,Yay,Yay,Yay,Yay,Yay,Yay,Yay,Yay,Yay,Yay,Yay,Yay,Yay,Yay,Yay,Yay,Yay,Yay,NV,Yay,Yay,Yay,Yay,Yay,Yay,Yay,Yay,Yay,Yay,Yay,Yay,Yay,Yay,Yay,Yay,Yay,Yay,Yay,Yay,Yay,Yay,Yay,Yay,Yay,Yay,Yay,Yay,Yay,Yay,Yay,Yay,Yay,Yay,Yay,Yay,Yay,Yay,Yay,Yay,Yay,Yay,Yay
Brown G,Yay,Yay,Nay,Yay,Yay,Yay,Nay,Yay,Yay,Yay,Nay,Yay,Yay,Yay,Yay,Yay,Yay,Yay,Yay,Nay,Yay,Yay,Nay,Nay,Yay,Yay,Nay,Yay,Yay,Yay,Yay,Nay,Yay,Nay,Nay,Yay,Yay,Nay,Yay,Yay,Yay,Yay,Yay,Yay,Nay,Nay,Yay,Yay,Nay,Yay,Yay,Nay,Yay,Yay,NV,Yay,Yay,Nay,Yay,Yay,Nay,Nay,Yay,Nay,Yay,Yay,Yay,Yay,Yay,Nay,Yay,Yay,Yay,Yay,Yay
Brown L,Yay,Yay,Yay,Yay,Yay,Yay,Yay,Yay,Yay,Yay,Yay,Yay,Yay,Yay,Yay,Yay,Yay,Yay,Yay,NV,Yay,Yay,Yay,Yay,Yay,Yay,Nay,Yay,Yay,Yay,Yay,Yay,Yay,Yay,Yay,Yay,Yay,Yay,Yay,Yay,Yay,Yay,Yay,Yay,Yay,Yay,Yay,Yay,Yay,Yay,Yay,Yay,Yay,Yay,Yay,Yay,Yay,Yay,Yay,Yay,Yay,Yay,Yay,Yay,Yay,Yay,Yay,Yay,Yay,Yay,Yay,Yay,Yay,Yay,Yay
Bunch,Yay,Yay,Yay,Yay,Yay,Yay,Yay,Yay,Yay,Yay,Yay,Yay,Yay,Yay,Yay,Yay,Yay,Yay,Yay,Nay,Yay,Yay,Yay,Yay,Yay,Yay,Yay,Yay,Yay,Yay,Yay,Yay,Yay,Yay,Yay,Yay,Yay,Yay,Yay,Yay,Yay,Yay,Yay,Yay,Yay,Yay,Yay,Yay,Yay,Yay,Yay,Yay,Yay,Yay,Yay,Yay,Yay,Yay,Yay,Yay,Yay,NV,Yay,Yay,Yay,Yay,Yay,Yay,Yay,Yay,Yay,Yay,Yay,Yay,Yay
Burch,Yay,Yay,Nay,NV,Yay,Yay,Nay,Yay,Yay,Yay,Yay,Yay,Yay,Yay,Yay,Yay,Yay,Yay,Yay,Nay,Yay,Yay,Yay,Nay,Yay,Yay,Nay,Yay,Yay,Yay,Yay,NV,Yay,Yay,NV,Yay,Yay,Nay,Yay,Yay,Yay,NV,Yay,NV,Yay,Nay,Yay,Yay,NV,NV,Yay,Nay,NV,Nay,Yay,Yay,Yay,Nay,Yay,Yay,Yay,NV,Yay,Yay,Yay,Yay,NV,Yay,Yay,Nay,Yay,Yay,Yay,Yay,Yay
Cantrell,Yay,Yay,Nay,Yay,Yay,Yay,Nay,Yay,Yay,Yay,Yay,Yay,Yay,Yay,Yay,Yay,Yay,Yay,Yay,Yay,Yay,Yay,Nay,Nay,Yay,Yay,Nay,Yay,Yay,Yay,Yay,Yay,Yay,Yay,Yay,Yay,Yay,Yay,Yay,Yay,Yay,Yay,Yay,Yay,Yay,Nay,Yay,Yay,Nay,Yay,Yay,Nay,Yay,Yay,Yay,Yay,Yay,Yay,Yay,Yay,Yay,Nay,Yay,Yay,Yay,Yay,Yay,Yay,Yay,Nay,Yay,Nay,Yay,Yay,Yay
Carney,Yay,Yay,Yay,Yay,Yay,Yay,Yay,NV,Yay,Yay,Yay,Yay,Yay,Yay,Yay,Yay,Yay,Yay,Yay,Yay,Yay,Yay,NV,Yay,Yay,Yay,Yay,NV,Yay,Yay,Yay,Yay,Yay,Yay,Yay,Yay,Yay,NV,Yay,Yay,Yay,Yay,NV,Yay,NV,Yay,NV,Yay,Yay,Yay,Yay,Yay,Yay,Yay,NV,Yay,Yay,Yay,NV,Yay,Yay,Yay,Yay,NV,Yay,Yay,Yay,Yay,Yay,Yay,Yay,Yay,NV,Yay,Yay
Castlen,Yay,Yay,Yay,Yay,Yay,Yay,Yay,Yay,Yay,Yay,Nay,Yay,Yay,Yay,Yay,Yay,Yay,Yay,Yay,Yay,Yay,Yay,Yay,Yay,Yay,Yay,Yay,Yay,Yay,Yay,Yay,Yay,Yay,Yay,Yay,Yay,Yay,Yay,Yay,Yay,Yay,Yay,Yay,Yay,Yay,Yay,Yay,Yay,Yay,Yay,Yay,Yay,Yay,Yay,Yay,Yay,Yay,Yay,Yay,Yay,Yay,Yay,Yay,Yay,Yay,Yay,Yay,Yay,Yay,Yay,Yay,Yay,Yay,Yay,Yay
Couch,Yay,Yay,Yay,NV,Yay,Yay,Yay,Yay,Yay,Yay,Yay,Yay,NV,Yay,NV,Yay,Yay,NV,Yay,Nay,Yay,NV,Yay,NV,NV,Yay,Nay,Yay,Yay,Yay,Yay,NV,Nay,NV,Yay,Yay,Yay,Yay,NV,NV,Yay,Yay,Yay,NV,Yay,Yay,Yay,Yay,NV,Yay,Yay,Yay,Yay,Yay,Yay,Yay,Yay,Yay,Yay,Yay,Yay,NV,Yay,Yay,Yay,Yay,Yay,Yay,Yay,Yay,NV,Yay,Yay,Yay,Yay
Coursey,NV,Yay,Yay,Yay,Yay,Yay,Nay,NV,Yay,Yay,Nay,Yay,Yay,Yay,Nay,Yay,Yay,Yay,Yay,Nay,Yay,Yay,NV,Nay,Yay,Yay,Nay,NV,Yay,Yay,Yay,Yay,Yay,Yay,Yay,Yay,Yay,NV,Yay,Yay,NV,Yay,NV,NV,NV,Yay,NV,Yay,Nay,Yay,Yay,Nay,Yay,Yay,Yay,Yay,Yay,Yay,Yay,Yay,Yay,NV,Yay,NV,Yay,Yay,Yay,Yay,Yay,Nay,Yay,Yay,NV,Yay,Yay
DeCesare,Yay,Yay,Yay,Yay,Yay,Yay,Yay,Yay,Yay,Yay,Yay,Yay,Yay,Yay,Yay,Yay,Yay,Yay,Yay,Yay,Yay,Yay,Yay,Yay,Yay,Yay,Yay,Yay,Yay,Yay,Yay,Yay,Yay,Yay,Yay,Yay,Yay,Yay,Yay,Yay,Yay,Yay,Yay,Yay,Yay,Yay,Yay,Yay,Yay,Yay,Yay,Yay,Yay,Yay,Yay,Yay,Yay,Yay,Yay,Yay,Yay,Yay,Yay,Yay,Yay,Yay,Yay,Yay,Yay,Yay,Yay,Yay,Yay,Yay,Yay
Donohue,Yay,Yay,Nay,Yay,Yay,Yay,Nay,Yay,Yay,Yay,Nay,Yay,Yay,Yay,Yay,Yay,Yay,Yay,Yay,Nay,Yay,Yay,Nay,Nay,Yay,Yay,Nay,Yay,Yay,Yay,Yay,Nay,Yay,Yay,Nay,Yay,Yay,Nay,Yay,Yay,Yay,Nay,Yay,Yay,Nay,Nay,Yay,Yay,Nay,Yay,Yay,Nay,Yay,Nay,Yay,Yay,Yay,Nay,Yay,Yay,Yay,Nay,Yay,Nay,Yay,Yay,Yay,Yay,Yay,Nay,Yay,Nay,Yay,Yay,Yay
Dossett,Yay,Yay,Yay,Yay,Yay,Yay,Yay,Yay,Yay,Yay,Yay,Yay,Yay,Yay,Yay,Yay,Yay,Nay,Yay,Yay,Yay,Yay,Yay,Yay,Yay,Yay,Yay,Yay,Yay,Yay,Yay,Yay,Yay,Yay,Yay,Yay,Yay,Yay,Yay,Yay,Yay,Yay,Yay,Yay,Yay,Yay,Yay,Yay,Yay,Yay,Yay,Yay,Yay,Yay,Yay,Yay,Yay,Yay,Yay,Yay,Yay,Yay,Yay,Yay,Yay,Yay,Yay,Yay,Yay,Yay,Yay,Yay,Yay,Yay,Yay
DuPlessis,Yay,Yay,Yay,Yay,Yay,Yay,Yay,Yay,Yay,Yay,Yay,Yay,Yay,Yay,Yay,Yay,Yay,Yay,Yay,Yay,Yay,Yay,Yay,Yay,Yay,Yay,Yay,Yay,Yay,Yay,Yay,Yay,Yay,Yay,Yay,Yay,Yay,Yay,Yay,Yay,Yay,Yay,Yay,Yay,Yay,Yay,Yay,Yay,NV,Yay,Yay,Yay,Yay,Yay,Yay,Yay,Yay,Yay,Yay,Yay,Yay,Yay,Yay,Yay,Yay,Yay,Yay,Yay,Yay,NV,Yay,Yay,Yay,Yay,Yay
Elliott,Yay,Yay,Yay,Yay,Yay,Yay,Yay,Yay,Yay,Yay,Yay,Yay,Yay,Yay,Yay,Yay,Yay,Yay,Yay,Yay,NV,Yay,Yay,Yay,Yay,Yay,Yay,Yay,Yay,Yay,NV,Yay,Yay,Yay,Yay,Yay,Yay,Yay,Yay,Yay,Yay,Yay,Yay,Yay,Yay,Yay,Yay,Yay,Yay,Yay,Yay,Yay,Yay,Yay,Yay,Yay,Yay,Yay,Yay,Yay,Yay,Yay,Yay,Yay,Yay,Yay,Yay,Yay,Yay,Yay,Yay,Yay,Yay,Yay,Yay
Fischer,Yay,Nay,Yay,Yay,Yay,Yay,Yay,Yay,Yay,Yay,Yay,Yay,Yay,Yay,Yay,Yay,Yay,Yay,Yay,Yay,Yay,Yay,Yay,Yay,Yay,Yay,Yay,Yay,Yay,Yay,Yay,Yay,Yay,Yay,NV,Yay,Yay,Yay,Yay,Yay,Yay,NV,Yay,Yay,Yay,NV,Yay,Yay,Yay,NV,Yay,Yay,NV,Yay,Yay,Yay,Yay,Yay,Yay,Yay,Yay,Yay,Yay,Yay,Yay,Yay,NV,Yay,Yay,Yay,Yay,Yay,Yay,Yay,Yay
Fleming,Yay,Yay,Yay,Yay,Yay,Yay,Yay,Yay,Yay,Yay,Yay,Yay,Yay,Yay,Yay,Yay,Yay,Yay,Yay,Yay,Yay,Yay,Yay,Yay,Yay,Yay,Yay,Yay,Yay,Yay,Yay,Yay,Yay,Yay,Yay,Yay,Yay,Yay,Yay,Yay,Yay,Yay,Yay,Yay,Yay,Yay,Yay,Yay,Yay,Yay,Yay,Yay,Yay,Yay,Yay,Yay,Yay,Yay,Yay,Yay,Yay,Yay,Yay,Yay,Yay,Yay,Yay,Yay,Yay,Yay,Yay,Yay,Yay,Yay,Yay
Flood,Yay,Yay,Nay,Yay,NV,Yay,Nay,Yay,NV,Yay,Yay,Yay,Yay,Yay,Yay,Yay,Yay,Yay,Yay,Nay,Yay,Yay,Nay,Nay,Yay,Yay,Nay,Yay,NV,Yay,Yay,Yay,Yay,Nay,NV,NV,Yay,Nay,Yay,Yay,Yay,NV,Yay,Yay,Yay,Yay,Yay,NV,Nay,NV,NV,Nay,NV,Yay,Nay,NV,NV,NV,NV,Yay,NV,Nay,Yay,Yay,NV,NV,NV,Yay,NV,Nay,Yay,Nay,Yay,NV,Yay
Fugate,Yay,Yay,Yay,NV,Yay,Yay,Yay,Yay,Yay,Yay,Yay,Yay,Yay,Yay,Yay,NV,Yay,Yay,Yay,NV,Yay,Yay,Yay,Yay,NV,Yay,NV,Yay,Yay,Yay,Yay,NV,Yay,Yay,Yay,Yay,Yay,Yay,Yay,Yay,Yay,Yay,Yay,NV,Yay,Yay,Yay,Yay,NV,Yay,Yay,Yay,Yay,Yay,Yay,Yay,Yay,Yay,Yay,Yay,Yay,NV,Yay,Yay,Yay,Yay,Yay,Yay,Yay,Yay,Yay,Yay,Yay,Yay,Yay
Gentry,Yay,Yay,Yay,Yay,Yay,Yay,Nay,Yay,Yay,Yay,Yay,Yay,Yay,Yay,Yay,Yay,Yay,Yay,Yay,Nay,Yay,Yay,Yay,Nay,Yay,Yay,Nay,Yay,Yay,Yay,Yay,Nay,Yay,Yay,Yay,Yay,Yay,Yay,Yay,Yay,Yay,Yay,Yay,Yay,Yay,Yay,Yay,Yay,Nay,Yay,Yay,Nay,Yay,NV,Yay,Yay,Yay,Yay,Yay,Yay,Yay,Yay,Yay,Yay,Yay,Yay,Yay,Yay,Yay,Nay,Yay,Yay,Yay,Yay,Yay
Gooch,Yay,Yay,Yay,Yay,Yay,Yay,Yay,Yay,Yay,Yay,Yay,Yay,Yay,Yay,Yay,Yay,Yay,Yay,Yay,Yay,NV,Yay,Yay,Yay,Yay,Yay,Yay,Yay,Yay,Yay,Yay,Yay,Yay,Yay,NV,Yay,Yay,Yay,Yay,Yay,Yay,NV,Yay,Yay,Yay,Yay,Yay,Yay,Yay,NV,Yay,Yay,NV,Yay,Yay,Yay,Yay,Yay,Yay,Yay,Yay,Yay,Yay,Yay,Yay,Yay,NV,Yay,Yay,NV,Yay,Yay,Yay,Yay,Yay
Graham,Yay,Yay,Nay,NV,Yay,NV,Nay,Yay,Yay,Yay,Yay,Yay,Yay,NV,Yay,Yay,Yay,Yay,Yay,Nay,Yay,Yay,Nay,Nay,Yay,Yay,Nay,Yay,Yay,Yay,Yay,NV,Yay,Yay,Yay,Yay,Yay,Yay,Yay,Yay,Yay,Yay,Yay,NV,Yay,Nay,Yay,Yay,NV,NV,Yay,Nay,Yay,Nay,NV,Yay,Yay,Nay,Yay,Yay,Yay,NV,Yay,Yay,Yay,Yay,Yay,Yay,Yay,Nay,Yay,Nay,Yay,Yay,NV
Greer,Yay,Yay,Yay,Yay,Yay,Yay,Nay,Yay,Yay,Yay,Yay,Yay,Yay,Yay,Yay,Yay,Yay,Yay,Yay,Nay,Yay,Yay,Yay,NV,Yay,Yay,Nay,Yay,NV,Yay,Yay,Yay,Yay,Yay,NV,Yay,Yay,Yay,Yay,Yay,Yay,NV,Yay,NV,Yay,Yay,Yay,Yay,Nay,NV,NV,Nay,NV,Yay,Yay,NV,NV,NV,Yay,Yay,NV,NV,Yay,Yay,NV,Yay,NV,Yay,NV,Nay,Yay,Yay,Yay,NV,Yay
Hale,Yay,Yay,Yay,Yay,Yay,Yay,Yay,Yay,Yay,Yay,Nay,Yay,Yay,Yay,Yay,Yay,Yay,Yay,Yay,Yay,Yay,Yay,Yay,Yay,Yay,Yay,Yay,Yay,Yay,Yay,Yay,Yay,Yay,Yay,NV,Yay,Yay,Yay,Yay,Yay,Yay,NV,Yay,Yay,Yay,Yay,Yay,Yay,Yay,NV,Yay,Yay,NV,Yay,Yay,Yay,Yay,Yay,Yay,Yay,Yay,Yay,Yay,Yay,Yay,Yay,NV,Yay,Yay,Nay,Yay,Yay,Yay,Yay,Yay
Harris,Yay,Yay,Yay,Yay,Yay,Yay,Nay,Yay,Yay,Yay,Nay,Yay,Yay,Yay,Yay,Yay,Yay,Yay,Yay,Nay,Yay,Yay,Yay,Nay,Yay,Yay,Nay,Yay,Yay,Yay,Yay,Yay,Yay,Yay,Yay,Yay,Yay,Yay,Yay,Yay,Yay,Nay,Yay,Yay,NV,Yay,Yay,Yay,Nay,Yay,Yay,Nay,Yay,Yay,Yay,Yay,Yay,Nay,Yay,Yay,Yay,Yay,Yay,Nay,Yay,Yay,Yay,Yay,Yay,Nay,Yay,Nay,Yay,Yay,Yay
Hart,Yay,Yay,Yay,Yay,Yay,Yay,Yay,Yay,Yay,Yay,Yay,Yay,Yay,Yay,Yay,Yay,Yay,Yay,Yay,Yay,Yay,Yay,Yay,Yay,Yay,Yay,Yay,Yay,Yay,Yay,NV,Yay,Yay,Yay,Yay,Yay,Yay,Yay,Yay,Yay,Yay,Yay,Yay,Yay,Yay,Yay,Yay,Yay,Yay,Yay,Yay,Yay,Yay,Yay,Yay,Yay,Yay,Yay,Yay,Yay,Yay,Yay,Yay,Yay,Yay,Yay,Yay,Yay,Yay,Yay,Yay,Yay,Yay,Yay,Yay
Hatton,Yay,Yay,Yay,Yay,Yay,Yay,Nay,Yay,Yay,Yay,Yay,Yay,Yay,Yay,Yay,Yay,Yay,Yay,Yay,Nay,Yay,Yay,Yay,Nay,Yay,Yay,Nay,Yay,Yay,Yay,Yay,Yay,Yay,Yay,Yay,Yay,Yay,Yay,Yay,Yay,Yay,Yay,Yay,Yay,Yay,Nay,NV,Yay,Nay,Yay,Yay,Nay,Yay,Yay,NV,NV,Yay,Yay,Yay,Yay,Yay,NV,Yay,Nay,NV,Yay,NV,Yay,Yay,Yay,Yay,Yay,Yay,Yay,Yay
Heath,Yay,Yay,Yay,Yay,Yay,Yay,Yay,Yay,Yay,Yay,Yay,Yay,Yay,Yay,Yay,Yay,Yay,Yay,Yay,Yay,Yay,Yay,Yay,Yay,Yay,Yay,Yay,Yay,Yay,Yay,Yay,Yay,Yay,Yay,Yay,Yay,Yay,Yay,Yay,Yay,Yay,Yay,Yay,Yay,Yay,Yay,Yay,Yay,Yay,Yay,Yay,Yay,Yay,Yay,Yay,Yay,Yay,Yay,Yay,Yay,Yay,Yay,Yay,Yay,Yay,Yay,Yay,Yay,Yay,Yay,Yay,Yay,Yay,Yay,Yay
Herald,Yay,Yay,Yay,NV,Yay,Yay,Yay,NA,NV,Yay,Yay,NV,Yay,Yay,Yay,Yay,Yay,Yay,Yay,Yay,Yay,Yay,NV,Yay,Yay,Yay,Yay,NV,Yay,Yay,NV,NV,Yay,Yay,NV,NV,Yay,NV,Yay,Yay,NV,NV,NV,NV,NV,Yay,NV,NV,NV,NV,Yay,Yay,NV,NV,NV,Yay,Yay,Yay,NV,Yay,Yay,NV,NV,NV,Yay,NV,NV,NV,Yay,NV,Yay,Yay,NV,Yay,Yay
Hoover,Yay,Yay,Yay,Yay,Yay,Yay,Yay,Yay,Yay,Yay,Yay,Yay,Yay,Yay,Yay,Yay,Yay,Yay,Yay,Yay,Yay,Yay,Yay,Yay,Yay,Yay,Yay,Yay,Yay,Yay,Yay,NV,Yay,Yay,Yay,Yay,Yay,Yay,Yay,Yay,Yay,Yay,Yay,Yay,Yay,Yay,Yay,Yay,Yay,Yay,Yay,Yay,Yay,Yay,Yay,Yay,Yay,Yay,Yay,Yay,Yay,Yay,Yay,Yay,Yay,Yay,Yay,Yay,Yay,Nay,Yay,Yay,Yay,Yay,Yay
Horlander,NV,NV,Yay,Yay,Yay,Yay,Nay,Yay,Yay,Yay,NV,Yay,Yay,Yay,Yay,Yay,NV,Yay,Yay,Yay,Yay,Yay,NV,Nay,Yay,Yay,Nay,Yay,Yay,Yay,Yay,NV,Yay,Yay,NV,Yay,Yay,Yay,Yay,Yay,Yay,NV,Yay,Yay,NV,NV,Yay,Yay,Nay,NV,Yay,Nay,NV,Yay,Yay,Yay,Yay,Nay,Yay,Yay,Yay,Nay,Yay,Yay,Yay,Yay,NV,Yay,Yay,Nay,Yay,NV,Yay,Yay,NV
Imes,Yay,Yay,Yay,Yay,Yay,Yay,Yay,Yay,Yay,Yay,Yay,NV,Yay,Yay,Nay,Yay,Yay,Yay,Yay,Yay,Yay,Yay,Yay,Yay,Yay,Yay,Yay,Yay,Yay,Yay,Yay,Yay,Yay,Yay,Yay,Yay,Yay,Yay,Yay,Yay,Yay,Yay,Yay,Yay,Yay,Yay,Yay,Yay,Yay,Yay,Yay,Yay,NV,Yay,NV,Yay,Yay,Yay,Yay,Yay,Yay,Yay,Yay,Yay,Yay,Yay,Yay,Yay,Yay,Yay,Yay,Yay,Yay,Yay,Yay
Jenkins,Yay,Yay,Nay,NV,NV,Yay,Nay,NV,Yay,Yay,Yay,Yay,Yay,Yay,Yay,Yay,Yay,Yay,Yay,Nay,Yay,Yay,Nay,Nay,Yay,Yay,Nay,Yay,Yay,Yay,Yay,NV,Yay,Yay,Yay,Yay,Yay,Yay,Yay,Yay,Yay,Nay,Yay,NV,Yay,Nay,Yay,Yay,NV,Yay,Yay,Nay,Yay,Nay,Yay,Yay,Yay,Nay,Yay,Yay,Yay,NV,Yay,Nay,Yay,Yay,Yay,Yay,Yay,Nay,Yay,Yay,Yay,Yay,Yay
Johnson D,Yay,Yay,Yay,Yay,Yay,Yay,Yay,Yay,Yay,Yay,Yay,Yay,Yay,Yay,Yay,Yay,Yay,Yay,Yay,Yay,Yay,Yay,Yay,Yay,Yay,Yay,Yay,Yay,Yay,Yay,Yay,Yay,Yay,Yay,Yay,Yay,Yay,Yay,Yay,Yay,Yay,Yay,Yay,Yay,Yay,Yay,Yay,Yay,Yay,Yay,Yay,Yay,Yay,Yay,Yay,Yay,Yay,Yay,Yay,Yay,Yay,Yay,Yay,Yay,Yay,Yay,Yay,Yay,Yay,Yay,Yay,Yay,Yay,Yay,Yay
Johnson DJ,Yay,Yay,Yay,Yay,Yay,Yay,Yay,Yay,Yay,Yay,Yay,Yay,Yay,Yay,Yay,Yay,Yay,Yay,Yay,Yay,Yay,Yay,Yay,Yay,Yay,Yay,Yay,Yay,Yay,Yay,Yay,Yay,Yay,Yay,Yay,Yay,Yay,Yay,Yay,Yay,Yay,Yay,Yay,Yay,Yay,Yay,Yay,Yay,Yay,Yay,Yay,Yay,Yay,Yay,Yay,Yay,Yay,Yay,Yay,Yay,Yay,Yay,Yay,Yay,Yay,Yay,Yay,Yay,Yay,Yay,Yay,Yay,Yay,Yay,Yay
Kay,Yay,Yay,NV,Yay,NV,Yay,Nay,Yay,Yay,Yay,Nay,Yay,Yay,NV,Yay,Yay,Yay,Yay,Yay,Nay,Yay,Yay,NV,Nay,Yay,Yay,Nay,Yay,Yay,Yay,NA,Yay,Yay,Yay,NV,Yay,Yay,Nay,Yay,Yay,Yay,NV,NV,Yay,NV,Nay,Yay,Yay,Nay,NV,Yay,Nay,NV,NV,Nay,Nay,Yay,Nay,Yay,Yay,Yay,Nay,Yay,NV,Yay,Yay,NV,Yay,Yay,Yay,Yay,Yay,Yay,Yay,NV
Keene,Yay,Yay,NV,NV,NV,Yay,Nay,Yay,Yay,Yay,Nay,Yay,Yay,Yay,Yay,Yay,Yay,Yay,Yay,Nay,Yay,Yay,NV,Nay,Yay,Yay,Nay,Yay,Yay,Yay,NV,Yay,Yay,Yay,Yay,Yay,Yay,Nay,Yay,Yay,Yay,Yay,Yay,Yay,Nay,Yay,Yay,Yay,Nay,Yay,Yay,Nay,Yay,NA,Nay,NV,Yay,Nay,Yay,Yay,Yay,Nay,Yay,Yay,Yay,Yay,Yay,Yay,Yay,Nay,Yay,Yay,Yay,Yay,Yay
King,Yay,Yay,Yay,Yay,Yay,Yay,Yay,Yay,Yay,Yay,Yay,Yay,Yay,Yay,Yay,Yay,Yay,Yay,Yay,Yay,Yay,Yay,Yay,Yay,Yay,Yay,Yay,Yay,Yay,Yay,Yay,Yay,Yay,Yay,Yay,Yay,Yay,Yay,Yay,Yay,Yay,Yay,Yay,Yay,Yay,Yay,Yay,Yay,Yay,Yay,Yay,Yay,Yay,Yay,Yay,Yay,Yay,Yay,Yay,Yay,Yay,Yay,Yay,Yay,Yay,Yay,Yay,Yay,Yay,Yay,Yay,Yay,Yay,Yay,Yay
Koenig,Yay,Yay,Yay,Yay,Yay,Yay,Yay,Yay,Yay,Yay,Yay,Yay,Yay,Yay,Yay,Yay,Yay,Yay,Yay,Yay,Yay,Yay,Yay,Yay,Yay,Yay,Yay,Yay,Yay,Yay,Yay,Yay,Yay,Yay,Yay,Yay,Yay,Yay,Yay,Yay,Yay,Yay,Yay,Yay,Yay,Yay,Yay,Yay,Yay,Yay,Yay,Yay,Yay,Yay,Yay,NV,Yay,Yay,Yay,Yay,Yay,Yay,Yay,Yay,Yay,Yay,Yay,Yay,Yay,Nay,Yay,Yay,Yay,Yay,Yay
Lee,Yay,Nay,Yay,Yay,Yay,Yay,Yay,Yay,Yay,Yay,Yay,Yay,Yay,Yay,Yay,Yay,Yay,Yay,Yay,NV,Yay,Yay,Yay,Yay,Yay,Yay,Yay,Yay,Yay,Yay,Yay,Yay,Nay,Yay,Yay,Yay,Yay,Yay,Yay,Yay,Yay,Yay,Yay,Yay,Yay,Yay,Yay,Yay,Yay,Yay,Yay,Yay,Yay,Yay,Yay,Yay,Yay,Yay,Yay,Yay,Yay,Yay,Yay,Yay,Yay,Yay,Yay,Yay,Nay,Yay,Yay,Yay,Yay,Yay,Yay
Linder,Yay,Yay,Yay,Yay,NV,Yay,Yay,Yay,Yay,Yay,Yay,Yay,Yay,Yay,Yay,Yay,Yay,NV,Yay,Yay,Yay,Yay,Yay,Yay,Yay,Yay,Yay,Yay,Yay,Yay,Yay,Yay,Yay,Yay,Yay,Yay,Yay,Yay,Yay,Yay,Yay,Yay,Yay,Yay,Yay,Yay,Yay,Yay,Yay,Yay,Yay,Yay,Yay,Yay,Yay,Yay,Yay,Yay,Yay,Yay,Yay,Yay,Yay,Yay,Yay,Yay,Yay,Yay,Yay,Yay,Yay,Yay,Yay,Yay,Yay
Marzian,Yay,Yay,Nay,NV,NV,Yay,Nay,NV,NV,Yay,Nay,Yay,NV,Yay,NV,Yay,Yay,NV,Yay,Nay,NV,NV,Nay,NV,Yay,Yay,Nay,Yay,Yay,Yay,NV,NV,Yay,NV,NV,NV,Yay,Nay,Yay,NV,NV,NV,Yay,NV,Nay,Nay,Yay,NV,NV,NV,Yay,Nay,NV,NV,NV,Yay,Yay,Nay,NV,Yay,Yay,NV,Yay,Nay,Yay,NV,NV,Yay,Yay,Nay,NV,Nay,Yay,Yay,Yay
Mayfield,Yay,Yay,Yay,Yay,Yay,Yay,Yay,Yay,Yay,Yay,Yay,Yay,Yay,Yay,Yay,Yay,Yay,Yay,Yay,Yay,Yay,Yay,Yay,Yay,Yay,Yay,Yay,Yay,Yay,Yay,Yay,Yay,Yay,Yay,Yay,Yay,Yay,Yay,Yay,Yay,Yay,Yay,Yay,Yay,Yay,Yay,Yay,Yay,Yay,Yay,Yay,Yay,Yay,Yay,Yay,Yay,Yay,Yay,Yay,Yay,Yay,Yay,Yay,Yay,Yay,Yay,Yay,Yay,Yay,Yay,Yay,Yay,Yay,Yay,Yay
McCoy,Yay,Nay,Yay,Yay,Yay,Yay,Yay,Yay,Yay,Yay,Yay,Yay,Yay,Yay,Yay,Yay,Yay,Yay,Yay,Yay,Yay,Yay,Yay,Yay,Yay,Yay,Nay,Yay,Yay,Yay,Yay,Yay,Yay,Yay,Yay,Yay,Yay,Yay,Yay,Yay,Yay,Yay,Yay,Yay,Yay,Yay,Yay,Yay,Yay,Yay,Yay,Yay,Yay,Yay,Yay,Yay,Yay,Yay,Yay,Yay,Yay,Yay,Yay,Yay,Yay,Yay,Yay,Yay,Yay,Yay,Yay,Yay,Yay,Yay,Yay
Meade,Yay,Yay,Yay,Yay,Yay,Yay,Yay,Yay,Yay,Yay,Yay,Yay,Yay,Yay,Yay,Yay,Yay,Yay,Yay,Yay,Yay,Yay,Yay,Yay,Yay,Yay,Yay,Yay,Yay,Yay,Yay,Yay,Yay,Yay,Yay,Yay,Yay,Yay,Yay,Yay,Yay,Yay,Yay,Yay,Yay,Yay,Yay,Yay,Yay,Yay,Yay,Yay,Yay,Yay,Yay,Yay,Yay,Yay,Yay,Yay,Yay,Yay,Yay,Yay,Yay,Yay,Yay,Yay,Yay,Yay,Yay,Yay,Yay,Yay,Yay
Meeks,Yay,Yay,Nay,NV,NV,Yay,Nay,Yay,Yay,Yay,Nay,Yay,Yay,Yay,Yay,NV,Yay,Yay,Yay,NV,Yay,Yay,Nay,Nay,NV,Yay,Nay,Yay,NV,Yay,NV,NV,Yay,NV,Yay,Yay,Yay,Nay,Yay,Yay,Yay,Nay,Yay,NV,NV,Nay,NV,Yay,NV,Yay,Yay,NV,Yay,NV,Yay,Yay,Yay,Nay,Yay,Yay,Yay,NV,Yay,NV,Yay,Yay,Yay,Yay,Yay,Nay,Yay,Nay,Yay,Yay,Yay
Meredith,Yay,Yay,Yay,Yay,Yay,Yay,Yay,Yay,Yay,Yay,Yay,Yay,Yay,Yay,Yay,Yay,Yay,Yay,Yay,Yay,Yay,Yay,Yay,Yay,Yay,Yay,Yay,Yay,Yay,Yay,Yay,Yay,Yay,Yay,Yay,Yay,Yay,Yay,Yay,Yay,Yay,Yay,Yay,Yay,Yay,Yay,Yay,Yay,Yay,Yay,Yay,Yay,Yay,Yay,Yay,Yay,Yay,Yay,Yay,Yay,Yay,Yay,Yay,Yay,Yay,Yay,Yay,Yay,Yay,Nay,Yay,Yay,Yay,Yay,Yay
Meyer,Yay,Yay,Yay,Yay,Yay,Yay,Nay,Yay,Yay,Yay,Nay,Yay,Yay,Yay,Yay,Yay,Yay,Yay,Yay,Nay,Yay,Yay,NV,Nay,Yay,Yay,Nay,Yay,Yay,Yay,NA,Yay,Yay,Yay,Yay,Yay,Yay,Yay,Yay,Yay,Yay,Yay,Yay,NV,NV,NV,Yay,Yay,Nay,NV,Yay,Nay,Yay,NV,Yay,Yay,Yay,NV,Yay,Yay,Yay,Nay,Yay,NV,Yay,Yay,Yay,Yay,Yay,NV,Yay,Yay,Yay,Yay,NV
Miles,Yay,Yay,Yay,Yay,Yay,Yay,Yay,Yay,Yay,Yay,Yay,Yay,Yay,Yay,Yay,Yay,Yay,Yay,Yay,Yay,Yay,Yay,Yay,Yay,Yay,Yay,Yay,Yay,Yay,Yay,Yay,NV,Yay,Yay,Yay,Yay,Yay,Yay,Yay,Yay,Yay,Yay,Yay,Yay,Yay,Yay,Yay,Yay,NV,Yay,Yay,Yay,Yay,Yay,Yay,Yay,Yay,Yay,Yay,NV,Yay,Yay,Yay,Yay,Yay,Yay,Yay,Yay,Yay,Yay,Yay,Yay,Yay,Yay,Yay
Miller C,NV,Yay,Yay,Yay,Yay,Yay,Nay,NV,Yay,Yay,Nay,Yay,Yay,Yay,Yay,Yay,Yay,Yay,Yay,Nay,Yay,Yay,NV,Nay,Yay,Yay,Nay,NV,Yay,Yay,NV,Yay,Yay,Yay,Yay,Yay,Yay,NV,Yay,Yay,NV,Yay,NV,Yay,NV,Yay,NV,Yay,Nay,NV,Yay,Nay,Yay,NA,Yay,Yay,Yay,Nay,Yay,Yay,Yay,Nay,Yay,NV,Yay,Yay,Yay,Yay,Yay,Nay,Yay,Yay,NV,Yay,Yay
Miller J,Yay,Yay,NV,Yay,Yay,Yay,Yay,Yay,Yay,Yay,Yay,Yay,Yay,Yay,Yay,Yay,Yay,Yay,Yay,Yay,Yay,Yay,Yay,Yay,Yay,Yay,Yay,Yay,Yay,Yay,Yay,NV,Yay,Yay,Yay,Yay,Yay,Yay,Yay,Yay,Yay,Yay,Yay,Yay,Yay,Yay,Yay,Yay,Yay,Yay,Yay,Yay,Yay,Yay,Yay,Yay,Yay,Yay,Yay,Yay,Yay,Yay,Yay,Yay,Yay,Yay,Yay,Yay,Yay,Yay,Yay,Yay,Yay,Yay,Yay
Mills,Yay,Yay,Yay,Yay,Yay,Yay,Yay,Yay,Yay,Yay,Yay,Yay,Yay,Yay,Yay,Yay,Yay,Yay,Yay,Yay,Yay,Yay,Yay,Yay,Yay,Yay,Yay,Yay,Yay,Yay,Yay,Yay,Yay,Yay,Yay,Yay,Yay,Yay,Yay,Yay,Yay,Yay,Yay,Yay,Yay,Yay,Yay,Yay,Yay,Yay,Yay,Yay,Yay,Yay,Yay,Yay,Yay,Yay,Yay,Yay,Yay,Yay,Yay,Yay,Yay,Yay,Yay,Yay,Yay,Yay,Yay,Yay,Yay,Yay,Yay
Moffett,Yay,Nay,Yay,Yay,Yay,Yay,NV,Yay,Yay,Yay,Nay,Yay,Yay,Yay,Yay,Yay,Yay,Yay,Yay,Yay,Yay,Yay,Yay,Yay,Yay,Yay,Yay,Yay,Yay,Yay,Yay,Nay,Yay,Yay,Yay,Yay,Yay,Yay,Yay,Yay,Yay,Yay,Yay,Yay,Yay,Yay,Yay,NV,Yay,Yay,Yay,Yay,Yay,Yay,Nay,Yay,Yay,Yay,Yay,Yay,Yay,Yay,Yay,Yay,Yay,Yay,Yay,Yay,Yay,Yay,Yay,Yay,Yay,Yay,Yay
Moore,Yay,Yay,Yay,Yay,Yay,Yay,Yay,Yay,Yay,Yay,Yay,Yay,Yay,Yay,Yay,Yay,Yay,Yay,Yay,Yay,Yay,Yay,Yay,Yay,Yay,Yay,Yay,Yay,Yay,Yay,Yay,Yay,Yay,Yay,Yay,Yay,Yay,Yay,Yay,Yay,Yay,Yay,Yay,Yay,Yay,Yay,Yay,Yay,Yay,Yay,Yay,Yay,Yay,Yay,Yay,Yay,Yay,Yay,Yay,Yay,Yay,Yay,Yay,Yay,Yay,Yay,Yay,Yay,Yay,Yay,Yay,Yay,Yay,Yay,Yay
Morgan,Yay,Yay,Yay,Yay,Yay,Yay,Yay,Yay,NV,Yay,Yay,Yay,Yay,Yay,Yay,Yay,Yay,Yay,Yay,Yay,Yay,Yay,Yay,Yay,Yay,Yay,Yay,Yay,Yay,Yay,Yay,NV,Yay,Yay,Yay,Yay,Yay,Yay,Yay,Yay,Yay,Yay,Yay,Yay,Yay,Yay,NV,Yay,Yay,Yay,Yay,Yay,Yay,Yay,Yay,Yay,Yay,Yay,Yay,Yay,Yay,Yay,Yay,Yay,Yay,Yay,Yay,Yay,Yay,Yay,Yay,Yay,Yay,Yay,Yay
Moser,Yay,Yay,Yay,Yay,Yay,Yay,Yay,Yay,Yay,Yay,Yay,Yay,Yay,Yay,Yay,Yay,Yay,Yay,Yay,NV,Yay,Yay,Yay,Yay,Yay,Yay,Yay,Yay,Yay,Yay,Yay,Yay,Yay,Yay,Yay,Yay,Yay,Yay,Yay,Yay,Yay,Yay,Yay,Yay,Yay,Yay,Yay,Yay,Yay,Yay,Yay,Yay,Yay,Yay,Yay,Yay,Yay,Yay,Yay,Yay,Yay,Yay,Yay,Yay,Yay,Yay,Yay,Yay,Yay,Yay,Yay,Yay,Yay,Yay,NV
Nelson,Yay,Yay,Yay,Yay,Yay,Yay,Nay,Yay,Yay,Yay,Nay,Yay,Yay,Yay,Yay,Yay,Yay,Yay,Yay,Nay,Yay,Yay,NV,Nay,Yay,Yay,Nay,Yay,Yay,Yay,Yay,Nay,Yay,Yay,Yay,Yay,Yay,Nay,Yay,Yay,Yay,Yay,Yay,Yay,Yay,Yay,Yay,Yay,Nay,Yay,Yay,Nay,Yay,Yay,NV,Yay,Yay,Yay,Yay,Yay,Yay,Yay,Yay,Yay,Yay,Yay,Yay,Yay,Yay,NV,Yay,Yay,Yay,Yay,Yay
Nemes,Yay,Nay,Yay,Yay,Yay,Yay,Yay,Yay,Yay,Yay,Yay,Yay,Yay,Yay,Yay,Yay,Yay,Yay,Yay,Yay,Yay,Yay,Yay,Yay,Yay,Yay,Yay,Yay,Yay,Yay,Yay,Yay,Yay,Yay,Yay,Yay,Yay,Yay,Yay,Yay,Yay,Yay,Yay,Yay,Yay,Yay,Yay,Yay,Yay,Yay,Yay,Yay,Yay,Yay,Yay,Yay,Yay,Yay,Yay,Yay,Yay,Yay,Yay,Yay,Yay,Yay,Yay,Yay,Yay,Yay,Yay,Yay,Yay,Yay,Yay
Osborne,Yay,Yay,Yay,Yay,Yay,Yay,Yay,Yay,Yay,Yay,Yay,Yay,Yay,Yay,Yay,Yay,Yay,Yay,Yay,Yay,Yay,Yay,Yay,Yay,Yay,Yay,Yay,Yay,Yay,Yay,Yay,Yay,Yay,Yay,Yay,Yay,Yay,Yay,Yay,Yay,Yay,Yay,Yay,Yay,Yay,Yay,Yay,Yay,Yay,Yay,Yay,Yay,Yay,Yay,Yay,Yay,Yay,Yay,Yay,Yay,Yay,Yay,Yay,Yay,Yay,Yay,Yay,Yay,Yay,Yay,Yay,Yay,Yay,Yay,Yay
Overly,Yay,Yay,NV,Yay,NV,Yay,Nay,Yay,Yay,Yay,Nay,NV,NV,NV,NV,Yay,Yay,NV,Yay,NV,Yay,NV,Nay,NV,NV,Yay,Nay,Yay,Yay,Yay,NV,Yay,Yay,NV,Yay,Yay,Yay,Nay,Yay,NV,Yay,Yay,Yay,Yay,Nay,Yay,Yay,Yay,Nay,Yay,Yay,Nay,Yay,NV,Nay,Nay,Yay,NV,Yay,Yay,Yay,Nay,Yay,Yay,Yay,Yay,Yay,Yay,Yay,Nay,NV,Yay,Yay,Yay,Yay
Owens,Yay,NV,Nay,NV,NV,Yay,Nay,Yay,NV,Yay,NV,Yay,Yay,Yay,Yay,Yay,NV,Yay,Yay,Nay,Yay,Yay,Nay,Nay,Yay,Yay,Nay,Yay,Yay,Yay,NV,NV,Yay,Yay,Yay,NV,Yay,Yay,Yay,Yay,Yay,Nay,Yay,NV,Nay,NV,Yay,NV,NV,Yay,Yay,Nay,Yay,NV,Nay,Yay,Yay,Nay,NV,Yay,Yay,NV,NV,Nay,Yay,NV,Yay,NV,Yay,NV,Yay,NV,Yay,Yay,Yay
Palumbo,Yay,Yay,Yay,Yay,Yay,Yay,Nay,Yay,NV,Yay,Yay,Yay,Yay,Yay,Yay,Yay,Yay,Yay,Yay,Yay,Yay,Yay,Nay,Nay,Yay,Yay,Nay,Yay,Yay,Yay,Yay,Yay,Yay,Yay,NV,NV,Yay,Nay,Yay,Yay,Yay,NV,Yay,NV,Yay,Yay,Yay,NV,Nay,NV,Yay,Nay,NV,NV,Yay,Yay,Yay,Nay,NV,Yay,Yay,Yay,Yay,Yay,Yay,NV,NV,Yay,Yay,Nay,Yay,Yay,Yay,Yay,Yay
Petrie,Yay,Yay,Yay,Yay,Yay,Yay,Yay,Yay,Yay,Yay,Yay,Yay,Yay,Yay,Yay,Yay,Yay,Yay,Yay,Yay,Yay,Yay,Yay,Yay,NV,Yay,Yay,Yay,Yay,Yay,Yay,Yay,Yay,Yay,Yay,Yay,Yay,Yay,Yay,Yay,Yay,Yay,Yay,Yay,Yay,Yay,Yay,Yay,Yay,Yay,Yay,Yay,Yay,Yay,Yay,Yay,Yay,Yay,Yay,Yay,Yay,Yay,Yay,Yay,Yay,Yay,Yay,Yay,Yay,Yay,Yay,Yay,Yay,Yay,Yay
Pratt,Yay,Yay,Yay,Yay,Yay,Yay,Yay,Yay,Yay,Yay,Yay,Yay,Yay,Yay,Yay,Yay,Yay,Yay,Yay,Yay,NV,Yay,Yay,Yay,Yay,Yay,Yay,Yay,Yay,Yay,Yay,Yay,Yay,Yay,Yay,Yay,Yay,Yay,Yay,Yay,Yay,Yay,Yay,Yay,Yay,Yay,Yay,Yay,NV,Yay,Yay,Yay,Yay,Yay,Yay,Yay,Yay,Yay,Yay,Yay,Yay,Yay,Yay,Yay,Yay,Yay,Yay,Yay,Yay,Yay,Yay,Abs,Yay,Yay,Yay
Prunty,Yay,Yay,Yay,Yay,Yay,Yay,Yay,Yay,Yay,Yay,Yay,Yay,Yay,Yay,Yay,Yay,Yay,Yay,Yay,Nay,Yay,Yay,Yay,Yay,Yay,Yay,Yay,Yay,Yay,Yay,Yay,NV,Yay,Yay,Yay,Yay,Yay,Yay,Yay,Yay,Yay,Yay,Yay,Yay,Yay,Yay,Yay,Yay,Yay,Yay,Yay,Yay,Yay,Yay,Yay,Yay,Yay,Yay,Yay,Yay,Yay,NV,Yay,Yay,Yay,Yay,Yay,Yay,Yay,Yay,Yay,Yay,Yay,Yay,Yay
Rader,NV,NV,NV,NV,NV,NV,NV,NV,NV,NV,NV,NV,NV,NV,NV,NV,NV,NV,NV,NV,NV,NV,NV,NV,NV,NV,NV,NV,NV,NV,NV,NV,NV,NV,NV,NV,NV,NV,NV,NV,NV,NV,NV,NV,NV,NV,NV,NV,NV,NV,NV,NV,NV,NV,NV,NV,NV,NV,NV,NV,NV,NV,NV,NV,NV,NV,NV,NV,NV,NV,NV,NV,NV,NV,NV
Rand,Yay,Yay,Yay,NV,NV,Yay,Nay,Yay,Yay,Yay,Nay,Yay,Yay,Yay,Yay,Yay,Yay,Yay,Yay,Nay,Yay,Yay,NV,Nay,Yay,Yay,Nay,Yay,Yay,Yay,Yay,NV,Yay,Yay,Yay,Yay,Yay,Nay,Yay,Yay,Yay,Yay,Yay,NV,Yay,Yay,Yay,Yay,NV,NV,Yay,Nay,Yay,Yay,Yay,Nay,Yay,Nay,Yay,Yay,NV,NV,Yay,Yay,Yay,Yay,Yay,Yay,Yay,Nay,Yay,Yay,Yay,Yay,Yay
Reed,Yay,Yay,Yay,Yay,Yay,Yay,Yay,Yay,Yay,Yay,Yay,Yay,Yay,Yay,Yay,Yay,Yay,Yay,Yay,Yay,Yay,Yay,Yay,Yay,Yay,Yay,Nay,Yay,Yay,Yay,Yay,Yay,Yay,Yay,Yay,Yay,Yay,Yay,Yay,Yay,Yay,Yay,Yay,Yay,Yay,Yay,Yay,Yay,Yay,Yay,Yay,Yay,Yay,Yay,Yay,Yay,Yay,Yay,Yay,Yay,Yay,Yay,Yay,Yay,Yay,Yay,Yay,Yay,Yay,Yay,Yay,Yay,Yay,Yay,Yay
Richards,Yay,Yay,Yay,Yay,Yay,Yay,Nay,Yay,Yay,Yay,Yay,Yay,Yay,Yay,Yay,Yay,Yay,Yay,Yay,Nay,Yay,Yay,Yay,Nay,Yay,Yay,Yay,Yay,Yay,Yay,Yay,Yay,Yay,Yay,Yay,Yay,Yay,Yay,Yay,Yay,Yay,Nay,Yay,NV,Yay,Yay,Yay,Yay,Nay,Yay,Yay,Nay,Yay,Yay,NV,Yay,Yay,Yay,Yay,Yay,Yay,Yay,Yay,Yay,Yay,Yay,Yay,Yay,Yay,Nay,Yay,Yay,Yay,Yay,Yay
Riggs,Yay,Yay,Yay,Yay,Yay,Yay,Nay,Yay,Yay,Yay,Yay,Yay,Yay,NV,Yay,Yay,Yay,Yay,Yay,Nay,Yay,Yay,Yay,Nay,Yay,Yay,Yay,Yay,NV,Yay,Yay,Yay,Yay,Yay,NV,Yay,Yay,Yay,Yay,Yay,NV,NV,Yay,Yay,Nay,Yay,Yay,Yay,Yay,NV,NV,NV,NV,Yay,Yay,NV,NV,NV,Yay,Yay,NV,Nay,Yay,Yay,NV,Yay,NV,Yay,NV,Yay,Yay,Yay,Yay,NV,Yay
Riley,Yay,Yay,Yay,Yay,Yay,Yay,NV,Yay,Yay,Yay,Yay,Yay,Yay,Yay,Yay,Yay,Yay,Yay,Yay,Yay,Yay,Yay,Yay,Yay,Yay,Yay,Yay,Yay,Yay,Yay,Yay,Yay,Yay,Yay,Yay,Yay,Yay,Yay,Yay,Yay,Yay,Yay,Yay,Yay,Yay,Yay,Yay,Yay,Yay,Yay,Yay,Yay,Yay,Yay,Yay,NV,Yay,Yay,Yay,Yay,Yay,Yay,Yay,Yay,Yay,NV,Yay,Yay,Yay,Nay,Yay,Yay,Yay,Yay,Yay
Rothenburger,Yay,Yay,Yay,Yay,Yay,Yay,Yay,Yay,NV,Yay,Yay,Yay,Yay,Yay,Yay,Yay,Yay,Yay,Yay,Yay,Yay,Yay,Yay,Yay,Yay,Yay,Yay,Yay,Yay,Yay,Yay,Yay,Yay,Yay,Yay,Yay,Yay,Yay,Yay,Yay,Yay,Yay,Yay,Yay,Yay,Yay,Yay,Yay,Yay,Yay,Yay,Yay,Yay,Yay,Yay,Yay,Yay,Yay,Yay,Yay,Yay,Yay,Yay,Yay,Yay,Yay,Yay,Yay,Yay,Yay,Yay,Yay,Yay,Yay,Yay
Rowland,Yay,Yay,Yay,Yay,Yay,Yay,NV,Yay,Yay,Yay,Yay,Yay,Yay,Yay,Yay,Yay,Yay,Yay,Yay,Yay,Yay,Yay,Yay,Yay,Yay,Yay,Yay,Yay,Yay,Yay,Yay,NV,Yay,Yay,Yay,Yay,Yay,Yay,Yay,Yay,Yay,Yay,Yay,Yay,Yay,Yay,Yay,Yay,Yay,Yay,Yay,Yay,Yay,Yay,Yay,Yay,Yay,Yay,Yay,Yay,Yay,Yay,Yay,Yay,Yay,Yay,Yay,Yay,Yay,Nay,Yay,Yay,Yay,Yay,NV
Rudy,Yay,Yay,Yay,Yay,Yay,Yay,Yay,Yay,Yay,Yay,Yay,Yay,Yay,Yay,Yay,Yay,Yay,Yay,Yay,Yay,Yay,Yay,Yay,Yay,Yay,Yay,Yay,Yay,Yay,Yay,Nay,Yay,Yay,Yay,Yay,Yay,Yay,Yay,NV,Yay,Yay,Yay,Yay,Yay,Yay,Yay,Yay,Yay,Yay,Yay,Yay,Yay,Yay,Yay,NV,Yay,Yay,Yay,Yay,Yay,Yay,Yay,Yay,Yay,Yay,Yay,Yay,Yay,Yay,NV,Yay,Yay,Yay,Yay,Yay
Santoro,Yay,Yay,Yay,Yay,Yay,Yay,Yay,Yay,Yay,Yay,Yay,Yay,Yay,Yay,Yay,Yay,Yay,Yay,Yay,Yay,Yay,Yay,Yay,Yay,Yay,Yay,Yay,Yay,Yay,Yay,Yay,Yay,Yay,Yay,Yay,Yay,Yay,Yay,Yay,Yay,Yay,Yay,Yay,Yay,Yay,Yay,Yay,Yay,Yay,Yay,Yay,Yay,Yay,Yay,Yay,Yay,Yay,Yay,Yay,Yay,Yay,Yay,Yay,Yay,Yay,Yay,Yay,Yay,Yay,Nay,Yay,Yay,Yay,Yay,Yay
Schamore,Yay,Yay,Yay,Yay,Yay,Yay,Nay,Yay,Yay,Yay,Yay,Yay,Yay,Yay,Yay,Yay,Yay,Yay,Yay,Nay,Yay,Yay,Yay,Nay,Yay,Yay,Yay,Yay,Yay,Yay,Yay,NV,Yay,Yay,Yay,Yay,Yay,Yay,Yay,Yay,Yay,Yay,Yay,Yay,Yay,Yay,Yay,Yay,Nay,Yay,Yay,Nay,Yay,Yay,Yay,Yay,Yay,Yay,Yay,Yay,Yay,Yay,Yay,Yay,Yay,NV,Yay,Yay,Yay,NV,Yay,Yay,Yay,Yay,Yay
Scott,Yay,Yay,Nay,NV,Yay,Yay,Nay,Yay,Yay,Yay,Nay,Yay,Yay,NV,Yay,Yay,NV,Yay,Yay,Nay,Yay,Yay,Yay,Nay,Yay,Yay,Nay,NV,Yay,Yay,NV,NV,Yay,Nay,Nay,NV,Yay,NV,Yay,Yay,Yay,Yay,Yay,NV,NV,Nay,NV,Yay,NV,Yay,Yay,Nay,Yay,NV,Yay,Yay,Yay,Nay,Yay,Yay,Yay,NV,Yay,NV,Yay,Yay,Yay,Yay,Yay,Nay,Yay,Nay,Yay,Yay,Yay
Shell,Yay,Yay,Yay,Yay,Yay,Yay,Yay,Yay,Yay,Yay,Yay,Yay,Yay,Yay,Yay,Yay,Yay,Yay,Yay,Yay,Yay,Yay,Yay,Yay,Yay,Yay,Yay,Yay,Yay,Yay,Yay,Yay,Yay,Yay,Yay,Yay,Yay,Yay,Yay,Yay,Yay,Yay,Yay,Yay,Yay,Yay,Yay,Yay,Yay,Yay,Yay,Yay,Yay,Yay,Yay,Yay,Yay,Yay,Yay,Yay,Yay,Yay,Yay,Yay,Yay,Yay,Yay,Yay,Yay,Yay,Yay,Yay,Yay,Yay,Yay
Simpson,Yay,Yay,Nay,Yay,Yay,Yay,Nay,Yay,Yay,Yay,Yay,Yay,Yay,Yay,Yay,Yay,Yay,Yay,Yay,Nay,Yay,Yay,Nay,Nay,Yay,Yay,Nay,Yay,Yay,Yay,Yay,NV,Yay,Yay,Yay,Yay,Yay,Yay,Yay,Yay,Yay,Yay,Yay,Yay,Yay,Yay,Yay,Yay,NV,Yay,Yay,Nay,Yay,Yay,Yay,Yay,Yay,Nay,Yay,Yay,Yay,Yay,Yay,Yay,Yay,Yay,Yay,Yay,Yay,NV,Yay,Yay,Yay,Yay,Yay
Sims,Yay,Yay,Yay,Yay,Yay,Yay,Nay,Yay,Yay,Yay,Yay,Yay,Yay,Yay,Yay,Yay,Yay,Yay,Yay,Nay,Yay,Yay,Yay,Nay,Yay,Yay,Yay,Yay,Yay,Yay,Yay,Yay,Yay,Yay,NV,Yay,Yay,Yay,Yay,Yay,Yay,NV,Yay,Yay,Nay,Yay,Yay,Yay,Nay,NV,Yay,Nay,NV,Yay,Yay,Yay,Yay,Yay,Yay,Yay,Yay,NV,Yay,Yay,Yay,Yay,NV,Yay,Yay,Nay,Yay,Yay,Yay,Yay,Yay
Sinnette,Yay,Yay,Yay,Yay,Yay,NV,Nay,Yay,Yay,NV,Yay,Yay,Yay,NV,Yay,Yay,Yay,Yay,Yay,Nay,Yay,Yay,Yay,Nay,Yay,Yay,Nay,Yay,Yay,Yay,Yay,NV,NV,Yay,Yay,Yay,Yay,Yay,Yay,Yay,Yay,Yay,Yay,Yay,Nay,Yay,Yay,Yay,Nay,Yay,Yay,Nay,Yay,Yay,Yay,Yay,Yay,Nay,Yay,Yay,Yay,Nay,Yay,Yay,Yay,Yay,Yay,Yay,Yay,Yay,Yay,Yay,Yay,Yay,Yay
St. Onge,Yay,Yay,Yay,Yay,Yay,Yay,Yay,Yay,Yay,Yay,Yay,Yay,Yay,Yay,Yay,Yay,Yay,Yay,Yay,Yay,Yay,Yay,Yay,Yay,Yay,Yay,Yay,Yay,Yay,Yay,Yay,Yay,Yay,Yay,Yay,Yay,Yay,Yay,Yay,Yay,Yay,Yay,Yay,Yay,Yay,Yay,Yay,Yay,Yay,Yay,Yay,Yay,Yay,Yay,Yay,Yay,Yay,Yay,Yay,Yay,Yay,Yay,Yay,Yay,Yay,Yay,Yay,Yay,Yay,Yay,Yay,Yay,Yay,Yay,Yay
Stewart,Yay,Yay,Yay,Yay,Yay,Yay,Yay,Yay,Yay,Yay,Yay,Yay,Yay,Yay,Yay,Yay,Yay,Yay,Yay,Nay,Yay,Yay,Yay,Yay,Yay,Yay,Nay,Yay,Yay,Yay,Yay,Yay,Yay,Yay,Yay,Yay,Yay,Yay,Yay,Yay,Yay,Yay,Yay,Yay,Yay,Yay,Yay,Yay,Yay,Yay,Yay,Yay,Yay,Yay,Yay,Yay,Yay,Yay,Yay,Yay,Yay,Yay,Yay,Yay,Yay,Yay,Yay,Yay,Yay,Yay,Yay,Yay,Yay,Yay,Yay
Stone,Yay,Yay,Yay,Yay,Yay,Yay,Nay,NV,Yay,Yay,Yay,Yay,Yay,Yay,Yay,Yay,Yay,Yay,Yay,Nay,Yay,Yay,NV,Nay,Yay,Yay,Nay,NV,Yay,Yay,Yay,Yay,Yay,Yay,Yay,Yay,Yay,Yay,Yay,Yay,Yay,Yay,NV,Yay,NV,Yay,NV,Yay,Nay,Yay,Yay,Nay,Yay,Yay,Yay,Yay,Yay,Nay,Yay,Yay,Yay,NV,Yay,NV,Yay,Yay,Yay,Yay,Yay,Nay,Yay,Yay,NV,Yay,Yay
Thomas,Yay,Yay,Yay,Yay,Yay,Yay,Yay,Yay,Yay,Yay,Yay,Yay,Yay,Yay,Yay,Yay,Yay,Yay,Yay,Yay,Yay,Yay,Yay,Yay,Yay,Yay,Yay,Yay,Yay,Yay,Yay,Yay,Yay,Yay,Yay,Yay,Yay,Yay,Yay,Yay,Yay,Yay,Yay,Yay,Yay,Yay,Yay,Yay,Yay,Yay,Yay,Yay,Yay,Yay,Yay,Yay,Yay,Yay,Yay,Yay,Yay,Yay,Yay,Yay,Yay,Yay,Yay,Yay,Yay,Yay,Yay,Yay,Yay,Yay,Yay
Tipton,Yay,Yay,Yay,Yay,Yay,Yay,Yay,Yay,Yay,Yay,Yay,Yay,Yay,Yay,Yay,Yay,Yay,Yay,Yay,Yay,Yay,Yay,Yay,Yay,Yay,Yay,Yay,Yay,Yay,Yay,Yay,Yay,Yay,Yay,Yay,Yay,Yay,Yay,Yay,Yay,Yay,Yay,Yay,Yay,Yay,Yay,Yay,Yay,Yay,Yay,Yay,Nay,Yay,Yay,Yay,Yay,Yay,Yay,Yay,Yay,Yay,Yay,Yay,Yay,Yay,Yay,Yay,Yay,Yay,Yay,Yay,Yay,Yay,Yay,Yay
Turner,Yay,Yay,Yay,NV,Yay,Yay,Yay,Yay,Yay,Yay,Nay,Yay,Yay,Yay,Yay,Yay,Yay,Yay,Yay,Yay,Yay,Yay,Yay,Yay,Yay,Yay,Nay,Yay,Yay,Yay,Yay,NV,Yay,Yay,Yay,Yay,Yay,Yay,Yay,Yay,Yay,Yay,Yay,Yay,Yay,Yay,Yay,Yay,NV,Yay,Yay,Yay,Yay,Yay,Yay,Yay,Yay,Yay,Yay,Yay,Yay,NV,Yay,Yay,Yay,Yay,Yay,Yay,Yay,Yay,Yay,Yay,Yay,Yay,Yay
Upchurch,NV,Yay,Yay,Yay,Yay,Yay,Yay,Yay,Yay,Yay,Yay,Yay,Yay,Yay,Yay,Yay,Yay,Yay,Yay,Yay,Yay,Yay,Yay,Yay,Yay,Yay,Yay,Yay,Yay,Yay,Yay,Yay,Yay,Yay,Yay,Yay,Yay,Yay,Yay,Yay,Yay,Yay,Yay,Yay,Yay,Yay,Yay,Yay,Yay,Yay,Yay,Yay,Yay,Yay,Yay,Yay,Yay,Yay,Yay,Yay,Yay,Yay,Yay,Yay,Yay,Yay,Yay,Yay,Yay,Yay,Yay,Yay,Yay,Yay,NV
Watkins,Yay,Yay,Yay,NV,Yay,Yay,Nay,NV,Yay,Yay,Yay,Yay,NV,Yay,NV,Yay,Yay,NV,Yay,Yay,Yay,NV,NV,NV,Yay,Yay,Nay,NV,Yay,Yay,NV,NV,Yay,NV,NV,Yay,Yay,NV,Yay,NV,NV,NV,NV,NV,NV,Yay,NV,Yay,NV,NV,Yay,Nay,NV,NV,Yay,Yay,Yay,Yay,Yay,Yay,Yay,NV,Yay,NV,Yay,Yay,NV,Yay,Yay,Yay,NV,Yay,NV,Yay,Yay
Wayne,Yay,Yay,Nay,NV,Yay,Yay,Nay,Yay,Yay,Yay,Nay,Yay,Yay,Yay,Yay,Yay,Yay,Yay,Yay,Nay,Yay,Yay,Nay,Nay,Yay,Yay,Nay,Yay,Yay,Yay,Yay,NV,Yay,Yay,Yay,Yay,Yay,Nay,Yay,Yay,Yay,NV,Yay,NV,Yay,NV,Yay,Yay,NV,Yay,Yay,Nay,Yay,Nay,NV,Yay,Yay,Nay,Yay,NV,Yay,NV,Yay,Yay,Yay,Yay,Yay,Yay,Yay,Nay,Yay,Yay,Yay,Yay,Yay
Webber,Yay,Yay,Yay,Yay,Yay,Yay,Yay,Yay,Yay,Yay,Yay,Yay,Yay,Yay,Yay,Yay,Yay,Yay,Yay,Yay,Yay,Yay,Yay,Yay,Yay,Yay,Yay,Yay,Yay,Yay,Yay,Yay,Yay,Yay,Yay,Yay,Yay,Yay,Yay,Yay,Yay,Yay,Yay,Yay,Yay,Yay,Yay,Yay,Yay,Yay,Yay,Yay,Yay,Yay,Yay,Yay,Yay,Yay,Yay,Yay,Yay,Yay,Yay,Yay,Yay,Yay,Yay,Yay,Yay,Yay,Yay,Yay,Yay,Yay,Yay
Wells,Yay,Yay,Nay,Yay,Yay,Yay,Yay,Yay,Yay,Yay,Yay,Yay,Yay,Yay,Yay,Yay,Yay,Yay,Yay,Yay,NV,Yay,Yay,Yay,Yay,Yay,Yay,Yay,Yay,Yay,Yay,NV,Yay,Yay,NV,Yay,Yay,Yay,Yay,Yay,Yay,NV,Yay,NV,Yay,Yay,Yay,Yay,Yay,NV,Yay,Yay,NV,Yay,Yay,Yay,Yay,Yay,Yay,Yay,Yay,Yay,Yay,Yay,Yay,Yay,NV,Yay,Yay,Yay,Yay,Yay,Yay,Yay,Yay
Westrom,Yay,Yay,NV,Yay,Yay,Yay,Nay,Yay,NV,Yay,NV,Yay,Yay,Yay,Yay,Yay,Yay,Yay,Yay,NV,Yay,Yay,Yay,Nay,Yay,Yay,Nay,Yay,Yay,Yay,Yay,Yay,Yay,Yay,NV,NV,Yay,Nay,Yay,Yay,Yay,NV,Yay,Yay,NV,Yay,Yay,NV,Nay,NV,Yay,Nay,NV,Yay,Yay,Yay,Yay,NV,NV,Yay,Yay,Yay,Yay,Yay,Yay,NV,NV,Yay,Yay,Nay,Yay,Yay,Yay,Yay,Yay
Wuchner,Yay,Yay,Yay,Yay,Yay,Yay,Yay,Yay,Yay,Yay,Yay,Yay,Yay,Yay,Yay,Yay,Yay,Yay,Yay,Yay,Yay,Yay,Yay,Yay,Yay,Yay,Yay,Yay,Yay,Yay,Yay,Yay,Yay,Yay,Yay,Yay,Yay,Yay,Yay,Yay,Yay,Yay,Yay,Yay,Yay,Yay,Yay,Yay,Yay,Yay,Yay,Yay,Yay,Yay,Yay,Yay,Yay,Yay,Yay,Yay,Yay,Yay,Yay,Yay,Yay,Yay,Yay,Yay,Yay,NV,Yay,Yay,Yay,Yay,Yay
York,Yay,Yay,Yay,Yay,Yay,Yay,Nay,Yay,Yay,Yay,Yay,Yay,Yay,Yay,Yay,Yay,Yay,Yay,Yay,Yay,Yay,Yay,Yay,Yay,Yay,Yay,Nay,Yay,Yay,Yay,Yay,Yay,Yay,Yay,Yay,Yay,Yay,Yay,Yay,Yay,Yay,Yay,Yay,Yay,Yay,Yay,Yay,Yay,Nay,Yay,Yay,Nay,Yay,Yay,Yay,Yay,Yay,Yay,Yay,Yay,Yay,Yay,Yay,Yay,Yay,Yay,Yay,Yay,Yay,Nay,Yay,Yay,Yay,Yay,Yay
